[0.148s] Invoking command in '/home/elizabeth/MREN203_Trover/build/trover_description': CMAKE_PREFIX_PATH=${CMAKE_PREFIX_PATH}:/home/elizabeth/MREN203_Trover/install/trover_state_estimation:/home/elizabeth/MREN203_Trover/install/trover_slam:/home/elizabeth/MREN203_Trover/install/trover_navigation:/home/elizabeth/MREN203_Trover/install/trover_communication:/opt/ros/humble /usr/bin/cmake --build /home/elizabeth/MREN203_Trover/build/trover_description -- -j2 -l2
[0.919s] Invoked command in '/home/elizabeth/MREN203_Trover/build/trover_description' returned '0': CMAKE_PREFIX_PATH=${CMAKE_PREFIX_PATH}:/home/elizabeth/MREN203_Trover/install/trover_state_estimation:/home/elizabeth/MREN203_Trover/install/trover_slam:/home/elizabeth/MREN203_Trover/install/trover_navigation:/home/elizabeth/MREN203_Trover/install/trover_communication:/opt/ros/humble /usr/bin/cmake --build /home/elizabeth/MREN203_Trover/build/trover_description -- -j2 -l2
[0.977s] Invoking command in '/home/elizabeth/MREN203_Trover/build/trover_description': CMAKE_PREFIX_PATH=${CMAKE_PREFIX_PATH}:/home/elizabeth/MREN203_Trover/install/trover_state_estimation:/home/elizabeth/MREN203_Trover/install/trover_slam:/home/elizabeth/MREN203_Trover/install/trover_navigation:/home/elizabeth/MREN203_Trover/install/trover_communication:/opt/ros/humble /usr/bin/cmake --install /home/elizabeth/MREN203_Trover/build/trover_description
[1.012s] -- Install configuration: ""
[1.018s] -- Up-to-date: /home/elizabeth/MREN203_Trover/install/trover_description/share/trover_description/urdf
[1.018s] -- Up-to-date: /home/elizabeth/MREN203_Trover/install/trover_description/share/trover_description/urdf/trover_description.urdf.xacro
[1.018s] -- Up-to-date: /home/elizabeth/MREN203_Trover/install/trover_description/share/trover_description/launch
[1.019s] -- Up-to-date: /home/elizabeth/MREN203_Trover/install/trover_description/share/trover_description/launch/test_sensors.launch.py
[1.019s] -- Up-to-date: /home/elizabeth/MREN203_Trover/install/trover_description/share/trover_description/launch/display.launch.py
[1.019s] -- Up-to-date: /home/elizabeth/MREN203_Trover/install/trover_description/share/trover_description/launch/gazebo.launch.py
[1.019s] -- Up-to-date: /home/elizabeth/MREN203_Trover/install/trover_description/share/trover_description/rviz
[1.019s] -- Up-to-date: /home/elizabeth/MREN203_Trover/install/trover_description/share/trover_description/rviz/default.rviz
[1.019s] -- Up-to-date: /home/elizabeth/MREN203_Trover/install/trover_description/share/trover_description/rviz/default_nav.rviz
[1.019s] -- Up-to-date: /home/elizabeth/MREN203_Trover/install/trover_description/share/trover_description/worlds
[1.020s] -- Up-to-date: /home/elizabeth/MREN203_Trover/install/trover_description/share/trover_description/worlds/launch
[1.020s] -- Up-to-date: /home/elizabeth/MREN203_Trover/install/trover_description/share/trover_description/worlds/launch/small_house.launch
[1.020s] -- Up-to-date: /home/elizabeth/MREN203_Trover/install/trover_description/share/trover_description/worlds/launch/view_small_house.launch
[1.020s] -- Up-to-date: /home/elizabeth/MREN203_Trover/install/trover_description/share/trover_description/worlds/worlds
[1.021s] -- Up-to-date: /home/elizabeth/MREN203_Trover/install/trover_description/share/trover_description/worlds/worlds/small_house.world
[1.021s] -- Up-to-date: /home/elizabeth/MREN203_Trover/install/trover_description/share/trover_description/worlds/maps
[1.022s] -- Up-to-date: /home/elizabeth/MREN203_Trover/install/trover_description/share/trover_description/worlds/maps/turtlebot3_waffle_pi
[1.022s] -- Up-to-date: /home/elizabeth/MREN203_Trover/install/trover_description/share/trover_description/worlds/maps/turtlebot3_waffle_pi/map.yaml
[1.023s] -- Up-to-date: /home/elizabeth/MREN203_Trover/install/trover_description/share/trover_description/worlds/maps/turtlebot3_waffle_pi/map.pgm
[1.023s] -- Up-to-date: /home/elizabeth/MREN203_Trover/install/trover_description/share/trover_description/worlds/photos
[1.024s] -- Up-to-date: /home/elizabeth/MREN203_Trover/install/trover_description/share/trover_description/worlds/photos/DeskPortraitD_03.jpg
[1.024s] -- Up-to-date: /home/elizabeth/MREN203_Trover/install/trover_description/share/trover_description/worlds/photos/DeskPortraitB_01.jpg
[1.024s] -- Up-to-date: /home/elizabeth/MREN203_Trover/install/trover_description/share/trover_description/worlds/photos/PortraitD_01.jpg
[1.025s] -- Up-to-date: /home/elizabeth/MREN203_Trover/install/trover_description/share/trover_description/worlds/photos/DeskPortraitC_01.jpg
[1.025s] -- Up-to-date: /home/elizabeth/MREN203_Trover/install/trover_description/share/trover_description/worlds/photos/PortraitD_02.jpg
[1.025s] -- Up-to-date: /home/elizabeth/MREN203_Trover/install/trover_description/share/trover_description/worlds/photos/PortraitA_01.jpg
[1.025s] -- Up-to-date: /home/elizabeth/MREN203_Trover/install/trover_description/share/trover_description/worlds/photos/DeskPortraitB_02.jpg
[1.026s] -- Up-to-date: /home/elizabeth/MREN203_Trover/install/trover_description/share/trover_description/worlds/photos/PortraitB_02.jpg
[1.026s] -- Up-to-date: /home/elizabeth/MREN203_Trover/install/trover_description/share/trover_description/worlds/photos/PortraitB_01.jpg
[1.026s] -- Up-to-date: /home/elizabeth/MREN203_Trover/install/trover_description/share/trover_description/worlds/photos/PortraitB_03.jpg
[1.026s] -- Up-to-date: /home/elizabeth/MREN203_Trover/install/trover_description/share/trover_description/worlds/photos/DeskPortraitA_02.jpg
[1.026s] -- Up-to-date: /home/elizabeth/MREN203_Trover/install/trover_description/share/trover_description/worlds/photos/DeskPortraitC_02.jpg
[1.027s] -- Up-to-date: /home/elizabeth/MREN203_Trover/install/trover_description/share/trover_description/worlds/photos/DeskPortraitD_04.jpg
[1.027s] -- Up-to-date: /home/elizabeth/MREN203_Trover/install/trover_description/share/trover_description/worlds/photos/PortraitE_01.jpg
[1.027s] -- Up-to-date: /home/elizabeth/MREN203_Trover/install/trover_description/share/trover_description/worlds/photos/DeskPortraitD_01.jpg
[1.027s] -- Up-to-date: /home/elizabeth/MREN203_Trover/install/trover_description/share/trover_description/worlds/photos/DeskPortraitD_02.jpg
[1.029s] -- Up-to-date: /home/elizabeth/MREN203_Trover/install/trover_description/share/trover_description/worlds/photos/PortraitC_01.jpg
[1.029s] -- Up-to-date: /home/elizabeth/MREN203_Trover/install/trover_description/share/trover_description/worlds/photos/DeskPortraitA_01.jpg
[1.029s] -- Up-to-date: /home/elizabeth/MREN203_Trover/install/trover_description/share/trover_description/worlds/photos/PortraitE_02.jpg
[1.029s] -- Up-to-date: /home/elizabeth/MREN203_Trover/install/trover_description/share/trover_description/worlds/photos/PortraitA_02.jpg
[1.029s] -- Up-to-date: /home/elizabeth/MREN203_Trover/install/trover_description/share/trover_description/worlds/CMakeLists.txt
[1.030s] -- Up-to-date: /home/elizabeth/MREN203_Trover/install/trover_description/share/trover_description/worlds/README.md
[1.030s] -- Up-to-date: /home/elizabeth/MREN203_Trover/install/trover_description/share/trover_description/worlds/CONTRIBUTING.md
[1.030s] -- Up-to-date: /home/elizabeth/MREN203_Trover/install/trover_description/share/trover_description/worlds/CODE_OF_CONDUCT.md
[1.030s] -- Up-to-date: /home/elizabeth/MREN203_Trover/install/trover_description/share/trover_description/worlds/models
[1.031s] -- Up-to-date: /home/elizabeth/MREN203_Trover/install/trover_description/share/trover_description/worlds/models/aws_robomaker_residential_RoomWall_01
[1.031s] -- Up-to-date: /home/elizabeth/MREN203_Trover/install/trover_description/share/trover_description/worlds/models/aws_robomaker_residential_RoomWall_01/model.sdf
[1.032s] -- Up-to-date: /home/elizabeth/MREN203_Trover/install/trover_description/share/trover_description/worlds/models/aws_robomaker_residential_RoomWall_01/materials
[1.032s] -- Up-to-date: /home/elizabeth/MREN203_Trover/install/trover_description/share/trover_description/worlds/models/aws_robomaker_residential_RoomWall_01/materials/textures
[1.032s] -- Up-to-date: /home/elizabeth/MREN203_Trover/install/trover_description/share/trover_description/worlds/models/aws_robomaker_residential_RoomWall_01/materials/textures/aws_RoomWall_01.png
[1.033s] -- Up-to-date: /home/elizabeth/MREN203_Trover/install/trover_description/share/trover_description/worlds/models/aws_robomaker_residential_RoomWall_01/model.config
[1.033s] -- Up-to-date: /home/elizabeth/MREN203_Trover/install/trover_description/share/trover_description/worlds/models/aws_robomaker_residential_RoomWall_01/meshes
[1.033s] -- Up-to-date: /home/elizabeth/MREN203_Trover/install/trover_description/share/trover_description/worlds/models/aws_robomaker_residential_RoomWall_01/meshes/aws_RoomWall_01_visual.DAE
[1.033s] -- Up-to-date: /home/elizabeth/MREN203_Trover/install/trover_description/share/trover_description/worlds/models/aws_robomaker_residential_RoomWall_01/meshes/aws_RoomWall_01_collision.DAE
[1.034s] -- Up-to-date: /home/elizabeth/MREN203_Trover/install/trover_description/share/trover_description/worlds/models/aws_robomaker_residential_TVCabinet_01
[1.034s] -- Up-to-date: /home/elizabeth/MREN203_Trover/install/trover_description/share/trover_description/worlds/models/aws_robomaker_residential_TVCabinet_01/model.sdf
[1.035s] -- Up-to-date: /home/elizabeth/MREN203_Trover/install/trover_description/share/trover_description/worlds/models/aws_robomaker_residential_TVCabinet_01/materials
[1.035s] -- Up-to-date: /home/elizabeth/MREN203_Trover/install/trover_description/share/trover_description/worlds/models/aws_robomaker_residential_TVCabinet_01/materials/textures
[1.035s] -- Up-to-date: /home/elizabeth/MREN203_Trover/install/trover_description/share/trover_description/worlds/models/aws_robomaker_residential_TVCabinet_01/materials/textures/aws_TVCabinet_01.png
[1.036s] -- Up-to-date: /home/elizabeth/MREN203_Trover/install/trover_description/share/trover_description/worlds/models/aws_robomaker_residential_TVCabinet_01/model.config
[1.036s] -- Up-to-date: /home/elizabeth/MREN203_Trover/install/trover_description/share/trover_description/worlds/models/aws_robomaker_residential_TVCabinet_01/meshes
[1.036s] -- Up-to-date: /home/elizabeth/MREN203_Trover/install/trover_description/share/trover_description/worlds/models/aws_robomaker_residential_TVCabinet_01/meshes/aws_TVCabinet_01_visual.DAE
[1.037s] -- Up-to-date: /home/elizabeth/MREN203_Trover/install/trover_description/share/trover_description/worlds/models/aws_robomaker_residential_TVCabinet_01/meshes/aws_TVCabinet_01_collision.DAE
[1.037s] -- Up-to-date: /home/elizabeth/MREN203_Trover/install/trover_description/share/trover_description/worlds/models/aws_robomaker_residential_PortraitD_01
[1.038s] -- Up-to-date: /home/elizabeth/MREN203_Trover/install/trover_description/share/trover_description/worlds/models/aws_robomaker_residential_PortraitD_01/model.sdf
[1.038s] -- Up-to-date: /home/elizabeth/MREN203_Trover/install/trover_description/share/trover_description/worlds/models/aws_robomaker_residential_PortraitD_01/materials
[1.039s] -- Up-to-date: /home/elizabeth/MREN203_Trover/install/trover_description/share/trover_description/worlds/models/aws_robomaker_residential_PortraitD_01/materials/textures
[1.039s] -- Up-to-date: /home/elizabeth/MREN203_Trover/install/trover_description/share/trover_description/worlds/models/aws_robomaker_residential_PortraitD_01/materials/textures/PortraitD_01.jpg
[1.039s] -- Up-to-date: /home/elizabeth/MREN203_Trover/install/trover_description/share/trover_description/worlds/models/aws_robomaker_residential_PortraitD_01/materials/textures/aws_PortraitD_02.png
[1.040s] -- Up-to-date: /home/elizabeth/MREN203_Trover/install/trover_description/share/trover_description/worlds/models/aws_robomaker_residential_PortraitD_01/materials/textures/aws_PortraitD_01.png
[1.040s] -- Up-to-date: /home/elizabeth/MREN203_Trover/install/trover_description/share/trover_description/worlds/models/aws_robomaker_residential_PortraitD_01/model.config
[1.040s] -- Up-to-date: /home/elizabeth/MREN203_Trover/install/trover_description/share/trover_description/worlds/models/aws_robomaker_residential_PortraitD_01/meshes
[1.040s] -- Up-to-date: /home/elizabeth/MREN203_Trover/install/trover_description/share/trover_description/worlds/models/aws_robomaker_residential_PortraitD_01/meshes/aws_PortraitD_01_collision.DAE
[1.046s] -- Up-to-date: /home/elizabeth/MREN203_Trover/install/trover_description/share/trover_description/worlds/models/aws_robomaker_residential_PortraitD_01/meshes/aws_PortraitD_01_visual.DAE
[1.058s] -- Up-to-date: /home/elizabeth/MREN203_Trover/install/trover_description/share/trover_description/worlds/models/aws_robomaker_residential_Chandelier_01
[1.063s] -- Up-to-date: /home/elizabeth/MREN203_Trover/install/trover_description/share/trover_description/worlds/models/aws_robomaker_residential_Chandelier_01/model.sdf
[1.063s] -- Up-to-date: /home/elizabeth/MREN203_Trover/install/trover_description/share/trover_description/worlds/models/aws_robomaker_residential_Chandelier_01/materials
[1.063s] -- Up-to-date: /home/elizabeth/MREN203_Trover/install/trover_description/share/trover_description/worlds/models/aws_robomaker_residential_Chandelier_01/materials/textures
[1.063s] -- Up-to-date: /home/elizabeth/MREN203_Trover/install/trover_description/share/trover_description/worlds/models/aws_robomaker_residential_Chandelier_01/materials/textures/aws_Chandelier_01.png
[1.063s] -- Up-to-date: /home/elizabeth/MREN203_Trover/install/trover_description/share/trover_description/worlds/models/aws_robomaker_residential_Chandelier_01/model.config
[1.064s] -- Up-to-date: /home/elizabeth/MREN203_Trover/install/trover_description/share/trover_description/worlds/models/aws_robomaker_residential_Chandelier_01/meshes
[1.064s] -- Up-to-date: /home/elizabeth/MREN203_Trover/install/trover_description/share/trover_description/worlds/models/aws_robomaker_residential_Chandelier_01/meshes/aws_Chandelier_01.DAE
[1.064s] -- Up-to-date: /home/elizabeth/MREN203_Trover/install/trover_description/share/trover_description/worlds/models/aws_robomaker_residential_Chandelier_01/meshes/aws_Chandelier_01_collision.DAE
[1.064s] -- Up-to-date: /home/elizabeth/MREN203_Trover/install/trover_description/share/trover_description/worlds/models/aws_robomaker_residential_Chandelier_01/meshes/aws_Chandelier_01_visual.DAE
[1.064s] -- Up-to-date: /home/elizabeth/MREN203_Trover/install/trover_description/share/trover_description/worlds/models/aws_robomaker_residential_AirconditionerB_01
[1.064s] -- Up-to-date: /home/elizabeth/MREN203_Trover/install/trover_description/share/trover_description/worlds/models/aws_robomaker_residential_AirconditionerB_01/model.sdf
[1.064s] -- Up-to-date: /home/elizabeth/MREN203_Trover/install/trover_description/share/trover_description/worlds/models/aws_robomaker_residential_AirconditionerB_01/materials
[1.064s] -- Up-to-date: /home/elizabeth/MREN203_Trover/install/trover_description/share/trover_description/worlds/models/aws_robomaker_residential_AirconditionerB_01/materials/textures
[1.064s] -- Up-to-date: /home/elizabeth/MREN203_Trover/install/trover_description/share/trover_description/worlds/models/aws_robomaker_residential_AirconditionerB_01/materials/textures/aws_AirconditionerB_01.png
[1.064s] -- Up-to-date: /home/elizabeth/MREN203_Trover/install/trover_description/share/trover_description/worlds/models/aws_robomaker_residential_AirconditionerB_01/model.config
[1.064s] -- Up-to-date: /home/elizabeth/MREN203_Trover/install/trover_description/share/trover_description/worlds/models/aws_robomaker_residential_AirconditionerB_01/meshes
[1.065s] -- Up-to-date: /home/elizabeth/MREN203_Trover/install/trover_description/share/trover_description/worlds/models/aws_robomaker_residential_AirconditionerB_01/meshes/aws_AirconditionerB_01_collision.DAE
[1.065s] -- Up-to-date: /home/elizabeth/MREN203_Trover/install/trover_description/share/trover_description/worlds/models/aws_robomaker_residential_AirconditionerB_01/meshes/aws_AirconditionerB_01_visual.DAE
[1.065s] -- Up-to-date: /home/elizabeth/MREN203_Trover/install/trover_description/share/trover_description/worlds/models/aws_robomaker_residential_SecurityCamera_01
[1.065s] -- Up-to-date: /home/elizabeth/MREN203_Trover/install/trover_description/share/trover_description/worlds/models/aws_robomaker_residential_SecurityCamera_01/model.sdf
[1.065s] -- Up-to-date: /home/elizabeth/MREN203_Trover/install/trover_description/share/trover_description/worlds/models/aws_robomaker_residential_SecurityCamera_01/materials
[1.065s] -- Up-to-date: /home/elizabeth/MREN203_Trover/install/trover_description/share/trover_description/worlds/models/aws_robomaker_residential_SecurityCamera_01/materials/textures
[1.065s] -- Up-to-date: /home/elizabeth/MREN203_Trover/install/trover_description/share/trover_description/worlds/models/aws_robomaker_residential_SecurityCamera_01/materials/textures/aws_SecurityCamera_01.png
[1.065s] -- Up-to-date: /home/elizabeth/MREN203_Trover/install/trover_description/share/trover_description/worlds/models/aws_robomaker_residential_SecurityCamera_01/model.config
[1.065s] -- Up-to-date: /home/elizabeth/MREN203_Trover/install/trover_description/share/trover_description/worlds/models/aws_robomaker_residential_SecurityCamera_01/meshes
[1.065s] -- Up-to-date: /home/elizabeth/MREN203_Trover/install/trover_description/share/trover_description/worlds/models/aws_robomaker_residential_SecurityCamera_01/meshes/aws_SecurityCamera_01_visual.DAE
[1.065s] -- Up-to-date: /home/elizabeth/MREN203_Trover/install/trover_description/share/trover_description/worlds/models/aws_robomaker_residential_SecurityCamera_01/meshes/aws_SecurityCamera_01_collision.DAE
[1.065s] -- Up-to-date: /home/elizabeth/MREN203_Trover/install/trover_description/share/trover_description/worlds/models/aws_robomaker_residential_RoomCeiling_01
[1.065s] -- Up-to-date: /home/elizabeth/MREN203_Trover/install/trover_description/share/trover_description/worlds/models/aws_robomaker_residential_RoomCeiling_01/model.sdf
[1.065s] -- Up-to-date: /home/elizabeth/MREN203_Trover/install/trover_description/share/trover_description/worlds/models/aws_robomaker_residential_RoomCeiling_01/materials
[1.066s] -- Up-to-date: /home/elizabeth/MREN203_Trover/install/trover_description/share/trover_description/worlds/models/aws_robomaker_residential_RoomCeiling_01/materials/textures
[1.066s] -- Up-to-date: /home/elizabeth/MREN203_Trover/install/trover_description/share/trover_description/worlds/models/aws_robomaker_residential_RoomCeiling_01/materials/textures/aws_RoomCeiling_01.png
[1.066s] -- Up-to-date: /home/elizabeth/MREN203_Trover/install/trover_description/share/trover_description/worlds/models/aws_robomaker_residential_RoomCeiling_01/model.config
[1.066s] -- Up-to-date: /home/elizabeth/MREN203_Trover/install/trover_description/share/trover_description/worlds/models/aws_robomaker_residential_RoomCeiling_01/meshes
[1.066s] -- Up-to-date: /home/elizabeth/MREN203_Trover/install/trover_description/share/trover_description/worlds/models/aws_robomaker_residential_RoomCeiling_01/meshes/aws_RoomCeiling_01_visual.DAE
[1.066s] -- Up-to-date: /home/elizabeth/MREN203_Trover/install/trover_description/share/trover_description/worlds/models/aws_robomaker_residential_RoomCeiling_01/meshes/aws_RoomCeiling_01_collision.DAE
[1.066s] -- Up-to-date: /home/elizabeth/MREN203_Trover/install/trover_description/share/trover_description/worlds/models/aws_robomaker_residential_DeskPortraitC_01
[1.066s] -- Up-to-date: /home/elizabeth/MREN203_Trover/install/trover_description/share/trover_description/worlds/models/aws_robomaker_residential_DeskPortraitC_01/model.sdf
[1.066s] -- Up-to-date: /home/elizabeth/MREN203_Trover/install/trover_description/share/trover_description/worlds/models/aws_robomaker_residential_DeskPortraitC_01/materials
[1.066s] -- Up-to-date: /home/elizabeth/MREN203_Trover/install/trover_description/share/trover_description/worlds/models/aws_robomaker_residential_DeskPortraitC_01/materials/textures
[1.066s] -- Up-to-date: /home/elizabeth/MREN203_Trover/install/trover_description/share/trover_description/worlds/models/aws_robomaker_residential_DeskPortraitC_01/materials/textures/DeskPortraitC_01.jpg
[1.076s] -- Up-to-date: /home/elizabeth/MREN203_Trover/install/trover_description/share/trover_description/worlds/models/aws_robomaker_residential_DeskPortraitC_01/materials/textures/aws_DeskPortraitC_01.png
[1.076s] -- Up-to-date: /home/elizabeth/MREN203_Trover/install/trover_description/share/trover_description/worlds/models/aws_robomaker_residential_DeskPortraitC_01/materials/textures/aws_DeskPortraitC_02.png
[1.076s] -- Up-to-date: /home/elizabeth/MREN203_Trover/install/trover_description/share/trover_description/worlds/models/aws_robomaker_residential_DeskPortraitC_01/model.config
[1.076s] -- Up-to-date: /home/elizabeth/MREN203_Trover/install/trover_description/share/trover_description/worlds/models/aws_robomaker_residential_DeskPortraitC_01/meshes
[1.076s] -- Up-to-date: /home/elizabeth/MREN203_Trover/install/trover_description/share/trover_description/worlds/models/aws_robomaker_residential_DeskPortraitC_01/meshes/aws_DeskPortraitC_01_collision.DAE
[1.076s] -- Up-to-date: /home/elizabeth/MREN203_Trover/install/trover_description/share/trover_description/worlds/models/aws_robomaker_residential_DeskPortraitC_01/meshes/aws_DeskPortraitC_01_visual.DAE
[1.076s] -- Up-to-date: /home/elizabeth/MREN203_Trover/install/trover_description/share/trover_description/worlds/models/aws_robomaker_residential_SofaC_01
[1.076s] -- Up-to-date: /home/elizabeth/MREN203_Trover/install/trover_description/share/trover_description/worlds/models/aws_robomaker_residential_SofaC_01/model.sdf
[1.076s] -- Up-to-date: /home/elizabeth/MREN203_Trover/install/trover_description/share/trover_description/worlds/models/aws_robomaker_residential_SofaC_01/materials
[1.077s] -- Up-to-date: /home/elizabeth/MREN203_Trover/install/trover_description/share/trover_description/worlds/models/aws_robomaker_residential_SofaC_01/materials/textures
[1.077s] -- Up-to-date: /home/elizabeth/MREN203_Trover/install/trover_description/share/trover_description/worlds/models/aws_robomaker_residential_SofaC_01/materials/textures/aws_SofaC_01.png
[1.077s] -- Up-to-date: /home/elizabeth/MREN203_Trover/install/trover_description/share/trover_description/worlds/models/aws_robomaker_residential_SofaC_01/model.config
[1.077s] -- Up-to-date: /home/elizabeth/MREN203_Trover/install/trover_description/share/trover_description/worlds/models/aws_robomaker_residential_SofaC_01/meshes
[1.077s] -- Up-to-date: /home/elizabeth/MREN203_Trover/install/trover_description/share/trover_description/worlds/models/aws_robomaker_residential_SofaC_01/meshes/aws_SofaC_01_visual.DAE
[1.077s] -- Up-to-date: /home/elizabeth/MREN203_Trover/install/trover_description/share/trover_description/worlds/models/aws_robomaker_residential_SofaC_01/meshes/aws_SofaC_01_collision.DAE
[1.077s] -- Up-to-date: /home/elizabeth/MREN203_Trover/install/trover_description/share/trover_description/worlds/models/aws_robomaker_residential_ChairD_01
[1.077s] -- Up-to-date: /home/elizabeth/MREN203_Trover/install/trover_description/share/trover_description/worlds/models/aws_robomaker_residential_ChairD_01/model.sdf
[1.077s] -- Up-to-date: /home/elizabeth/MREN203_Trover/install/trover_description/share/trover_description/worlds/models/aws_robomaker_residential_ChairD_01/materials
[1.078s] -- Up-to-date: /home/elizabeth/MREN203_Trover/install/trover_description/share/trover_description/worlds/models/aws_robomaker_residential_ChairD_01/materials/textures
[1.078s] -- Up-to-date: /home/elizabeth/MREN203_Trover/install/trover_description/share/trover_description/worlds/models/aws_robomaker_residential_ChairD_01/materials/textures/aws_ChairD_01.png
[1.078s] -- Up-to-date: /home/elizabeth/MREN203_Trover/install/trover_description/share/trover_description/worlds/models/aws_robomaker_residential_ChairD_01/model.config
[1.078s] -- Up-to-date: /home/elizabeth/MREN203_Trover/install/trover_description/share/trover_description/worlds/models/aws_robomaker_residential_ChairD_01/meshes
[1.078s] -- Up-to-date: /home/elizabeth/MREN203_Trover/install/trover_description/share/trover_description/worlds/models/aws_robomaker_residential_ChairD_01/meshes/aws_ChairD_01_visual.DAE
[1.078s] -- Up-to-date: /home/elizabeth/MREN203_Trover/install/trover_description/share/trover_description/worlds/models/aws_robomaker_residential_ChairD_01/meshes/aws_ChairD_01_collision.DAE
[1.078s] -- Up-to-date: /home/elizabeth/MREN203_Trover/install/trover_description/share/trover_description/worlds/models/aws_robomaker_residential_CookingBench_01
[1.078s] -- Up-to-date: /home/elizabeth/MREN203_Trover/install/trover_description/share/trover_description/worlds/models/aws_robomaker_residential_CookingBench_01/model.sdf
[1.078s] -- Up-to-date: /home/elizabeth/MREN203_Trover/install/trover_description/share/trover_description/worlds/models/aws_robomaker_residential_CookingBench_01/materials
[1.078s] -- Up-to-date: /home/elizabeth/MREN203_Trover/install/trover_description/share/trover_description/worlds/models/aws_robomaker_residential_CookingBench_01/materials/textures
[1.079s] -- Up-to-date: /home/elizabeth/MREN203_Trover/install/trover_description/share/trover_description/worlds/models/aws_robomaker_residential_CookingBench_01/materials/textures/aws_CookingBench_01.png
[1.079s] -- Up-to-date: /home/elizabeth/MREN203_Trover/install/trover_description/share/trover_description/worlds/models/aws_robomaker_residential_CookingBench_01/model.config
[1.079s] -- Up-to-date: /home/elizabeth/MREN203_Trover/install/trover_description/share/trover_description/worlds/models/aws_robomaker_residential_CookingBench_01/meshes
[1.079s] -- Up-to-date: /home/elizabeth/MREN203_Trover/install/trover_description/share/trover_description/worlds/models/aws_robomaker_residential_CookingBench_01/meshes/aws_CookingBench_01_collision.DAE
[1.079s] -- Up-to-date: /home/elizabeth/MREN203_Trover/install/trover_description/share/trover_description/worlds/models/aws_robomaker_residential_CookingBench_01/meshes/aws_CookingBench_01_visual.DAE
[1.079s] -- Up-to-date: /home/elizabeth/MREN203_Trover/install/trover_description/share/trover_description/worlds/models/aws_robomaker_residential_CookingBench_01/meshes/aws_CookingBench_01.DAE
[1.079s] -- Up-to-date: /home/elizabeth/MREN203_Trover/install/trover_description/share/trover_description/worlds/models/aws_robomaker_residential_DeskPortraitA_01
[1.079s] -- Up-to-date: /home/elizabeth/MREN203_Trover/install/trover_description/share/trover_description/worlds/models/aws_robomaker_residential_DeskPortraitA_01/model.sdf
[1.079s] -- Up-to-date: /home/elizabeth/MREN203_Trover/install/trover_description/share/trover_description/worlds/models/aws_robomaker_residential_DeskPortraitA_01/materials
[1.079s] -- Up-to-date: /home/elizabeth/MREN203_Trover/install/trover_description/share/trover_description/worlds/models/aws_robomaker_residential_DeskPortraitA_01/materials/textures
[1.079s] -- Up-to-date: /home/elizabeth/MREN203_Trover/install/trover_description/share/trover_description/worlds/models/aws_robomaker_residential_DeskPortraitA_01/materials/textures/aws_DeskPortraitA_02.png
[1.080s] -- Up-to-date: /home/elizabeth/MREN203_Trover/install/trover_description/share/trover_description/worlds/models/aws_robomaker_residential_DeskPortraitA_01/materials/textures/aws_DeskPortraitA_01.png
[1.080s] -- Up-to-date: /home/elizabeth/MREN203_Trover/install/trover_description/share/trover_description/worlds/models/aws_robomaker_residential_DeskPortraitA_01/materials/textures/DeskPortraitA_01.jpg
[1.080s] -- Up-to-date: /home/elizabeth/MREN203_Trover/install/trover_description/share/trover_description/worlds/models/aws_robomaker_residential_DeskPortraitA_01/model.config
[1.080s] -- Up-to-date: /home/elizabeth/MREN203_Trover/install/trover_description/share/trover_description/worlds/models/aws_robomaker_residential_DeskPortraitA_01/meshes
[1.080s] -- Up-to-date: /home/elizabeth/MREN203_Trover/install/trover_description/share/trover_description/worlds/models/aws_robomaker_residential_DeskPortraitA_01/meshes/aws_DeskPortraitA_01_visual.DAE
[1.080s] -- Up-to-date: /home/elizabeth/MREN203_Trover/install/trover_description/share/trover_description/worlds/models/aws_robomaker_residential_DeskPortraitA_01/meshes/aws_DeskPortraitA_01_collision.DAE
[1.080s] -- Up-to-date: /home/elizabeth/MREN203_Trover/install/trover_description/share/trover_description/worlds/models/aws_robomaker_residential_Handle_01
[1.080s] -- Up-to-date: /home/elizabeth/MREN203_Trover/install/trover_description/share/trover_description/worlds/models/aws_robomaker_residential_Handle_01/model.sdf
[1.080s] -- Up-to-date: /home/elizabeth/MREN203_Trover/install/trover_description/share/trover_description/worlds/models/aws_robomaker_residential_Handle_01/materials
[1.080s] -- Up-to-date: /home/elizabeth/MREN203_Trover/install/trover_description/share/trover_description/worlds/models/aws_robomaker_residential_Handle_01/materials/textures
[1.081s] -- Up-to-date: /home/elizabeth/MREN203_Trover/install/trover_description/share/trover_description/worlds/models/aws_robomaker_residential_Handle_01/materials/textures/aws_Handle_01.png
[1.081s] -- Up-to-date: /home/elizabeth/MREN203_Trover/install/trover_description/share/trover_description/worlds/models/aws_robomaker_residential_Handle_01/model.config
[1.081s] -- Up-to-date: /home/elizabeth/MREN203_Trover/install/trover_description/share/trover_description/worlds/models/aws_robomaker_residential_Handle_01/meshes
[1.081s] -- Up-to-date: /home/elizabeth/MREN203_Trover/install/trover_description/share/trover_description/worlds/models/aws_robomaker_residential_Handle_01/meshes/aws_Handle_01_collision.DAE
[1.081s] -- Up-to-date: /home/elizabeth/MREN203_Trover/install/trover_description/share/trover_description/worlds/models/aws_robomaker_residential_Handle_01/meshes/aws_Handle_01_visual.DAE
[1.081s] -- Up-to-date: /home/elizabeth/MREN203_Trover/install/trover_description/share/trover_description/worlds/models/.DS_Store
[1.081s] -- Up-to-date: /home/elizabeth/MREN203_Trover/install/trover_description/share/trover_description/worlds/models/aws_robomaker_residential_Board_01
[1.081s] -- Up-to-date: /home/elizabeth/MREN203_Trover/install/trover_description/share/trover_description/worlds/models/aws_robomaker_residential_Board_01/model.sdf
[1.081s] -- Up-to-date: /home/elizabeth/MREN203_Trover/install/trover_description/share/trover_description/worlds/models/aws_robomaker_residential_Board_01/materials
[1.081s] -- Up-to-date: /home/elizabeth/MREN203_Trover/install/trover_description/share/trover_description/worlds/models/aws_robomaker_residential_Board_01/materials/textures
[1.081s] -- Up-to-date: /home/elizabeth/MREN203_Trover/install/trover_description/share/trover_description/worlds/models/aws_robomaker_residential_Board_01/materials/textures/aws_Board_01.png
[1.082s] -- Up-to-date: /home/elizabeth/MREN203_Trover/install/trover_description/share/trover_description/worlds/models/aws_robomaker_residential_Board_01/model.config
[1.082s] -- Up-to-date: /home/elizabeth/MREN203_Trover/install/trover_description/share/trover_description/worlds/models/aws_robomaker_residential_Board_01/meshes
[1.082s] -- Up-to-date: /home/elizabeth/MREN203_Trover/install/trover_description/share/trover_description/worlds/models/aws_robomaker_residential_Board_01/meshes/aws_Board_01_collision.DAE
[1.082s] -- Up-to-date: /home/elizabeth/MREN203_Trover/install/trover_description/share/trover_description/worlds/models/aws_robomaker_residential_Board_01/meshes/aws_Board_01_visual.DAE
[1.082s] -- Up-to-date: /home/elizabeth/MREN203_Trover/install/trover_description/share/trover_description/worlds/models/aws_robomaker_residential_DeskPortraitB_02
[1.082s] -- Up-to-date: /home/elizabeth/MREN203_Trover/install/trover_description/share/trover_description/worlds/models/aws_robomaker_residential_DeskPortraitB_02/model.sdf
[1.082s] -- Up-to-date: /home/elizabeth/MREN203_Trover/install/trover_description/share/trover_description/worlds/models/aws_robomaker_residential_DeskPortraitB_02/materials
[1.082s] -- Up-to-date: /home/elizabeth/MREN203_Trover/install/trover_description/share/trover_description/worlds/models/aws_robomaker_residential_DeskPortraitB_02/materials/textures
[1.082s] -- Up-to-date: /home/elizabeth/MREN203_Trover/install/trover_description/share/trover_description/worlds/models/aws_robomaker_residential_DeskPortraitB_02/materials/textures/DeskPortraitB_02.jpg
[1.082s] -- Up-to-date: /home/elizabeth/MREN203_Trover/install/trover_description/share/trover_description/worlds/models/aws_robomaker_residential_DeskPortraitB_02/materials/textures/aws_DeskPortraitB_02.png
[1.083s] -- Up-to-date: /home/elizabeth/MREN203_Trover/install/trover_description/share/trover_description/worlds/models/aws_robomaker_residential_DeskPortraitB_02/materials/textures/aws_DeskPortraitB_01.png
[1.083s] -- Up-to-date: /home/elizabeth/MREN203_Trover/install/trover_description/share/trover_description/worlds/models/aws_robomaker_residential_DeskPortraitB_02/model.config
[1.083s] -- Up-to-date: /home/elizabeth/MREN203_Trover/install/trover_description/share/trover_description/worlds/models/aws_robomaker_residential_DeskPortraitB_02/meshes
[1.083s] -- Up-to-date: /home/elizabeth/MREN203_Trover/install/trover_description/share/trover_description/worlds/models/aws_robomaker_residential_DeskPortraitB_02/meshes/aws_DeskPortraitB_01_visual.DAE
[1.083s] -- Up-to-date: /home/elizabeth/MREN203_Trover/install/trover_description/share/trover_description/worlds/models/aws_robomaker_residential_DeskPortraitB_02/meshes/aws_DeskPortraitB_01_collision.DAE
[1.083s] -- Up-to-date: /home/elizabeth/MREN203_Trover/install/trover_description/share/trover_description/worlds/models/aws_robomaker_residential_DeskPortraitD_03
[1.083s] -- Up-to-date: /home/elizabeth/MREN203_Trover/install/trover_description/share/trover_description/worlds/models/aws_robomaker_residential_DeskPortraitD_03/model.sdf
[1.083s] -- Up-to-date: /home/elizabeth/MREN203_Trover/install/trover_description/share/trover_description/worlds/models/aws_robomaker_residential_DeskPortraitD_03/materials
[1.083s] -- Up-to-date: /home/elizabeth/MREN203_Trover/install/trover_description/share/trover_description/worlds/models/aws_robomaker_residential_DeskPortraitD_03/materials/textures
[1.083s] -- Up-to-date: /home/elizabeth/MREN203_Trover/install/trover_description/share/trover_description/worlds/models/aws_robomaker_residential_DeskPortraitD_03/materials/textures/DeskPortraitD_03.jpg
[1.083s] -- Up-to-date: /home/elizabeth/MREN203_Trover/install/trover_description/share/trover_description/worlds/models/aws_robomaker_residential_DeskPortraitD_03/materials/textures/aws_DeskPortraitD_02.png
[1.084s] -- Up-to-date: /home/elizabeth/MREN203_Trover/install/trover_description/share/trover_description/worlds/models/aws_robomaker_residential_DeskPortraitD_03/materials/textures/aws_DeskPortraitD_01.png
[1.084s] -- Up-to-date: /home/elizabeth/MREN203_Trover/install/trover_description/share/trover_description/worlds/models/aws_robomaker_residential_DeskPortraitD_03/model.config
[1.084s] -- Up-to-date: /home/elizabeth/MREN203_Trover/install/trover_description/share/trover_description/worlds/models/aws_robomaker_residential_DeskPortraitD_03/meshes
[1.084s] -- Up-to-date: /home/elizabeth/MREN203_Trover/install/trover_description/share/trover_description/worlds/models/aws_robomaker_residential_DeskPortraitD_03/meshes/aws_DeskPortraitD_01_collision.DAE
[1.084s] -- Up-to-date: /home/elizabeth/MREN203_Trover/install/trover_description/share/trover_description/worlds/models/aws_robomaker_residential_DeskPortraitD_03/meshes/aws_DeskPortraitD_01_visual.DAE
[1.084s] -- Up-to-date: /home/elizabeth/MREN203_Trover/install/trover_description/share/trover_description/worlds/models/aws_robomaker_residential_DeskPortraitD_01
[1.084s] -- Up-to-date: /home/elizabeth/MREN203_Trover/install/trover_description/share/trover_description/worlds/models/aws_robomaker_residential_DeskPortraitD_01/model.sdf
[1.084s] -- Up-to-date: /home/elizabeth/MREN203_Trover/install/trover_description/share/trover_description/worlds/models/aws_robomaker_residential_DeskPortraitD_01/materials
[1.084s] -- Up-to-date: /home/elizabeth/MREN203_Trover/install/trover_description/share/trover_description/worlds/models/aws_robomaker_residential_DeskPortraitD_01/materials/textures
[1.084s] -- Up-to-date: /home/elizabeth/MREN203_Trover/install/trover_description/share/trover_description/worlds/models/aws_robomaker_residential_DeskPortraitD_01/materials/textures/aws_DeskPortraitD_02.png
[1.085s] -- Up-to-date: /home/elizabeth/MREN203_Trover/install/trover_description/share/trover_description/worlds/models/aws_robomaker_residential_DeskPortraitD_01/materials/textures/DeskPortraitD_01.jpg
[1.085s] -- Up-to-date: /home/elizabeth/MREN203_Trover/install/trover_description/share/trover_description/worlds/models/aws_robomaker_residential_DeskPortraitD_01/materials/textures/aws_DeskPortraitD_01.png
[1.085s] -- Up-to-date: /home/elizabeth/MREN203_Trover/install/trover_description/share/trover_description/worlds/models/aws_robomaker_residential_DeskPortraitD_01/model.config
[1.085s] -- Up-to-date: /home/elizabeth/MREN203_Trover/install/trover_description/share/trover_description/worlds/models/aws_robomaker_residential_DeskPortraitD_01/meshes
[1.085s] -- Up-to-date: /home/elizabeth/MREN203_Trover/install/trover_description/share/trover_description/worlds/models/aws_robomaker_residential_DeskPortraitD_01/meshes/aws_DeskPortraitD_01_collision.DAE
[1.085s] -- Up-to-date: /home/elizabeth/MREN203_Trover/install/trover_description/share/trover_description/worlds/models/aws_robomaker_residential_DeskPortraitD_01/meshes/aws_DeskPortraitD_01_visual.DAE
[1.089s] -- Up-to-date: /home/elizabeth/MREN203_Trover/install/trover_description/share/trover_description/worlds/models/aws_robomaker_residential_KitchenUtensils_01
[1.090s] -- Up-to-date: /home/elizabeth/MREN203_Trover/install/trover_description/share/trover_description/worlds/models/aws_robomaker_residential_KitchenUtensils_01/model.sdf
[1.090s] -- Up-to-date: /home/elizabeth/MREN203_Trover/install/trover_description/share/trover_description/worlds/models/aws_robomaker_residential_KitchenUtensils_01/materials
[1.090s] -- Up-to-date: /home/elizabeth/MREN203_Trover/install/trover_description/share/trover_description/worlds/models/aws_robomaker_residential_KitchenUtensils_01/materials/textures
[1.090s] -- Up-to-date: /home/elizabeth/MREN203_Trover/install/trover_description/share/trover_description/worlds/models/aws_robomaker_residential_KitchenUtensils_01/materials/textures/aws_KitchenUtensils_01.png
[1.090s] -- Up-to-date: /home/elizabeth/MREN203_Trover/install/trover_description/share/trover_description/worlds/models/aws_robomaker_residential_KitchenUtensils_01/model.config
[1.090s] -- Up-to-date: /home/elizabeth/MREN203_Trover/install/trover_description/share/trover_description/worlds/models/aws_robomaker_residential_KitchenUtensils_01/meshes
[1.090s] -- Up-to-date: /home/elizabeth/MREN203_Trover/install/trover_description/share/trover_description/worlds/models/aws_robomaker_residential_KitchenUtensils_01/meshes/aws_KitchenUtensils_01_visual.DAE
[1.090s] -- Up-to-date: /home/elizabeth/MREN203_Trover/install/trover_description/share/trover_description/worlds/models/aws_robomaker_residential_KitchenUtensils_01/meshes/aws_KitchenUtensils_01_collision.DAE
[1.090s] -- Up-to-date: /home/elizabeth/MREN203_Trover/install/trover_description/share/trover_description/worlds/models/aws_robomaker_residential_HouseWallB_01
[1.091s] -- Up-to-date: /home/elizabeth/MREN203_Trover/install/trover_description/share/trover_description/worlds/models/aws_robomaker_residential_HouseWallB_01/model.sdf
[1.091s] -- Up-to-date: /home/elizabeth/MREN203_Trover/install/trover_description/share/trover_description/worlds/models/aws_robomaker_residential_HouseWallB_01/materials
[1.091s] -- Up-to-date: /home/elizabeth/MREN203_Trover/install/trover_description/share/trover_description/worlds/models/aws_robomaker_residential_HouseWallB_01/materials/textures
[1.091s] -- Up-to-date: /home/elizabeth/MREN203_Trover/install/trover_description/share/trover_description/worlds/models/aws_robomaker_residential_HouseWallB_01/materials/textures/aws_HouseWallB_01.png
[1.091s] -- Up-to-date: /home/elizabeth/MREN203_Trover/install/trover_description/share/trover_description/worlds/models/aws_robomaker_residential_HouseWallB_01/model.config
[1.091s] -- Up-to-date: /home/elizabeth/MREN203_Trover/install/trover_description/share/trover_description/worlds/models/aws_robomaker_residential_HouseWallB_01/meshes
[1.091s] -- Up-to-date: /home/elizabeth/MREN203_Trover/install/trover_description/share/trover_description/worlds/models/aws_robomaker_residential_HouseWallB_01/meshes/aws_HouseWallB_01_collision.DAE
[1.091s] -- Up-to-date: /home/elizabeth/MREN203_Trover/install/trover_description/share/trover_description/worlds/models/aws_robomaker_residential_HouseWallB_01/meshes/aws_HouseWallB_01_visual.DAE
[1.091s] -- Up-to-date: /home/elizabeth/MREN203_Trover/install/trover_description/share/trover_description/worlds/models/aws_robomaker_residential_Sofa_01
[1.092s] -- Up-to-date: /home/elizabeth/MREN203_Trover/install/trover_description/share/trover_description/worlds/models/aws_robomaker_residential_Sofa_01/model.sdf
[1.092s] -- Up-to-date: /home/elizabeth/MREN203_Trover/install/trover_description/share/trover_description/worlds/models/aws_robomaker_residential_Sofa_01/materials
[1.092s] -- Up-to-date: /home/elizabeth/MREN203_Trover/install/trover_description/share/trover_description/worlds/models/aws_robomaker_residential_Sofa_01/materials/textures
[1.092s] -- Up-to-date: /home/elizabeth/MREN203_Trover/install/trover_description/share/trover_description/worlds/models/aws_robomaker_residential_Sofa_01/materials/textures/aws_Sofa_01.png
[1.092s] -- Up-to-date: /home/elizabeth/MREN203_Trover/install/trover_description/share/trover_description/worlds/models/aws_robomaker_residential_Sofa_01/model.config
[1.092s] -- Up-to-date: /home/elizabeth/MREN203_Trover/install/trover_description/share/trover_description/worlds/models/aws_robomaker_residential_Sofa_01/meshes
[1.092s] -- Up-to-date: /home/elizabeth/MREN203_Trover/install/trover_description/share/trover_description/worlds/models/aws_robomaker_residential_Sofa_01/meshes/aws_Sofa_01_collision.DAE
[1.092s] -- Up-to-date: /home/elizabeth/MREN203_Trover/install/trover_description/share/trover_description/worlds/models/aws_robomaker_residential_Sofa_01/meshes/aws_Sofa_01.DAE
[1.092s] -- Up-to-date: /home/elizabeth/MREN203_Trover/install/trover_description/share/trover_description/worlds/models/aws_robomaker_residential_Sofa_01/meshes/aws_Sofa_01_visual.DAE
[1.092s] -- Up-to-date: /home/elizabeth/MREN203_Trover/install/trover_description/share/trover_description/worlds/models/aws_robomaker_residential_SofaB_01
[1.093s] -- Up-to-date: /home/elizabeth/MREN203_Trover/install/trover_description/share/trover_description/worlds/models/aws_robomaker_residential_SofaB_01/model.sdf
[1.093s] -- Up-to-date: /home/elizabeth/MREN203_Trover/install/trover_description/share/trover_description/worlds/models/aws_robomaker_residential_SofaB_01/materials
[1.093s] -- Up-to-date: /home/elizabeth/MREN203_Trover/install/trover_description/share/trover_description/worlds/models/aws_robomaker_residential_SofaB_01/materials/textures
[1.094s] -- Up-to-date: /home/elizabeth/MREN203_Trover/install/trover_description/share/trover_description/worlds/models/aws_robomaker_residential_SofaB_01/materials/textures/aws_SofaB_01.png
[1.094s] -- Up-to-date: /home/elizabeth/MREN203_Trover/install/trover_description/share/trover_description/worlds/models/aws_robomaker_residential_SofaB_01/model.config
[1.094s] -- Up-to-date: /home/elizabeth/MREN203_Trover/install/trover_description/share/trover_description/worlds/models/aws_robomaker_residential_SofaB_01/meshes
[1.095s] -- Up-to-date: /home/elizabeth/MREN203_Trover/install/trover_description/share/trover_description/worlds/models/aws_robomaker_residential_SofaB_01/meshes/aws_SofaB_01_visual.DAE
[1.095s] -- Up-to-date: /home/elizabeth/MREN203_Trover/install/trover_description/share/trover_description/worlds/models/aws_robomaker_residential_SofaB_01/meshes/aws_SofaB_01_collision.DAE
[1.095s] -- Up-to-date: /home/elizabeth/MREN203_Trover/install/trover_description/share/trover_description/worlds/models/aws_robomaker_residential_AirconditionerA_01
[1.096s] -- Up-to-date: /home/elizabeth/MREN203_Trover/install/trover_description/share/trover_description/worlds/models/aws_robomaker_residential_AirconditionerA_01/model.sdf
[1.096s] -- Up-to-date: /home/elizabeth/MREN203_Trover/install/trover_description/share/trover_description/worlds/models/aws_robomaker_residential_AirconditionerA_01/materials
[1.097s] -- Up-to-date: /home/elizabeth/MREN203_Trover/install/trover_description/share/trover_description/worlds/models/aws_robomaker_residential_AirconditionerA_01/materials/textures
[1.097s] -- Up-to-date: /home/elizabeth/MREN203_Trover/install/trover_description/share/trover_description/worlds/models/aws_robomaker_residential_AirconditionerA_01/materials/textures/aws_AirconditionerA_01.png
[1.097s] -- Up-to-date: /home/elizabeth/MREN203_Trover/install/trover_description/share/trover_description/worlds/models/aws_robomaker_residential_AirconditionerA_01/model.config
[1.098s] -- Up-to-date: /home/elizabeth/MREN203_Trover/install/trover_description/share/trover_description/worlds/models/aws_robomaker_residential_AirconditionerA_01/meshes
[1.098s] -- Up-to-date: /home/elizabeth/MREN203_Trover/install/trover_description/share/trover_description/worlds/models/aws_robomaker_residential_AirconditionerA_01/meshes/aws_AirconditionerA_01_visual.DAE
[1.098s] -- Up-to-date: /home/elizabeth/MREN203_Trover/install/trover_description/share/trover_description/worlds/models/aws_robomaker_residential_AirconditionerA_01/meshes/aws_AirconditionerA_01_collision.DAE
[1.098s] -- Up-to-date: /home/elizabeth/MREN203_Trover/install/trover_description/share/trover_description/worlds/models/aws_robomaker_residential_CoffeeTable_01
[1.099s] -- Up-to-date: /home/elizabeth/MREN203_Trover/install/trover_description/share/trover_description/worlds/models/aws_robomaker_residential_CoffeeTable_01/model.sdf
[1.099s] -- Up-to-date: /home/elizabeth/MREN203_Trover/install/trover_description/share/trover_description/worlds/models/aws_robomaker_residential_CoffeeTable_01/materials
[1.099s] -- Up-to-date: /home/elizabeth/MREN203_Trover/install/trover_description/share/trover_description/worlds/models/aws_robomaker_residential_CoffeeTable_01/materials/textures
[1.100s] -- Up-to-date: /home/elizabeth/MREN203_Trover/install/trover_description/share/trover_description/worlds/models/aws_robomaker_residential_CoffeeTable_01/materials/textures/aws_CoffeeTable_01.png
[1.100s] -- Up-to-date: /home/elizabeth/MREN203_Trover/install/trover_description/share/trover_description/worlds/models/aws_robomaker_residential_CoffeeTable_01/model.config
[1.100s] -- Up-to-date: /home/elizabeth/MREN203_Trover/install/trover_description/share/trover_description/worlds/models/aws_robomaker_residential_CoffeeTable_01/meshes
[1.101s] -- Up-to-date: /home/elizabeth/MREN203_Trover/install/trover_description/share/trover_description/worlds/models/aws_robomaker_residential_CoffeeTable_01/meshes/aws_CoffeeTable_01_collision.DAE
[1.101s] -- Up-to-date: /home/elizabeth/MREN203_Trover/install/trover_description/share/trover_description/worlds/models/aws_robomaker_residential_CoffeeTable_01/meshes/aws_CoffeeTable_01_visual.DAE
[1.102s] -- Up-to-date: /home/elizabeth/MREN203_Trover/install/trover_description/share/trover_description/worlds/models/aws_robomaker_residential_TV_01
[1.102s] -- Up-to-date: /home/elizabeth/MREN203_Trover/install/trover_description/share/trover_description/worlds/models/aws_robomaker_residential_TV_01/model.sdf
[1.104s] -- Up-to-date: /home/elizabeth/MREN203_Trover/install/trover_description/share/trover_description/worlds/models/aws_robomaker_residential_TV_01/materials
[1.104s] -- Up-to-date: /home/elizabeth/MREN203_Trover/install/trover_description/share/trover_description/worlds/models/aws_robomaker_residential_TV_01/materials/textures
[1.104s] -- Up-to-date: /home/elizabeth/MREN203_Trover/install/trover_description/share/trover_description/worlds/models/aws_robomaker_residential_TV_01/materials/textures/aws_TV_01.png
[1.105s] -- Up-to-date: /home/elizabeth/MREN203_Trover/install/trover_description/share/trover_description/worlds/models/aws_robomaker_residential_TV_01/model.config
[1.105s] -- Up-to-date: /home/elizabeth/MREN203_Trover/install/trover_description/share/trover_description/worlds/models/aws_robomaker_residential_TV_01/meshes
[1.176s] -- Up-to-date: /home/elizabeth/MREN203_Trover/install/trover_description/share/trover_description/worlds/models/aws_robomaker_residential_TV_01/meshes/aws_TV_01_collision.DAE
[1.178s] -- Up-to-date: /home/elizabeth/MREN203_Trover/install/trover_description/share/trover_description/worlds/models/aws_robomaker_residential_TV_01/meshes/aws_TV_01_visual.DAE
[1.178s] -- Up-to-date: /home/elizabeth/MREN203_Trover/install/trover_description/share/trover_description/worlds/models/aws_robomaker_residential_Refrigerator_01
[1.178s] -- Up-to-date: /home/elizabeth/MREN203_Trover/install/trover_description/share/trover_description/worlds/models/aws_robomaker_residential_Refrigerator_01/model.sdf
[1.181s] -- Up-to-date: /home/elizabeth/MREN203_Trover/install/trover_description/share/trover_description/worlds/models/aws_robomaker_residential_Refrigerator_01/materials
[1.182s] -- Up-to-date: /home/elizabeth/MREN203_Trover/install/trover_description/share/trover_description/worlds/models/aws_robomaker_residential_Refrigerator_01/materials/textures
[1.182s] -- Up-to-date: /home/elizabeth/MREN203_Trover/install/trover_description/share/trover_description/worlds/models/aws_robomaker_residential_Refrigerator_01/materials/textures/aws_Refrigerator_02.png
[1.182s] -- Up-to-date: /home/elizabeth/MREN203_Trover/install/trover_description/share/trover_description/worlds/models/aws_robomaker_residential_Refrigerator_01/materials/textures/aws_Refrigerator_01.png
[1.182s] -- Up-to-date: /home/elizabeth/MREN203_Trover/install/trover_description/share/trover_description/worlds/models/aws_robomaker_residential_Refrigerator_01/model.config
[1.182s] -- Up-to-date: /home/elizabeth/MREN203_Trover/install/trover_description/share/trover_description/worlds/models/aws_robomaker_residential_Refrigerator_01/meshes
[1.182s] -- Up-to-date: /home/elizabeth/MREN203_Trover/install/trover_description/share/trover_description/worlds/models/aws_robomaker_residential_Refrigerator_01/meshes/aws_Refrigerator_01.DAE
[1.182s] -- Up-to-date: /home/elizabeth/MREN203_Trover/install/trover_description/share/trover_description/worlds/models/aws_robomaker_residential_Refrigerator_01/meshes/aws_Refrigerator_01_visual.DAE
[1.182s] -- Up-to-date: /home/elizabeth/MREN203_Trover/install/trover_description/share/trover_description/worlds/models/aws_robomaker_residential_Refrigerator_01/meshes/aws_Refrigerator_01_collision.DAE
[1.182s] -- Up-to-date: /home/elizabeth/MREN203_Trover/install/trover_description/share/trover_description/worlds/models/aws_robomaker_residential_Door_01
[1.183s] -- Up-to-date: /home/elizabeth/MREN203_Trover/install/trover_description/share/trover_description/worlds/models/aws_robomaker_residential_Door_01/model.sdf
[1.183s] -- Up-to-date: /home/elizabeth/MREN203_Trover/install/trover_description/share/trover_description/worlds/models/aws_robomaker_residential_Door_01/materials
[1.183s] -- Up-to-date: /home/elizabeth/MREN203_Trover/install/trover_description/share/trover_description/worlds/models/aws_robomaker_residential_Door_01/materials/textures
[1.183s] -- Up-to-date: /home/elizabeth/MREN203_Trover/install/trover_description/share/trover_description/worlds/models/aws_robomaker_residential_Door_01/materials/textures/aws_Door_01.png
[1.183s] -- Up-to-date: /home/elizabeth/MREN203_Trover/install/trover_description/share/trover_description/worlds/models/aws_robomaker_residential_Door_01/model.config
[1.183s] -- Up-to-date: /home/elizabeth/MREN203_Trover/install/trover_description/share/trover_description/worlds/models/aws_robomaker_residential_Door_01/meshes
[1.183s] -- Up-to-date: /home/elizabeth/MREN203_Trover/install/trover_description/share/trover_description/worlds/models/aws_robomaker_residential_Door_01/meshes/aws_Door_01_visual.DAE
[1.183s] -- Up-to-date: /home/elizabeth/MREN203_Trover/install/trover_description/share/trover_description/worlds/models/aws_robomaker_residential_Door_01/meshes/aws_Door_01_collision.DAE
[1.183s] -- Up-to-date: /home/elizabeth/MREN203_Trover/install/trover_description/share/trover_description/worlds/models/aws_robomaker_residential_DeskPortraitC_02
[1.183s] -- Up-to-date: /home/elizabeth/MREN203_Trover/install/trover_description/share/trover_description/worlds/models/aws_robomaker_residential_DeskPortraitC_02/model.sdf
[1.184s] -- Up-to-date: /home/elizabeth/MREN203_Trover/install/trover_description/share/trover_description/worlds/models/aws_robomaker_residential_DeskPortraitC_02/materials
[1.184s] -- Up-to-date: /home/elizabeth/MREN203_Trover/install/trover_description/share/trover_description/worlds/models/aws_robomaker_residential_DeskPortraitC_02/materials/textures
[1.184s] -- Up-to-date: /home/elizabeth/MREN203_Trover/install/trover_description/share/trover_description/worlds/models/aws_robomaker_residential_DeskPortraitC_02/materials/textures/aws_DeskPortraitC_01.png
[1.184s] -- Up-to-date: /home/elizabeth/MREN203_Trover/install/trover_description/share/trover_description/worlds/models/aws_robomaker_residential_DeskPortraitC_02/materials/textures/DeskPortraitC_02.jpg
[1.184s] -- Up-to-date: /home/elizabeth/MREN203_Trover/install/trover_description/share/trover_description/worlds/models/aws_robomaker_residential_DeskPortraitC_02/materials/textures/aws_DeskPortraitC_02.png
[1.184s] -- Up-to-date: /home/elizabeth/MREN203_Trover/install/trover_description/share/trover_description/worlds/models/aws_robomaker_residential_DeskPortraitC_02/model.config
[1.184s] -- Up-to-date: /home/elizabeth/MREN203_Trover/install/trover_description/share/trover_description/worlds/models/aws_robomaker_residential_DeskPortraitC_02/meshes
[1.185s] -- Up-to-date: /home/elizabeth/MREN203_Trover/install/trover_description/share/trover_description/worlds/models/aws_robomaker_residential_DeskPortraitC_02/meshes/aws_DeskPortraitC_01_collision.DAE
[1.185s] -- Up-to-date: /home/elizabeth/MREN203_Trover/install/trover_description/share/trover_description/worlds/models/aws_robomaker_residential_DeskPortraitC_02/meshes/aws_DeskPortraitC_01_visual.DAE
[1.185s] -- Up-to-date: /home/elizabeth/MREN203_Trover/install/trover_description/share/trover_description/worlds/models/aws_robomaker_residential_PortraitE_01
[1.185s] -- Up-to-date: /home/elizabeth/MREN203_Trover/install/trover_description/share/trover_description/worlds/models/aws_robomaker_residential_PortraitE_01/model.sdf
[1.185s] -- Up-to-date: /home/elizabeth/MREN203_Trover/install/trover_description/share/trover_description/worlds/models/aws_robomaker_residential_PortraitE_01/materials
[1.185s] -- Up-to-date: /home/elizabeth/MREN203_Trover/install/trover_description/share/trover_description/worlds/models/aws_robomaker_residential_PortraitE_01/materials/textures
[1.185s] -- Up-to-date: /home/elizabeth/MREN203_Trover/install/trover_description/share/trover_description/worlds/models/aws_robomaker_residential_PortraitE_01/materials/textures/aws_PortraitE_02.png
[1.185s] -- Up-to-date: /home/elizabeth/MREN203_Trover/install/trover_description/share/trover_description/worlds/models/aws_robomaker_residential_PortraitE_01/materials/textures/aws_PortraitE_01.png
[1.185s] -- Up-to-date: /home/elizabeth/MREN203_Trover/install/trover_description/share/trover_description/worlds/models/aws_robomaker_residential_PortraitE_01/materials/textures/PortraitE_01.jpg
[1.185s] -- Up-to-date: /home/elizabeth/MREN203_Trover/install/trover_description/share/trover_description/worlds/models/aws_robomaker_residential_PortraitE_01/model.config
[1.185s] -- Up-to-date: /home/elizabeth/MREN203_Trover/install/trover_description/share/trover_description/worlds/models/aws_robomaker_residential_PortraitE_01/meshes
[1.186s] -- Up-to-date: /home/elizabeth/MREN203_Trover/install/trover_description/share/trover_description/worlds/models/aws_robomaker_residential_PortraitE_01/meshes/aws_PortraitE_01_visual.DAE
[1.186s] -- Up-to-date: /home/elizabeth/MREN203_Trover/install/trover_description/share/trover_description/worlds/models/aws_robomaker_residential_PortraitE_01/meshes/aws_PortraitE_01_collision.DAE
[1.186s] -- Up-to-date: /home/elizabeth/MREN203_Trover/install/trover_description/share/trover_description/worlds/models/aws_robomaker_residential_DeskPortraitD_04
[1.186s] -- Up-to-date: /home/elizabeth/MREN203_Trover/install/trover_description/share/trover_description/worlds/models/aws_robomaker_residential_DeskPortraitD_04/model.sdf
[1.186s] -- Up-to-date: /home/elizabeth/MREN203_Trover/install/trover_description/share/trover_description/worlds/models/aws_robomaker_residential_DeskPortraitD_04/materials
[1.186s] -- Up-to-date: /home/elizabeth/MREN203_Trover/install/trover_description/share/trover_description/worlds/models/aws_robomaker_residential_DeskPortraitD_04/materials/textures
[1.186s] -- Up-to-date: /home/elizabeth/MREN203_Trover/install/trover_description/share/trover_description/worlds/models/aws_robomaker_residential_DeskPortraitD_04/materials/textures/aws_DeskPortraitD_02.png
[1.186s] -- Up-to-date: /home/elizabeth/MREN203_Trover/install/trover_description/share/trover_description/worlds/models/aws_robomaker_residential_DeskPortraitD_04/materials/textures/DeskPortraitD_04.jpg
[1.187s] -- Up-to-date: /home/elizabeth/MREN203_Trover/install/trover_description/share/trover_description/worlds/models/aws_robomaker_residential_DeskPortraitD_04/materials/textures/aws_DeskPortraitD_01.png
[1.187s] -- Up-to-date: /home/elizabeth/MREN203_Trover/install/trover_description/share/trover_description/worlds/models/aws_robomaker_residential_DeskPortraitD_04/model.config
[1.187s] -- Up-to-date: /home/elizabeth/MREN203_Trover/install/trover_description/share/trover_description/worlds/models/aws_robomaker_residential_DeskPortraitD_04/meshes
[1.187s] -- Up-to-date: /home/elizabeth/MREN203_Trover/install/trover_description/share/trover_description/worlds/models/aws_robomaker_residential_DeskPortraitD_04/meshes/aws_DeskPortraitD_01_collision.DAE
[1.187s] -- Up-to-date: /home/elizabeth/MREN203_Trover/install/trover_description/share/trover_description/worlds/models/aws_robomaker_residential_DeskPortraitD_04/meshes/aws_DeskPortraitD_01_visual.DAE
[1.187s] -- Up-to-date: /home/elizabeth/MREN203_Trover/install/trover_description/share/trover_description/worlds/models/aws_robomaker_residential_Pillow_01
[1.187s] -- Up-to-date: /home/elizabeth/MREN203_Trover/install/trover_description/share/trover_description/worlds/models/aws_robomaker_residential_Pillow_01/model.sdf
[1.187s] -- Up-to-date: /home/elizabeth/MREN203_Trover/install/trover_description/share/trover_description/worlds/models/aws_robomaker_residential_Pillow_01/materials
[1.188s] -- Up-to-date: /home/elizabeth/MREN203_Trover/install/trover_description/share/trover_description/worlds/models/aws_robomaker_residential_Pillow_01/materials/textures
[1.188s] -- Up-to-date: /home/elizabeth/MREN203_Trover/install/trover_description/share/trover_description/worlds/models/aws_robomaker_residential_Pillow_01/materials/textures/aws_Pillow_01.png
[1.188s] -- Up-to-date: /home/elizabeth/MREN203_Trover/install/trover_description/share/trover_description/worlds/models/aws_robomaker_residential_Pillow_01/model.config
[1.188s] -- Up-to-date: /home/elizabeth/MREN203_Trover/install/trover_description/share/trover_description/worlds/models/aws_robomaker_residential_Pillow_01/meshes
[1.188s] -- Up-to-date: /home/elizabeth/MREN203_Trover/install/trover_description/share/trover_description/worlds/models/aws_robomaker_residential_Pillow_01/meshes/aws_Pillow_01_collision.DAE
[1.189s] -- Up-to-date: /home/elizabeth/MREN203_Trover/install/trover_description/share/trover_description/worlds/models/aws_robomaker_residential_Pillow_01/meshes/aws_Pillow_01_visual.DAE
[1.189s] -- Up-to-date: /home/elizabeth/MREN203_Trover/install/trover_description/share/trover_description/worlds/models/aws_robomaker_residential_Tablet_01
[1.189s] -- Up-to-date: /home/elizabeth/MREN203_Trover/install/trover_description/share/trover_description/worlds/models/aws_robomaker_residential_Tablet_01/.DS_Store
[1.189s] -- Up-to-date: /home/elizabeth/MREN203_Trover/install/trover_description/share/trover_description/worlds/models/aws_robomaker_residential_Tablet_01/model.sdf
[1.189s] -- Up-to-date: /home/elizabeth/MREN203_Trover/install/trover_description/share/trover_description/worlds/models/aws_robomaker_residential_Tablet_01/materials
[1.189s] -- Up-to-date: /home/elizabeth/MREN203_Trover/install/trover_description/share/trover_description/worlds/models/aws_robomaker_residential_Tablet_01/materials/.DS_Store
[1.190s] -- Up-to-date: /home/elizabeth/MREN203_Trover/install/trover_description/share/trover_description/worlds/models/aws_robomaker_residential_Tablet_01/materials/textures
[1.190s] -- Up-to-date: /home/elizabeth/MREN203_Trover/install/trover_description/share/trover_description/worlds/models/aws_robomaker_residential_Tablet_01/materials/textures/aws_Tablet_01_nologo.png
[1.190s] -- Up-to-date: /home/elizabeth/MREN203_Trover/install/trover_description/share/trover_description/worlds/models/aws_robomaker_residential_Tablet_01/model.config
[1.190s] -- Up-to-date: /home/elizabeth/MREN203_Trover/install/trover_description/share/trover_description/worlds/models/aws_robomaker_residential_Tablet_01/meshes
[1.190s] -- Up-to-date: /home/elizabeth/MREN203_Trover/install/trover_description/share/trover_description/worlds/models/aws_robomaker_residential_Tablet_01/meshes/aws_Tablet_01_visual.DAE
[1.190s] -- Up-to-date: /home/elizabeth/MREN203_Trover/install/trover_description/share/trover_description/worlds/models/aws_robomaker_residential_Tablet_01/meshes/aws_Tablet_01_collision.DAE
[1.190s] -- Up-to-date: /home/elizabeth/MREN203_Trover/install/trover_description/share/trover_description/worlds/models/aws_robomaker_residential_ReadingDesk_01
[1.190s] -- Up-to-date: /home/elizabeth/MREN203_Trover/install/trover_description/share/trover_description/worlds/models/aws_robomaker_residential_ReadingDesk_01/model.sdf
[1.190s] -- Up-to-date: /home/elizabeth/MREN203_Trover/install/trover_description/share/trover_description/worlds/models/aws_robomaker_residential_ReadingDesk_01/materials
[1.190s] -- Up-to-date: /home/elizabeth/MREN203_Trover/install/trover_description/share/trover_description/worlds/models/aws_robomaker_residential_ReadingDesk_01/materials/textures
[1.190s] -- Up-to-date: /home/elizabeth/MREN203_Trover/install/trover_description/share/trover_description/worlds/models/aws_robomaker_residential_ReadingDesk_01/materials/textures/aws_ReadingDesk_01.png
[1.190s] -- Up-to-date: /home/elizabeth/MREN203_Trover/install/trover_description/share/trover_description/worlds/models/aws_robomaker_residential_ReadingDesk_01/model.config
[1.190s] -- Up-to-date: /home/elizabeth/MREN203_Trover/install/trover_description/share/trover_description/worlds/models/aws_robomaker_residential_ReadingDesk_01/meshes
[1.190s] -- Up-to-date: /home/elizabeth/MREN203_Trover/install/trover_description/share/trover_description/worlds/models/aws_robomaker_residential_ReadingDesk_01/meshes/aws_ReadingDesk_01_collision.DAE
[1.190s] -- Up-to-date: /home/elizabeth/MREN203_Trover/install/trover_description/share/trover_description/worlds/models/aws_robomaker_residential_ReadingDesk_01/meshes/aws_ReadingDesk_01_visual.DAE
[1.191s] -- Up-to-date: /home/elizabeth/MREN203_Trover/install/trover_description/share/trover_description/worlds/models/aws_robomaker_residential_LightC_01
[1.191s] -- Up-to-date: /home/elizabeth/MREN203_Trover/install/trover_description/share/trover_description/worlds/models/aws_robomaker_residential_LightC_01/model.sdf
[1.191s] -- Up-to-date: /home/elizabeth/MREN203_Trover/install/trover_description/share/trover_description/worlds/models/aws_robomaker_residential_LightC_01/materials
[1.191s] -- Up-to-date: /home/elizabeth/MREN203_Trover/install/trover_description/share/trover_description/worlds/models/aws_robomaker_residential_LightC_01/materials/textures
[1.191s] -- Up-to-date: /home/elizabeth/MREN203_Trover/install/trover_description/share/trover_description/worlds/models/aws_robomaker_residential_LightC_01/materials/textures/aws_LightC_01.png
[1.191s] -- Up-to-date: /home/elizabeth/MREN203_Trover/install/trover_description/share/trover_description/worlds/models/aws_robomaker_residential_LightC_01/model.config
[1.191s] -- Up-to-date: /home/elizabeth/MREN203_Trover/install/trover_description/share/trover_description/worlds/models/aws_robomaker_residential_LightC_01/meshes
[1.191s] -- Up-to-date: /home/elizabeth/MREN203_Trover/install/trover_description/share/trover_description/worlds/models/aws_robomaker_residential_LightC_01/meshes/aws_LightC_01_visual.DAE
[1.191s] -- Up-to-date: /home/elizabeth/MREN203_Trover/install/trover_description/share/trover_description/worlds/models/aws_robomaker_residential_LightC_01/meshes/aws_LightC_01_collision.DAE
[1.191s] -- Up-to-date: /home/elizabeth/MREN203_Trover/install/trover_description/share/trover_description/worlds/models/aws_robomaker_residential_Curtain_01
[1.191s] -- Up-to-date: /home/elizabeth/MREN203_Trover/install/trover_description/share/trover_description/worlds/models/aws_robomaker_residential_Curtain_01/model.sdf
[1.191s] -- Up-to-date: /home/elizabeth/MREN203_Trover/install/trover_description/share/trover_description/worlds/models/aws_robomaker_residential_Curtain_01/materials
[1.192s] -- Up-to-date: /home/elizabeth/MREN203_Trover/install/trover_description/share/trover_description/worlds/models/aws_robomaker_residential_Curtain_01/materials/textures
[1.192s] -- Up-to-date: /home/elizabeth/MREN203_Trover/install/trover_description/share/trover_description/worlds/models/aws_robomaker_residential_Curtain_01/materials/textures/aws_Curtain_01.png
[1.192s] -- Up-to-date: /home/elizabeth/MREN203_Trover/install/trover_description/share/trover_description/worlds/models/aws_robomaker_residential_Curtain_01/model.config
[1.192s] -- Up-to-date: /home/elizabeth/MREN203_Trover/install/trover_description/share/trover_description/worlds/models/aws_robomaker_residential_Curtain_01/meshes
[1.192s] -- Up-to-date: /home/elizabeth/MREN203_Trover/install/trover_description/share/trover_description/worlds/models/aws_robomaker_residential_Curtain_01/meshes/aws_Curtain_01_visual.DAE
[1.192s] -- Up-to-date: /home/elizabeth/MREN203_Trover/install/trover_description/share/trover_description/worlds/models/aws_robomaker_residential_Curtain_01/meshes/aws_Curtain_01_collision.DAE
[1.192s] -- Up-to-date: /home/elizabeth/MREN203_Trover/install/trover_description/share/trover_description/worlds/models/aws_robomaker_residential_ChairA_01
[1.192s] -- Up-to-date: /home/elizabeth/MREN203_Trover/install/trover_description/share/trover_description/worlds/models/aws_robomaker_residential_ChairA_01/model.sdf
[1.192s] -- Up-to-date: /home/elizabeth/MREN203_Trover/install/trover_description/share/trover_description/worlds/models/aws_robomaker_residential_ChairA_01/materials
[1.192s] -- Up-to-date: /home/elizabeth/MREN203_Trover/install/trover_description/share/trover_description/worlds/models/aws_robomaker_residential_ChairA_01/materials/textures
[1.192s] -- Up-to-date: /home/elizabeth/MREN203_Trover/install/trover_description/share/trover_description/worlds/models/aws_robomaker_residential_ChairA_01/materials/textures/aws_ChairA_01.png
[1.193s] -- Up-to-date: /home/elizabeth/MREN203_Trover/install/trover_description/share/trover_description/worlds/models/aws_robomaker_residential_ChairA_01/model.config
[1.193s] -- Up-to-date: /home/elizabeth/MREN203_Trover/install/trover_description/share/trover_description/worlds/models/aws_robomaker_residential_ChairA_01/meshes
[1.193s] -- Up-to-date: /home/elizabeth/MREN203_Trover/install/trover_description/share/trover_description/worlds/models/aws_robomaker_residential_ChairA_01/meshes/aws_ChairA_01_visual.DAE
[1.193s] -- Up-to-date: /home/elizabeth/MREN203_Trover/install/trover_description/share/trover_description/worlds/models/aws_robomaker_residential_ChairA_01/meshes/aws_ChairA_01_collision.DAE
[1.193s] -- Up-to-date: /home/elizabeth/MREN203_Trover/install/trover_description/share/trover_description/worlds/models/aws_robomaker_residential_Ball_01
[1.193s] -- Up-to-date: /home/elizabeth/MREN203_Trover/install/trover_description/share/trover_description/worlds/models/aws_robomaker_residential_Ball_01/model.sdf
[1.193s] -- Up-to-date: /home/elizabeth/MREN203_Trover/install/trover_description/share/trover_description/worlds/models/aws_robomaker_residential_Ball_01/materials
[1.193s] -- Up-to-date: /home/elizabeth/MREN203_Trover/install/trover_description/share/trover_description/worlds/models/aws_robomaker_residential_Ball_01/materials/textures
[1.193s] -- Up-to-date: /home/elizabeth/MREN203_Trover/install/trover_description/share/trover_description/worlds/models/aws_robomaker_residential_Ball_01/materials/textures/aws_Ball_01.png
[1.193s] -- Up-to-date: /home/elizabeth/MREN203_Trover/install/trover_description/share/trover_description/worlds/models/aws_robomaker_residential_Ball_01/model.config
[1.194s] -- Up-to-date: /home/elizabeth/MREN203_Trover/install/trover_description/share/trover_description/worlds/models/aws_robomaker_residential_Ball_01/meshes
[1.194s] -- Up-to-date: /home/elizabeth/MREN203_Trover/install/trover_description/share/trover_description/worlds/models/aws_robomaker_residential_Ball_01/meshes/aws_Ball_01_collision.DAE
[1.194s] -- Up-to-date: /home/elizabeth/MREN203_Trover/install/trover_description/share/trover_description/worlds/models/aws_robomaker_residential_Ball_01/meshes/aws_Ball_01_visual.DAE
[1.194s] -- Up-to-date: /home/elizabeth/MREN203_Trover/install/trover_description/share/trover_description/worlds/models/aws_robomaker_residential_Trash_01
[1.194s] -- Up-to-date: /home/elizabeth/MREN203_Trover/install/trover_description/share/trover_description/worlds/models/aws_robomaker_residential_Trash_01/model.sdf
[1.194s] -- Up-to-date: /home/elizabeth/MREN203_Trover/install/trover_description/share/trover_description/worlds/models/aws_robomaker_residential_Trash_01/materials
[1.194s] -- Up-to-date: /home/elizabeth/MREN203_Trover/install/trover_description/share/trover_description/worlds/models/aws_robomaker_residential_Trash_01/materials/textures
[1.194s] -- Up-to-date: /home/elizabeth/MREN203_Trover/install/trover_description/share/trover_description/worlds/models/aws_robomaker_residential_Trash_01/materials/textures/aws_Trash_01.png
[1.194s] -- Up-to-date: /home/elizabeth/MREN203_Trover/install/trover_description/share/trover_description/worlds/models/aws_robomaker_residential_Trash_01/model.config
[1.194s] -- Up-to-date: /home/elizabeth/MREN203_Trover/install/trover_description/share/trover_description/worlds/models/aws_robomaker_residential_Trash_01/meshes
[1.195s] -- Up-to-date: /home/elizabeth/MREN203_Trover/install/trover_description/share/trover_description/worlds/models/aws_robomaker_residential_Trash_01/meshes/aws_Trash_01_collision.DAE
[1.195s] -- Up-to-date: /home/elizabeth/MREN203_Trover/install/trover_description/share/trover_description/worlds/models/aws_robomaker_residential_Trash_01/meshes/aws_Trash_01_visual.DAE
[1.195s] -- Up-to-date: /home/elizabeth/MREN203_Trover/install/trover_description/share/trover_description/worlds/models/aws_robomaker_residential_PortraitA_02
[1.195s] -- Up-to-date: /home/elizabeth/MREN203_Trover/install/trover_description/share/trover_description/worlds/models/aws_robomaker_residential_PortraitA_02/model.sdf
[1.195s] -- Up-to-date: /home/elizabeth/MREN203_Trover/install/trover_description/share/trover_description/worlds/models/aws_robomaker_residential_PortraitA_02/materials
[1.195s] -- Up-to-date: /home/elizabeth/MREN203_Trover/install/trover_description/share/trover_description/worlds/models/aws_robomaker_residential_PortraitA_02/materials/textures
[1.195s] -- Up-to-date: /home/elizabeth/MREN203_Trover/install/trover_description/share/trover_description/worlds/models/aws_robomaker_residential_PortraitA_02/materials/textures/aws_PortraitA_02.png
[1.195s] -- Up-to-date: /home/elizabeth/MREN203_Trover/install/trover_description/share/trover_description/worlds/models/aws_robomaker_residential_PortraitA_02/materials/textures/aws_PortraitA_01.png
[1.195s] -- Up-to-date: /home/elizabeth/MREN203_Trover/install/trover_description/share/trover_description/worlds/models/aws_robomaker_residential_PortraitA_02/materials/textures/PortraitA_02.jpg
[1.195s] -- Up-to-date: /home/elizabeth/MREN203_Trover/install/trover_description/share/trover_description/worlds/models/aws_robomaker_residential_PortraitA_02/model.config
[1.195s] -- Up-to-date: /home/elizabeth/MREN203_Trover/install/trover_description/share/trover_description/worlds/models/aws_robomaker_residential_PortraitA_02/meshes
[1.196s] -- Up-to-date: /home/elizabeth/MREN203_Trover/install/trover_description/share/trover_description/worlds/models/aws_robomaker_residential_PortraitA_02/meshes/aws_PortraitA_01_collision.DAE
[1.196s] -- Up-to-date: /home/elizabeth/MREN203_Trover/install/trover_description/share/trover_description/worlds/models/aws_robomaker_residential_PortraitA_02/meshes/aws_PortraitA_01_visual.DAE
[1.196s] -- Up-to-date: /home/elizabeth/MREN203_Trover/install/trover_description/share/trover_description/worlds/models/aws_robomaker_residential_DeskPortraitA_02
[1.196s] -- Up-to-date: /home/elizabeth/MREN203_Trover/install/trover_description/share/trover_description/worlds/models/aws_robomaker_residential_DeskPortraitA_02/model.sdf
[1.196s] -- Up-to-date: /home/elizabeth/MREN203_Trover/install/trover_description/share/trover_description/worlds/models/aws_robomaker_residential_DeskPortraitA_02/materials
[1.196s] -- Up-to-date: /home/elizabeth/MREN203_Trover/install/trover_description/share/trover_description/worlds/models/aws_robomaker_residential_DeskPortraitA_02/materials/textures
[1.196s] -- Up-to-date: /home/elizabeth/MREN203_Trover/install/trover_description/share/trover_description/worlds/models/aws_robomaker_residential_DeskPortraitA_02/materials/textures/DeskPortraitA_02.jpg
[1.196s] -- Up-to-date: /home/elizabeth/MREN203_Trover/install/trover_description/share/trover_description/worlds/models/aws_robomaker_residential_DeskPortraitA_02/materials/textures/aws_DeskPortraitA_02.png
[1.196s] -- Up-to-date: /home/elizabeth/MREN203_Trover/install/trover_description/share/trover_description/worlds/models/aws_robomaker_residential_DeskPortraitA_02/materials/textures/aws_DeskPortraitA_01.png
[1.197s] -- Up-to-date: /home/elizabeth/MREN203_Trover/install/trover_description/share/trover_description/worlds/models/aws_robomaker_residential_DeskPortraitA_02/model.config
[1.197s] -- Up-to-date: /home/elizabeth/MREN203_Trover/install/trover_description/share/trover_description/worlds/models/aws_robomaker_residential_DeskPortraitA_02/meshes
[1.197s] -- Up-to-date: /home/elizabeth/MREN203_Trover/install/trover_description/share/trover_description/worlds/models/aws_robomaker_residential_DeskPortraitA_02/meshes/aws_DeskPortraitA_01_visual.DAE
[1.197s] -- Up-to-date: /home/elizabeth/MREN203_Trover/install/trover_description/share/trover_description/worlds/models/aws_robomaker_residential_DeskPortraitA_02/meshes/aws_DeskPortraitA_01_collision.DAE
[1.197s] -- Up-to-date: /home/elizabeth/MREN203_Trover/install/trover_description/share/trover_description/worlds/models/aws_robomaker_residential_KitchenTable_01
[1.197s] -- Up-to-date: /home/elizabeth/MREN203_Trover/install/trover_description/share/trover_description/worlds/models/aws_robomaker_residential_KitchenTable_01/model.sdf
[1.197s] -- Up-to-date: /home/elizabeth/MREN203_Trover/install/trover_description/share/trover_description/worlds/models/aws_robomaker_residential_KitchenTable_01/materials
[1.197s] -- Up-to-date: /home/elizabeth/MREN203_Trover/install/trover_description/share/trover_description/worlds/models/aws_robomaker_residential_KitchenTable_01/materials/textures
[1.197s] -- Up-to-date: /home/elizabeth/MREN203_Trover/install/trover_description/share/trover_description/worlds/models/aws_robomaker_residential_KitchenTable_01/materials/textures/aws_KitchenTable_01.png
[1.197s] -- Up-to-date: /home/elizabeth/MREN203_Trover/install/trover_description/share/trover_description/worlds/models/aws_robomaker_residential_KitchenTable_01/model.config
[1.198s] -- Up-to-date: /home/elizabeth/MREN203_Trover/install/trover_description/share/trover_description/worlds/models/aws_robomaker_residential_KitchenTable_01/meshes
[1.198s] -- Up-to-date: /home/elizabeth/MREN203_Trover/install/trover_description/share/trover_description/worlds/models/aws_robomaker_residential_KitchenTable_01/meshes/aws_KitchenTable_01_collision.DAE
[1.198s] -- Up-to-date: /home/elizabeth/MREN203_Trover/install/trover_description/share/trover_description/worlds/models/aws_robomaker_residential_KitchenTable_01/meshes/aws_KitchenTable_01_visual.DAE
[1.198s] -- Up-to-date: /home/elizabeth/MREN203_Trover/install/trover_description/share/trover_description/worlds/models/aws_robomaker_residential_FoldingDoor_01
[1.198s] -- Up-to-date: /home/elizabeth/MREN203_Trover/install/trover_description/share/trover_description/worlds/models/aws_robomaker_residential_FoldingDoor_01/model.sdf
[1.198s] -- Up-to-date: /home/elizabeth/MREN203_Trover/install/trover_description/share/trover_description/worlds/models/aws_robomaker_residential_FoldingDoor_01/materials
[1.198s] -- Up-to-date: /home/elizabeth/MREN203_Trover/install/trover_description/share/trover_description/worlds/models/aws_robomaker_residential_FoldingDoor_01/materials/textures
[1.198s] -- Up-to-date: /home/elizabeth/MREN203_Trover/install/trover_description/share/trover_description/worlds/models/aws_robomaker_residential_FoldingDoor_01/materials/textures/aws_FoldingDoor_01.png
[1.198s] -- Up-to-date: /home/elizabeth/MREN203_Trover/install/trover_description/share/trover_description/worlds/models/aws_robomaker_residential_FoldingDoor_01/model.config
[1.198s] -- Up-to-date: /home/elizabeth/MREN203_Trover/install/trover_description/share/trover_description/worlds/models/aws_robomaker_residential_FoldingDoor_01/meshes
[1.199s] -- Up-to-date: /home/elizabeth/MREN203_Trover/install/trover_description/share/trover_description/worlds/models/aws_robomaker_residential_FoldingDoor_01/meshes/aws_FoldingDoor_01_collision.DAE
[1.199s] -- Up-to-date: /home/elizabeth/MREN203_Trover/install/trover_description/share/trover_description/worlds/models/aws_robomaker_residential_FoldingDoor_01/meshes/aws_FoldingDoor_01_visual.DAE
[1.199s] -- Up-to-date: /home/elizabeth/MREN203_Trover/install/trover_description/share/trover_description/worlds/models/aws_robomaker_residential_Vase_01
[1.199s] -- Up-to-date: /home/elizabeth/MREN203_Trover/install/trover_description/share/trover_description/worlds/models/aws_robomaker_residential_Vase_01/model.sdf
[1.199s] -- Up-to-date: /home/elizabeth/MREN203_Trover/install/trover_description/share/trover_description/worlds/models/aws_robomaker_residential_Vase_01/materials
[1.199s] -- Up-to-date: /home/elizabeth/MREN203_Trover/install/trover_description/share/trover_description/worlds/models/aws_robomaker_residential_Vase_01/materials/textures
[1.199s] -- Up-to-date: /home/elizabeth/MREN203_Trover/install/trover_description/share/trover_description/worlds/models/aws_robomaker_residential_Vase_01/materials/textures/aws_Vase_01.png
[1.199s] -- Up-to-date: /home/elizabeth/MREN203_Trover/install/trover_description/share/trover_description/worlds/models/aws_robomaker_residential_Vase_01/model.config
[1.199s] -- Up-to-date: /home/elizabeth/MREN203_Trover/install/trover_description/share/trover_description/worlds/models/aws_robomaker_residential_Vase_01/meshes
[1.199s] -- Up-to-date: /home/elizabeth/MREN203_Trover/install/trover_description/share/trover_description/worlds/models/aws_robomaker_residential_Vase_01/meshes/aws_Vase_01_collision.DAE
[1.200s] -- Up-to-date: /home/elizabeth/MREN203_Trover/install/trover_description/share/trover_description/worlds/models/aws_robomaker_residential_Vase_01/meshes/aws_Vase_01_visual.DAE
[1.200s] -- Up-to-date: /home/elizabeth/MREN203_Trover/install/trover_description/share/trover_description/worlds/models/aws_robomaker_residential_ShoeRack_01
[1.200s] -- Up-to-date: /home/elizabeth/MREN203_Trover/install/trover_description/share/trover_description/worlds/models/aws_robomaker_residential_ShoeRack_01/model.sdf
[1.200s] -- Up-to-date: /home/elizabeth/MREN203_Trover/install/trover_description/share/trover_description/worlds/models/aws_robomaker_residential_ShoeRack_01/materials
[1.200s] -- Up-to-date: /home/elizabeth/MREN203_Trover/install/trover_description/share/trover_description/worlds/models/aws_robomaker_residential_ShoeRack_01/materials/textures
[1.200s] -- Up-to-date: /home/elizabeth/MREN203_Trover/install/trover_description/share/trover_description/worlds/models/aws_robomaker_residential_ShoeRack_01/materials/textures/aws_ShoeRack_01.png
[1.200s] -- Up-to-date: /home/elizabeth/MREN203_Trover/install/trover_description/share/trover_description/worlds/models/aws_robomaker_residential_ShoeRack_01/model.config
[1.200s] -- Up-to-date: /home/elizabeth/MREN203_Trover/install/trover_description/share/trover_description/worlds/models/aws_robomaker_residential_ShoeRack_01/meshes
[1.200s] -- Up-to-date: /home/elizabeth/MREN203_Trover/install/trover_description/share/trover_description/worlds/models/aws_robomaker_residential_ShoeRack_01/meshes/aws_ShoeRack_01_visual.DAE
[1.200s] -- Up-to-date: /home/elizabeth/MREN203_Trover/install/trover_description/share/trover_description/worlds/models/aws_robomaker_residential_ShoeRack_01/meshes/aws_ShoeRack_01_collision.DAE
[1.200s] -- Up-to-date: /home/elizabeth/MREN203_Trover/install/trover_description/share/trover_description/worlds/models/aws_robomaker_residential_Quilt_01
[1.200s] -- Up-to-date: /home/elizabeth/MREN203_Trover/install/trover_description/share/trover_description/worlds/models/aws_robomaker_residential_Quilt_01/model.sdf
[1.201s] -- Up-to-date: /home/elizabeth/MREN203_Trover/install/trover_description/share/trover_description/worlds/models/aws_robomaker_residential_Quilt_01/materials
[1.201s] -- Up-to-date: /home/elizabeth/MREN203_Trover/install/trover_description/share/trover_description/worlds/models/aws_robomaker_residential_Quilt_01/materials/textures
[1.201s] -- Up-to-date: /home/elizabeth/MREN203_Trover/install/trover_description/share/trover_description/worlds/models/aws_robomaker_residential_Quilt_01/materials/textures/aws_Quilt_01.png
[1.201s] -- Up-to-date: /home/elizabeth/MREN203_Trover/install/trover_description/share/trover_description/worlds/models/aws_robomaker_residential_Quilt_01/model.config
[1.201s] -- Up-to-date: /home/elizabeth/MREN203_Trover/install/trover_description/share/trover_description/worlds/models/aws_robomaker_residential_Quilt_01/meshes
[1.201s] -- Up-to-date: /home/elizabeth/MREN203_Trover/install/trover_description/share/trover_description/worlds/models/aws_robomaker_residential_Quilt_01/meshes/aws_Quilt_01_visual.DAE
[1.201s] -- Up-to-date: /home/elizabeth/MREN203_Trover/install/trover_description/share/trover_description/worlds/models/aws_robomaker_residential_Quilt_01/meshes/aws_Quilt_01_collision.DAE
[1.201s] -- Up-to-date: /home/elizabeth/MREN203_Trover/install/trover_description/share/trover_description/worlds/models/aws_robomaker_residential_PortraitE_02
[1.201s] -- Up-to-date: /home/elizabeth/MREN203_Trover/install/trover_description/share/trover_description/worlds/models/aws_robomaker_residential_PortraitE_02/model.sdf
[1.201s] -- Up-to-date: /home/elizabeth/MREN203_Trover/install/trover_description/share/trover_description/worlds/models/aws_robomaker_residential_PortraitE_02/materials
[1.202s] -- Up-to-date: /home/elizabeth/MREN203_Trover/install/trover_description/share/trover_description/worlds/models/aws_robomaker_residential_PortraitE_02/materials/textures
[1.202s] -- Up-to-date: /home/elizabeth/MREN203_Trover/install/trover_description/share/trover_description/worlds/models/aws_robomaker_residential_PortraitE_02/materials/textures/aws_PortraitE_02.png
[1.202s] -- Up-to-date: /home/elizabeth/MREN203_Trover/install/trover_description/share/trover_description/worlds/models/aws_robomaker_residential_PortraitE_02/materials/textures/aws_PortraitE_01.png
[1.202s] -- Up-to-date: /home/elizabeth/MREN203_Trover/install/trover_description/share/trover_description/worlds/models/aws_robomaker_residential_PortraitE_02/materials/textures/PortraitE_02.jpg
[1.202s] -- Up-to-date: /home/elizabeth/MREN203_Trover/install/trover_description/share/trover_description/worlds/models/aws_robomaker_residential_PortraitE_02/model.config
[1.202s] -- Up-to-date: /home/elizabeth/MREN203_Trover/install/trover_description/share/trover_description/worlds/models/aws_robomaker_residential_PortraitE_02/meshes
[1.202s] -- Up-to-date: /home/elizabeth/MREN203_Trover/install/trover_description/share/trover_description/worlds/models/aws_robomaker_residential_PortraitE_02/meshes/aws_PortraitE_01_visual.DAE
[1.202s] -- Up-to-date: /home/elizabeth/MREN203_Trover/install/trover_description/share/trover_description/worlds/models/aws_robomaker_residential_PortraitE_02/meshes/aws_PortraitE_01_collision.DAE
[1.202s] -- Up-to-date: /home/elizabeth/MREN203_Trover/install/trover_description/share/trover_description/worlds/models/aws_robomaker_residential_Carpet_01
[1.202s] -- Up-to-date: /home/elizabeth/MREN203_Trover/install/trover_description/share/trover_description/worlds/models/aws_robomaker_residential_Carpet_01/model.sdf
[1.202s] -- Up-to-date: /home/elizabeth/MREN203_Trover/install/trover_description/share/trover_description/worlds/models/aws_robomaker_residential_Carpet_01/materials
[1.202s] -- Up-to-date: /home/elizabeth/MREN203_Trover/install/trover_description/share/trover_description/worlds/models/aws_robomaker_residential_Carpet_01/materials/textures
[1.203s] -- Up-to-date: /home/elizabeth/MREN203_Trover/install/trover_description/share/trover_description/worlds/models/aws_robomaker_residential_Carpet_01/materials/textures/aws_Carpet_01.png
[1.203s] -- Up-to-date: /home/elizabeth/MREN203_Trover/install/trover_description/share/trover_description/worlds/models/aws_robomaker_residential_Carpet_01/model.config
[1.203s] -- Up-to-date: /home/elizabeth/MREN203_Trover/install/trover_description/share/trover_description/worlds/models/aws_robomaker_residential_Carpet_01/meshes
[1.203s] -- Up-to-date: /home/elizabeth/MREN203_Trover/install/trover_description/share/trover_description/worlds/models/aws_robomaker_residential_Carpet_01/meshes/aws_Carpet_01_collision.DAE
[1.203s] -- Up-to-date: /home/elizabeth/MREN203_Trover/install/trover_description/share/trover_description/worlds/models/aws_robomaker_residential_Carpet_01/meshes/aws_Carpet_01_visual.DAE
[1.203s] -- Up-to-date: /home/elizabeth/MREN203_Trover/install/trover_description/share/trover_description/worlds/models/aws_robomaker_residential_DeskPortraitD_02
[1.203s] -- Up-to-date: /home/elizabeth/MREN203_Trover/install/trover_description/share/trover_description/worlds/models/aws_robomaker_residential_DeskPortraitD_02/model.sdf
[1.203s] -- Up-to-date: /home/elizabeth/MREN203_Trover/install/trover_description/share/trover_description/worlds/models/aws_robomaker_residential_DeskPortraitD_02/materials
[1.203s] -- Up-to-date: /home/elizabeth/MREN203_Trover/install/trover_description/share/trover_description/worlds/models/aws_robomaker_residential_DeskPortraitD_02/materials/textures
[1.204s] -- Up-to-date: /home/elizabeth/MREN203_Trover/install/trover_description/share/trover_description/worlds/models/aws_robomaker_residential_DeskPortraitD_02/materials/textures/aws_DeskPortraitD_02.png
[1.204s] -- Up-to-date: /home/elizabeth/MREN203_Trover/install/trover_description/share/trover_description/worlds/models/aws_robomaker_residential_DeskPortraitD_02/materials/textures/DeskPortraitD_02.jpg
[1.204s] -- Up-to-date: /home/elizabeth/MREN203_Trover/install/trover_description/share/trover_description/worlds/models/aws_robomaker_residential_DeskPortraitD_02/materials/textures/aws_DeskPortraitD_01.png
[1.204s] -- Up-to-date: /home/elizabeth/MREN203_Trover/install/trover_description/share/trover_description/worlds/models/aws_robomaker_residential_DeskPortraitD_02/model.config
[1.204s] -- Up-to-date: /home/elizabeth/MREN203_Trover/install/trover_description/share/trover_description/worlds/models/aws_robomaker_residential_DeskPortraitD_02/meshes
[1.204s] -- Up-to-date: /home/elizabeth/MREN203_Trover/install/trover_description/share/trover_description/worlds/models/aws_robomaker_residential_DeskPortraitD_02/meshes/aws_DeskPortraitD_01_collision.DAE
[1.204s] -- Up-to-date: /home/elizabeth/MREN203_Trover/install/trover_description/share/trover_description/worlds/models/aws_robomaker_residential_DeskPortraitD_02/meshes/aws_DeskPortraitD_01_visual.DAE
[1.204s] -- Up-to-date: /home/elizabeth/MREN203_Trover/install/trover_description/share/trover_description/worlds/models/aws_robomaker_residential_FloorB_01
[1.205s] -- Up-to-date: /home/elizabeth/MREN203_Trover/install/trover_description/share/trover_description/worlds/models/aws_robomaker_residential_FloorB_01/model.sdf
[1.205s] -- Up-to-date: /home/elizabeth/MREN203_Trover/install/trover_description/share/trover_description/worlds/models/aws_robomaker_residential_FloorB_01/materials
[1.205s] -- Up-to-date: /home/elizabeth/MREN203_Trover/install/trover_description/share/trover_description/worlds/models/aws_robomaker_residential_FloorB_01/materials/textures
[1.205s] -- Up-to-date: /home/elizabeth/MREN203_Trover/install/trover_description/share/trover_description/worlds/models/aws_robomaker_residential_FloorB_01/materials/textures/aws_FloorB_01.png
[1.205s] -- Up-to-date: /home/elizabeth/MREN203_Trover/install/trover_description/share/trover_description/worlds/models/aws_robomaker_residential_FloorB_01/model.config
[1.205s] -- Up-to-date: /home/elizabeth/MREN203_Trover/install/trover_description/share/trover_description/worlds/models/aws_robomaker_residential_FloorB_01/meshes
[1.205s] -- Up-to-date: /home/elizabeth/MREN203_Trover/install/trover_description/share/trover_description/worlds/models/aws_robomaker_residential_FloorB_01/meshes/aws_FloorB_01_collision.DAE
[1.206s] -- Up-to-date: /home/elizabeth/MREN203_Trover/install/trover_description/share/trover_description/worlds/models/aws_robomaker_residential_FloorB_01/meshes/aws_FloorB_01_visual.DAE
[1.242s] -- Up-to-date: /home/elizabeth/MREN203_Trover/install/trover_description/share/trover_description/worlds/models/aws_robomaker_residential_RoomWindow_01
[1.243s] -- Up-to-date: /home/elizabeth/MREN203_Trover/install/trover_description/share/trover_description/worlds/models/aws_robomaker_residential_RoomWindow_01/model.sdf
[1.250s] -- Up-to-date: /home/elizabeth/MREN203_Trover/install/trover_description/share/trover_description/worlds/models/aws_robomaker_residential_RoomWindow_01/materials
[1.250s] -- Up-to-date: /home/elizabeth/MREN203_Trover/install/trover_description/share/trover_description/worlds/models/aws_robomaker_residential_RoomWindow_01/materials/textures
[1.251s] -- Up-to-date: /home/elizabeth/MREN203_Trover/install/trover_description/share/trover_description/worlds/models/aws_robomaker_residential_RoomWindow_01/materials/textures/aws_RoomWindow_01.png
[1.251s] -- Up-to-date: /home/elizabeth/MREN203_Trover/install/trover_description/share/trover_description/worlds/models/aws_robomaker_residential_RoomWindow_01/model.config
[1.251s] -- Up-to-date: /home/elizabeth/MREN203_Trover/install/trover_description/share/trover_description/worlds/models/aws_robomaker_residential_RoomWindow_01/meshes
[1.251s] -- Up-to-date: /home/elizabeth/MREN203_Trover/install/trover_description/share/trover_description/worlds/models/aws_robomaker_residential_RoomWindow_01/meshes/aws_RoomWindow_01_visual.DAE
[1.260s] -- Up-to-date: /home/elizabeth/MREN203_Trover/install/trover_description/share/trover_description/worlds/models/aws_robomaker_residential_RoomWindow_01/meshes/aws_RoomWindow_01_collision.DAE
[1.264s] -- Up-to-date: /home/elizabeth/MREN203_Trover/install/trover_description/share/trover_description/worlds/models/aws_robomaker_residential_SeasoningBox_01
[1.271s] -- Up-to-date: /home/elizabeth/MREN203_Trover/install/trover_description/share/trover_description/worlds/models/aws_robomaker_residential_SeasoningBox_01/model.sdf
[1.276s] -- Up-to-date: /home/elizabeth/MREN203_Trover/install/trover_description/share/trover_description/worlds/models/aws_robomaker_residential_SeasoningBox_01/materials
[1.277s] -- Up-to-date: /home/elizabeth/MREN203_Trover/install/trover_description/share/trover_description/worlds/models/aws_robomaker_residential_SeasoningBox_01/materials/textures
[1.277s] -- Up-to-date: /home/elizabeth/MREN203_Trover/install/trover_description/share/trover_description/worlds/models/aws_robomaker_residential_SeasoningBox_01/materials/textures/aws_SeasoningBox_01.png
[1.277s] -- Up-to-date: /home/elizabeth/MREN203_Trover/install/trover_description/share/trover_description/worlds/models/aws_robomaker_residential_SeasoningBox_01/model.config
[1.278s] -- Up-to-date: /home/elizabeth/MREN203_Trover/install/trover_description/share/trover_description/worlds/models/aws_robomaker_residential_SeasoningBox_01/meshes
[1.278s] -- Up-to-date: /home/elizabeth/MREN203_Trover/install/trover_description/share/trover_description/worlds/models/aws_robomaker_residential_SeasoningBox_01/meshes/aws_SeasoningBox_01_collision.DAE
[1.278s] -- Up-to-date: /home/elizabeth/MREN203_Trover/install/trover_description/share/trover_description/worlds/models/aws_robomaker_residential_SeasoningBox_01/meshes/aws_SeasoningBox_01_visual.DAE
[1.280s] -- Up-to-date: /home/elizabeth/MREN203_Trover/install/trover_description/share/trover_description/worlds/models/aws_robomaker_residential_BalconyTable_01
[1.280s] -- Up-to-date: /home/elizabeth/MREN203_Trover/install/trover_description/share/trover_description/worlds/models/aws_robomaker_residential_BalconyTable_01/model.sdf
[1.283s] -- Up-to-date: /home/elizabeth/MREN203_Trover/install/trover_description/share/trover_description/worlds/models/aws_robomaker_residential_BalconyTable_01/materials
[1.286s] -- Up-to-date: /home/elizabeth/MREN203_Trover/install/trover_description/share/trover_description/worlds/models/aws_robomaker_residential_BalconyTable_01/materials/textures
[1.286s] -- Up-to-date: /home/elizabeth/MREN203_Trover/install/trover_description/share/trover_description/worlds/models/aws_robomaker_residential_BalconyTable_01/materials/textures/aws_BalconyTable_01.png
[1.286s] -- Up-to-date: /home/elizabeth/MREN203_Trover/install/trover_description/share/trover_description/worlds/models/aws_robomaker_residential_BalconyTable_01/model.config
[1.287s] -- Up-to-date: /home/elizabeth/MREN203_Trover/install/trover_description/share/trover_description/worlds/models/aws_robomaker_residential_BalconyTable_01/meshes
[1.293s] -- Up-to-date: /home/elizabeth/MREN203_Trover/install/trover_description/share/trover_description/worlds/models/aws_robomaker_residential_BalconyTable_01/meshes/aws_BalconyTable_01_visual.DAE
[1.296s] -- Up-to-date: /home/elizabeth/MREN203_Trover/install/trover_description/share/trover_description/worlds/models/aws_robomaker_residential_BalconyTable_01/meshes/aws_BalconyTable_01_collision.DAE
[1.296s] -- Up-to-date: /home/elizabeth/MREN203_Trover/install/trover_description/share/trover_description/worlds/models/aws_robomaker_residential_Rangehood_01
[1.298s] -- Up-to-date: /home/elizabeth/MREN203_Trover/install/trover_description/share/trover_description/worlds/models/aws_robomaker_residential_Rangehood_01/model.sdf
[1.306s] -- Up-to-date: /home/elizabeth/MREN203_Trover/install/trover_description/share/trover_description/worlds/models/aws_robomaker_residential_Rangehood_01/materials
[1.307s] -- Up-to-date: /home/elizabeth/MREN203_Trover/install/trover_description/share/trover_description/worlds/models/aws_robomaker_residential_Rangehood_01/materials/textures
[1.307s] -- Up-to-date: /home/elizabeth/MREN203_Trover/install/trover_description/share/trover_description/worlds/models/aws_robomaker_residential_Rangehood_01/materials/textures/aws_Rangehood_01.png
[1.307s] -- Up-to-date: /home/elizabeth/MREN203_Trover/install/trover_description/share/trover_description/worlds/models/aws_robomaker_residential_Rangehood_01/model.config
[1.307s] -- Up-to-date: /home/elizabeth/MREN203_Trover/install/trover_description/share/trover_description/worlds/models/aws_robomaker_residential_Rangehood_01/meshes
[1.307s] -- Up-to-date: /home/elizabeth/MREN203_Trover/install/trover_description/share/trover_description/worlds/models/aws_robomaker_residential_Rangehood_01/meshes/aws_Rangehood_01_collision.DAE
[1.310s] -- Up-to-date: /home/elizabeth/MREN203_Trover/install/trover_description/share/trover_description/worlds/models/aws_robomaker_residential_Rangehood_01/meshes/aws_Rangehood_01_visual.DAE
[1.311s] -- Up-to-date: /home/elizabeth/MREN203_Trover/install/trover_description/share/trover_description/worlds/models/aws_robomaker_residential_PortraitD_02
[1.311s] -- Up-to-date: /home/elizabeth/MREN203_Trover/install/trover_description/share/trover_description/worlds/models/aws_robomaker_residential_PortraitD_02/model.sdf
[1.312s] -- Up-to-date: /home/elizabeth/MREN203_Trover/install/trover_description/share/trover_description/worlds/models/aws_robomaker_residential_PortraitD_02/materials
[1.312s] -- Up-to-date: /home/elizabeth/MREN203_Trover/install/trover_description/share/trover_description/worlds/models/aws_robomaker_residential_PortraitD_02/materials/textures
[1.312s] -- Up-to-date: /home/elizabeth/MREN203_Trover/install/trover_description/share/trover_description/worlds/models/aws_robomaker_residential_PortraitD_02/materials/textures/PortraitD_02.jpg
[1.312s] -- Up-to-date: /home/elizabeth/MREN203_Trover/install/trover_description/share/trover_description/worlds/models/aws_robomaker_residential_PortraitD_02/materials/textures/aws_PortraitD_02.png
[1.312s] -- Up-to-date: /home/elizabeth/MREN203_Trover/install/trover_description/share/trover_description/worlds/models/aws_robomaker_residential_PortraitD_02/materials/textures/aws_PortraitD_01.png
[1.312s] -- Up-to-date: /home/elizabeth/MREN203_Trover/install/trover_description/share/trover_description/worlds/models/aws_robomaker_residential_PortraitD_02/model.config
[1.312s] -- Up-to-date: /home/elizabeth/MREN203_Trover/install/trover_description/share/trover_description/worlds/models/aws_robomaker_residential_PortraitD_02/meshes
[1.312s] -- Up-to-date: /home/elizabeth/MREN203_Trover/install/trover_description/share/trover_description/worlds/models/aws_robomaker_residential_PortraitD_02/meshes/aws_PortraitD_01_collision.DAE
[1.312s] -- Up-to-date: /home/elizabeth/MREN203_Trover/install/trover_description/share/trover_description/worlds/models/aws_robomaker_residential_PortraitD_02/meshes/aws_PortraitD_01_visual.DAE
[1.312s] -- Up-to-date: /home/elizabeth/MREN203_Trover/install/trover_description/share/trover_description/worlds/models/aws_robomaker_residential_Bed_01
[1.312s] -- Up-to-date: /home/elizabeth/MREN203_Trover/install/trover_description/share/trover_description/worlds/models/aws_robomaker_residential_Bed_01/model.sdf
[1.313s] -- Up-to-date: /home/elizabeth/MREN203_Trover/install/trover_description/share/trover_description/worlds/models/aws_robomaker_residential_Bed_01/materials
[1.313s] -- Up-to-date: /home/elizabeth/MREN203_Trover/install/trover_description/share/trover_description/worlds/models/aws_robomaker_residential_Bed_01/materials/textures
[1.313s] -- Up-to-date: /home/elizabeth/MREN203_Trover/install/trover_description/share/trover_description/worlds/models/aws_robomaker_residential_Bed_01/materials/textures/aws_Bed_01.png
[1.313s] -- Up-to-date: /home/elizabeth/MREN203_Trover/install/trover_description/share/trover_description/worlds/models/aws_robomaker_residential_Bed_01/materials/textures/aws_BedC_01.png
[1.313s] -- Up-to-date: /home/elizabeth/MREN203_Trover/install/trover_description/share/trover_description/worlds/models/aws_robomaker_residential_Bed_01/materials/textures/aws_BedB_01.png
[1.313s] -- Up-to-date: /home/elizabeth/MREN203_Trover/install/trover_description/share/trover_description/worlds/models/aws_robomaker_residential_Bed_01/materials/textures/aws_BedA_01.png
[1.313s] -- Up-to-date: /home/elizabeth/MREN203_Trover/install/trover_description/share/trover_description/worlds/models/aws_robomaker_residential_Bed_01/model.config
[1.313s] -- Up-to-date: /home/elizabeth/MREN203_Trover/install/trover_description/share/trover_description/worlds/models/aws_robomaker_residential_Bed_01/meshes
[1.313s] -- Up-to-date: /home/elizabeth/MREN203_Trover/install/trover_description/share/trover_description/worlds/models/aws_robomaker_residential_Bed_01/meshes/aws_Bed_01_visual.DAE
[1.313s] -- Up-to-date: /home/elizabeth/MREN203_Trover/install/trover_description/share/trover_description/worlds/models/aws_robomaker_residential_Bed_01/meshes/aws_Bed_01_collision.DAE
[1.314s] -- Up-to-date: /home/elizabeth/MREN203_Trover/install/trover_description/share/trover_description/worlds/models/aws_robomaker_residential_FitnessEquipment_01
[1.314s] -- Up-to-date: /home/elizabeth/MREN203_Trover/install/trover_description/share/trover_description/worlds/models/aws_robomaker_residential_FitnessEquipment_01/model.sdf
[1.314s] -- Up-to-date: /home/elizabeth/MREN203_Trover/install/trover_description/share/trover_description/worlds/models/aws_robomaker_residential_FitnessEquipment_01/materials
[1.314s] -- Up-to-date: /home/elizabeth/MREN203_Trover/install/trover_description/share/trover_description/worlds/models/aws_robomaker_residential_FitnessEquipment_01/materials/textures
[1.314s] -- Up-to-date: /home/elizabeth/MREN203_Trover/install/trover_description/share/trover_description/worlds/models/aws_robomaker_residential_FitnessEquipment_01/materials/textures/aws_FitnessEquipment_01.png
[1.314s] -- Up-to-date: /home/elizabeth/MREN203_Trover/install/trover_description/share/trover_description/worlds/models/aws_robomaker_residential_FitnessEquipment_01/model.config
[1.314s] -- Up-to-date: /home/elizabeth/MREN203_Trover/install/trover_description/share/trover_description/worlds/models/aws_robomaker_residential_FitnessEquipment_01/meshes
[1.314s] -- Up-to-date: /home/elizabeth/MREN203_Trover/install/trover_description/share/trover_description/worlds/models/aws_robomaker_residential_FitnessEquipment_01/meshes/aws_FitnessEquipment_01_visual.DAE
[1.314s] -- Up-to-date: /home/elizabeth/MREN203_Trover/install/trover_description/share/trover_description/worlds/models/aws_robomaker_residential_FitnessEquipment_01/meshes/aws_FitnessEquipment_01_collision.DAE
[1.314s] -- Up-to-date: /home/elizabeth/MREN203_Trover/install/trover_description/share/trover_description/worlds/models/aws_robomaker_residential_KitchenCabinet_01
[1.314s] -- Up-to-date: /home/elizabeth/MREN203_Trover/install/trover_description/share/trover_description/worlds/models/aws_robomaker_residential_KitchenCabinet_01/model.sdf
[1.314s] -- Up-to-date: /home/elizabeth/MREN203_Trover/install/trover_description/share/trover_description/worlds/models/aws_robomaker_residential_KitchenCabinet_01/materials
[1.315s] -- Up-to-date: /home/elizabeth/MREN203_Trover/install/trover_description/share/trover_description/worlds/models/aws_robomaker_residential_KitchenCabinet_01/materials/textures
[1.315s] -- Up-to-date: /home/elizabeth/MREN203_Trover/install/trover_description/share/trover_description/worlds/models/aws_robomaker_residential_KitchenCabinet_01/materials/textures/aws_KitchenCabinet_01.png
[1.315s] -- Up-to-date: /home/elizabeth/MREN203_Trover/install/trover_description/share/trover_description/worlds/models/aws_robomaker_residential_KitchenCabinet_01/model.config
[1.315s] -- Up-to-date: /home/elizabeth/MREN203_Trover/install/trover_description/share/trover_description/worlds/models/aws_robomaker_residential_KitchenCabinet_01/meshes
[1.315s] -- Up-to-date: /home/elizabeth/MREN203_Trover/install/trover_description/share/trover_description/worlds/models/aws_robomaker_residential_KitchenCabinet_01/meshes/aws_KitchenCabinet_01_visual.DAE
[1.315s] -- Up-to-date: /home/elizabeth/MREN203_Trover/install/trover_description/share/trover_description/worlds/models/aws_robomaker_residential_KitchenCabinet_01/meshes/aws_KitchenCabinet_01_collision.DAE
[1.315s] -- Up-to-date: /home/elizabeth/MREN203_Trover/install/trover_description/share/trover_description/worlds/models/aws_robomaker_residential_NightStand_01
[1.315s] -- Up-to-date: /home/elizabeth/MREN203_Trover/install/trover_description/share/trover_description/worlds/models/aws_robomaker_residential_NightStand_01/model.sdf
[1.315s] -- Up-to-date: /home/elizabeth/MREN203_Trover/install/trover_description/share/trover_description/worlds/models/aws_robomaker_residential_NightStand_01/materials
[1.316s] -- Up-to-date: /home/elizabeth/MREN203_Trover/install/trover_description/share/trover_description/worlds/models/aws_robomaker_residential_NightStand_01/materials/textures
[1.316s] -- Up-to-date: /home/elizabeth/MREN203_Trover/install/trover_description/share/trover_description/worlds/models/aws_robomaker_residential_NightStand_01/materials/textures/aws_NightStand_01.png
[1.316s] -- Up-to-date: /home/elizabeth/MREN203_Trover/install/trover_description/share/trover_description/worlds/models/aws_robomaker_residential_NightStand_01/model.config
[1.316s] -- Up-to-date: /home/elizabeth/MREN203_Trover/install/trover_description/share/trover_description/worlds/models/aws_robomaker_residential_NightStand_01/meshes
[1.316s] -- Up-to-date: /home/elizabeth/MREN203_Trover/install/trover_description/share/trover_description/worlds/models/aws_robomaker_residential_NightStand_01/meshes/aws_NightStand_01_visual.DAE
[1.316s] -- Up-to-date: /home/elizabeth/MREN203_Trover/install/trover_description/share/trover_description/worlds/models/aws_robomaker_residential_NightStand_01/meshes/aws_NightStand_01_collision.DAE
[1.316s] -- Up-to-date: /home/elizabeth/MREN203_Trover/install/trover_description/share/trover_description/worlds/models/aws_robomaker_residential_PortraitC_01
[1.316s] -- Up-to-date: /home/elizabeth/MREN203_Trover/install/trover_description/share/trover_description/worlds/models/aws_robomaker_residential_PortraitC_01/model.sdf
[1.316s] -- Up-to-date: /home/elizabeth/MREN203_Trover/install/trover_description/share/trover_description/worlds/models/aws_robomaker_residential_PortraitC_01/materials
[1.316s] -- Up-to-date: /home/elizabeth/MREN203_Trover/install/trover_description/share/trover_description/worlds/models/aws_robomaker_residential_PortraitC_01/materials/textures
[1.316s] -- Up-to-date: /home/elizabeth/MREN203_Trover/install/trover_description/share/trover_description/worlds/models/aws_robomaker_residential_PortraitC_01/materials/textures/aws_PortraitC_02.png
[1.317s] -- Up-to-date: /home/elizabeth/MREN203_Trover/install/trover_description/share/trover_description/worlds/models/aws_robomaker_residential_PortraitC_01/materials/textures/aws_PortraitC_01.png
[1.317s] -- Up-to-date: /home/elizabeth/MREN203_Trover/install/trover_description/share/trover_description/worlds/models/aws_robomaker_residential_PortraitC_01/materials/textures/PortraitC_01.jpg
[1.317s] -- Up-to-date: /home/elizabeth/MREN203_Trover/install/trover_description/share/trover_description/worlds/models/aws_robomaker_residential_PortraitC_01/model.config
[1.317s] -- Up-to-date: /home/elizabeth/MREN203_Trover/install/trover_description/share/trover_description/worlds/models/aws_robomaker_residential_PortraitC_01/meshes
[1.317s] -- Up-to-date: /home/elizabeth/MREN203_Trover/install/trover_description/share/trover_description/worlds/models/aws_robomaker_residential_PortraitC_01/meshes/aws_PortraitC_01_collision.DAE
[1.317s] -- Up-to-date: /home/elizabeth/MREN203_Trover/install/trover_description/share/trover_description/worlds/models/aws_robomaker_residential_PortraitC_01/meshes/aws_PortraitC_01_visual.DAE
[1.317s] -- Up-to-date: /home/elizabeth/MREN203_Trover/install/trover_description/share/trover_description/worlds/models/aws_robomaker_residential_PortraitA_01
[1.317s] -- Up-to-date: /home/elizabeth/MREN203_Trover/install/trover_description/share/trover_description/worlds/models/aws_robomaker_residential_PortraitA_01/model.sdf
[1.317s] -- Up-to-date: /home/elizabeth/MREN203_Trover/install/trover_description/share/trover_description/worlds/models/aws_robomaker_residential_PortraitA_01/materials
[1.317s] -- Up-to-date: /home/elizabeth/MREN203_Trover/install/trover_description/share/trover_description/worlds/models/aws_robomaker_residential_PortraitA_01/materials/textures
[1.318s] -- Up-to-date: /home/elizabeth/MREN203_Trover/install/trover_description/share/trover_description/worlds/models/aws_robomaker_residential_PortraitA_01/materials/textures/PortraitA_01.jpg
[1.318s] -- Up-to-date: /home/elizabeth/MREN203_Trover/install/trover_description/share/trover_description/worlds/models/aws_robomaker_residential_PortraitA_01/materials/textures/aws_PortraitA_02.png
[1.318s] -- Up-to-date: /home/elizabeth/MREN203_Trover/install/trover_description/share/trover_description/worlds/models/aws_robomaker_residential_PortraitA_01/materials/textures/aws_PortraitA_01.png
[1.318s] -- Up-to-date: /home/elizabeth/MREN203_Trover/install/trover_description/share/trover_description/worlds/models/aws_robomaker_residential_PortraitA_01/model.config
[1.318s] -- Up-to-date: /home/elizabeth/MREN203_Trover/install/trover_description/share/trover_description/worlds/models/aws_robomaker_residential_PortraitA_01/meshes
[1.318s] -- Up-to-date: /home/elizabeth/MREN203_Trover/install/trover_description/share/trover_description/worlds/models/aws_robomaker_residential_PortraitA_01/meshes/aws_PortraitA_01_collision.DAE
[1.319s] -- Up-to-date: /home/elizabeth/MREN203_Trover/install/trover_description/share/trover_description/worlds/models/aws_robomaker_residential_PortraitA_01/meshes/aws_PortraitA_01_visual.DAE
[1.319s] -- Up-to-date: /home/elizabeth/MREN203_Trover/install/trover_description/share/trover_description/worlds/models/aws_robomaker_residential_TV_02
[1.319s] -- Up-to-date: /home/elizabeth/MREN203_Trover/install/trover_description/share/trover_description/worlds/models/aws_robomaker_residential_TV_02/model.sdf
[1.319s] -- Up-to-date: /home/elizabeth/MREN203_Trover/install/trover_description/share/trover_description/worlds/models/aws_robomaker_residential_TV_02/materials
[1.319s] -- Up-to-date: /home/elizabeth/MREN203_Trover/install/trover_description/share/trover_description/worlds/models/aws_robomaker_residential_TV_02/materials/textures
[1.319s] -- Up-to-date: /home/elizabeth/MREN203_Trover/install/trover_description/share/trover_description/worlds/models/aws_robomaker_residential_TV_02/materials/textures/aws_TV_01.png
[1.320s] -- Up-to-date: /home/elizabeth/MREN203_Trover/install/trover_description/share/trover_description/worlds/models/aws_robomaker_residential_TV_02/model.config
[1.320s] -- Up-to-date: /home/elizabeth/MREN203_Trover/install/trover_description/share/trover_description/worlds/models/aws_robomaker_residential_TV_02/meshes
[1.320s] -- Up-to-date: /home/elizabeth/MREN203_Trover/install/trover_description/share/trover_description/worlds/models/aws_robomaker_residential_TV_02/meshes/aws_TV_01_collision.DAE
[1.320s] -- Up-to-date: /home/elizabeth/MREN203_Trover/install/trover_description/share/trover_description/worlds/models/aws_robomaker_residential_TV_02/meshes/aws_TV_01_visual.DAE
[1.320s] -- Up-to-date: /home/elizabeth/MREN203_Trover/install/trover_description/share/trover_description/worlds/models/aws_robomaker_residential_Wardrobe_01
[1.320s] -- Up-to-date: /home/elizabeth/MREN203_Trover/install/trover_description/share/trover_description/worlds/models/aws_robomaker_residential_Wardrobe_01/model.sdf
[1.320s] -- Up-to-date: /home/elizabeth/MREN203_Trover/install/trover_description/share/trover_description/worlds/models/aws_robomaker_residential_Wardrobe_01/materials
[1.320s] -- Up-to-date: /home/elizabeth/MREN203_Trover/install/trover_description/share/trover_description/worlds/models/aws_robomaker_residential_Wardrobe_01/materials/textures
[1.320s] -- Up-to-date: /home/elizabeth/MREN203_Trover/install/trover_description/share/trover_description/worlds/models/aws_robomaker_residential_Wardrobe_01/materials/textures/aws_Wardrobe_01.png
[1.321s] -- Up-to-date: /home/elizabeth/MREN203_Trover/install/trover_description/share/trover_description/worlds/models/aws_robomaker_residential_Wardrobe_01/model.config
[1.321s] -- Up-to-date: /home/elizabeth/MREN203_Trover/install/trover_description/share/trover_description/worlds/models/aws_robomaker_residential_Wardrobe_01/meshes
[1.325s] -- Up-to-date: /home/elizabeth/MREN203_Trover/install/trover_description/share/trover_description/worlds/models/aws_robomaker_residential_Wardrobe_01/meshes/aws_Wardrobe_01_visual.DAE
[1.325s] -- Up-to-date: /home/elizabeth/MREN203_Trover/install/trover_description/share/trover_description/worlds/models/aws_robomaker_residential_Wardrobe_01/meshes/aws_Wardrobe_01_collision.DAE
[1.325s] -- Up-to-date: /home/elizabeth/MREN203_Trover/install/trover_description/share/trover_description/worlds/models/aws_robomaker_residential_PortraitB_03
[1.327s] -- Up-to-date: /home/elizabeth/MREN203_Trover/install/trover_description/share/trover_description/worlds/models/aws_robomaker_residential_PortraitB_03/model.sdf
[1.329s] -- Up-to-date: /home/elizabeth/MREN203_Trover/install/trover_description/share/trover_description/worlds/models/aws_robomaker_residential_PortraitB_03/materials
[1.330s] -- Up-to-date: /home/elizabeth/MREN203_Trover/install/trover_description/share/trover_description/worlds/models/aws_robomaker_residential_PortraitB_03/materials/textures
[1.330s] -- Up-to-date: /home/elizabeth/MREN203_Trover/install/trover_description/share/trover_description/worlds/models/aws_robomaker_residential_PortraitB_03/materials/textures/aws_PortraitB_01.png
[1.335s] -- Up-to-date: /home/elizabeth/MREN203_Trover/install/trover_description/share/trover_description/worlds/models/aws_robomaker_residential_PortraitB_03/materials/textures/PortraitB_03.jpg
[1.336s] -- Up-to-date: /home/elizabeth/MREN203_Trover/install/trover_description/share/trover_description/worlds/models/aws_robomaker_residential_PortraitB_03/materials/textures/aws_PortraitB_02.png
[1.338s] -- Up-to-date: /home/elizabeth/MREN203_Trover/install/trover_description/share/trover_description/worlds/models/aws_robomaker_residential_PortraitB_03/model.config
[1.338s] -- Up-to-date: /home/elizabeth/MREN203_Trover/install/trover_description/share/trover_description/worlds/models/aws_robomaker_residential_PortraitB_03/meshes
[1.338s] -- Up-to-date: /home/elizabeth/MREN203_Trover/install/trover_description/share/trover_description/worlds/models/aws_robomaker_residential_PortraitB_03/meshes/aws_PortraitB_01_collision.DAE
[1.341s] -- Up-to-date: /home/elizabeth/MREN203_Trover/install/trover_description/share/trover_description/worlds/models/aws_robomaker_residential_PortraitB_03/meshes/aws_PortraitB_01_visual.DAE
[1.342s] -- Up-to-date: /home/elizabeth/MREN203_Trover/install/trover_description/share/trover_description/worlds/models/aws_robomaker_residential_FoldingDoor_02
[1.346s] -- Up-to-date: /home/elizabeth/MREN203_Trover/install/trover_description/share/trover_description/worlds/models/aws_robomaker_residential_FoldingDoor_02/model.sdf
[1.347s] -- Up-to-date: /home/elizabeth/MREN203_Trover/install/trover_description/share/trover_description/worlds/models/aws_robomaker_residential_FoldingDoor_02/materials
[1.352s] -- Up-to-date: /home/elizabeth/MREN203_Trover/install/trover_description/share/trover_description/worlds/models/aws_robomaker_residential_FoldingDoor_02/materials/textures
[1.352s] -- Up-to-date: /home/elizabeth/MREN203_Trover/install/trover_description/share/trover_description/worlds/models/aws_robomaker_residential_FoldingDoor_02/materials/textures/aws_FoldingDoor_02.png
[1.352s] -- Up-to-date: /home/elizabeth/MREN203_Trover/install/trover_description/share/trover_description/worlds/models/aws_robomaker_residential_FoldingDoor_02/model.config
[1.352s] -- Up-to-date: /home/elizabeth/MREN203_Trover/install/trover_description/share/trover_description/worlds/models/aws_robomaker_residential_FoldingDoor_02/meshes
[1.352s] -- Up-to-date: /home/elizabeth/MREN203_Trover/install/trover_description/share/trover_description/worlds/models/aws_robomaker_residential_FoldingDoor_02/meshes/aws_FoldingDoor_02_collision.DAE
[1.353s] -- Up-to-date: /home/elizabeth/MREN203_Trover/install/trover_description/share/trover_description/worlds/models/aws_robomaker_residential_FoldingDoor_02/meshes/aws_FoldingDoor_02_visual.DAE
[1.357s] -- Up-to-date: /home/elizabeth/MREN203_Trover/install/trover_description/share/trover_description/worlds/models/aws_robomaker_residential_PortraitB_01
[1.364s] -- Up-to-date: /home/elizabeth/MREN203_Trover/install/trover_description/share/trover_description/worlds/models/aws_robomaker_residential_PortraitB_01/model.sdf
[1.364s] -- Up-to-date: /home/elizabeth/MREN203_Trover/install/trover_description/share/trover_description/worlds/models/aws_robomaker_residential_PortraitB_01/materials
[1.364s] -- Up-to-date: /home/elizabeth/MREN203_Trover/install/trover_description/share/trover_description/worlds/models/aws_robomaker_residential_PortraitB_01/materials/textures
[1.366s] -- Up-to-date: /home/elizabeth/MREN203_Trover/install/trover_description/share/trover_description/worlds/models/aws_robomaker_residential_PortraitB_01/materials/textures/aws_PortraitB_01.png
[1.369s] -- Up-to-date: /home/elizabeth/MREN203_Trover/install/trover_description/share/trover_description/worlds/models/aws_robomaker_residential_PortraitB_01/materials/textures/PortraitB_01.jpg
[1.375s] -- Up-to-date: /home/elizabeth/MREN203_Trover/install/trover_description/share/trover_description/worlds/models/aws_robomaker_residential_PortraitB_01/materials/textures/aws_PortraitB_02.png
[1.375s] -- Up-to-date: /home/elizabeth/MREN203_Trover/install/trover_description/share/trover_description/worlds/models/aws_robomaker_residential_PortraitB_01/model.config
[1.376s] -- Up-to-date: /home/elizabeth/MREN203_Trover/install/trover_description/share/trover_description/worlds/models/aws_robomaker_residential_PortraitB_01/meshes
[1.376s] -- Up-to-date: /home/elizabeth/MREN203_Trover/install/trover_description/share/trover_description/worlds/models/aws_robomaker_residential_PortraitB_01/meshes/aws_PortraitB_01_collision.DAE
[1.376s] -- Up-to-date: /home/elizabeth/MREN203_Trover/install/trover_description/share/trover_description/worlds/models/aws_robomaker_residential_PortraitB_01/meshes/aws_PortraitB_01_visual.DAE
[1.376s] -- Up-to-date: /home/elizabeth/MREN203_Trover/install/trover_description/share/trover_description/worlds/models/aws_robomaker_residential_Tableware_01
[1.376s] -- Up-to-date: /home/elizabeth/MREN203_Trover/install/trover_description/share/trover_description/worlds/models/aws_robomaker_residential_Tableware_01/model.sdf
[1.376s] -- Up-to-date: /home/elizabeth/MREN203_Trover/install/trover_description/share/trover_description/worlds/models/aws_robomaker_residential_Tableware_01/materials
[1.376s] -- Up-to-date: /home/elizabeth/MREN203_Trover/install/trover_description/share/trover_description/worlds/models/aws_robomaker_residential_Tableware_01/materials/textures
[1.377s] -- Up-to-date: /home/elizabeth/MREN203_Trover/install/trover_description/share/trover_description/worlds/models/aws_robomaker_residential_Tableware_01/materials/textures/aws_Tableware_01.png
[1.377s] -- Up-to-date: /home/elizabeth/MREN203_Trover/install/trover_description/share/trover_description/worlds/models/aws_robomaker_residential_Tableware_01/model.config
[1.377s] -- Up-to-date: /home/elizabeth/MREN203_Trover/install/trover_description/share/trover_description/worlds/models/aws_robomaker_residential_Tableware_01/meshes
[1.377s] -- Up-to-date: /home/elizabeth/MREN203_Trover/install/trover_description/share/trover_description/worlds/models/aws_robomaker_residential_Tableware_01/meshes/aws_Tableware_01_visual.DAE
[1.378s] -- Up-to-date: /home/elizabeth/MREN203_Trover/install/trover_description/share/trover_description/worlds/models/aws_robomaker_residential_Tableware_01/meshes/aws_Tableware_01_collision.DAE
[1.378s] -- Up-to-date: /home/elizabeth/MREN203_Trover/install/trover_description/share/trover_description/worlds/models/aws_robomaker_residential_PortraitB_02
[1.378s] -- Up-to-date: /home/elizabeth/MREN203_Trover/install/trover_description/share/trover_description/worlds/models/aws_robomaker_residential_PortraitB_02/model.sdf
[1.378s] -- Up-to-date: /home/elizabeth/MREN203_Trover/install/trover_description/share/trover_description/worlds/models/aws_robomaker_residential_PortraitB_02/materials
[1.378s] -- Up-to-date: /home/elizabeth/MREN203_Trover/install/trover_description/share/trover_description/worlds/models/aws_robomaker_residential_PortraitB_02/materials/textures
[1.378s] -- Up-to-date: /home/elizabeth/MREN203_Trover/install/trover_description/share/trover_description/worlds/models/aws_robomaker_residential_PortraitB_02/materials/textures/aws_PortraitB_01.png
[1.378s] -- Up-to-date: /home/elizabeth/MREN203_Trover/install/trover_description/share/trover_description/worlds/models/aws_robomaker_residential_PortraitB_02/materials/textures/PortraitB_02.jpg
[1.379s] -- Up-to-date: /home/elizabeth/MREN203_Trover/install/trover_description/share/trover_description/worlds/models/aws_robomaker_residential_PortraitB_02/materials/textures/aws_PortraitB_02.png
[1.379s] -- Up-to-date: /home/elizabeth/MREN203_Trover/install/trover_description/share/trover_description/worlds/models/aws_robomaker_residential_PortraitB_02/model.config
[1.379s] -- Up-to-date: /home/elizabeth/MREN203_Trover/install/trover_description/share/trover_description/worlds/models/aws_robomaker_residential_PortraitB_02/meshes
[1.379s] -- Up-to-date: /home/elizabeth/MREN203_Trover/install/trover_description/share/trover_description/worlds/models/aws_robomaker_residential_PortraitB_02/meshes/aws_PortraitB_01_collision.DAE
[1.379s] -- Up-to-date: /home/elizabeth/MREN203_Trover/install/trover_description/share/trover_description/worlds/models/aws_robomaker_residential_PortraitB_02/meshes/aws_PortraitB_01_visual.DAE
[1.379s] -- Up-to-date: /home/elizabeth/MREN203_Trover/install/trover_description/share/trover_description/worlds/models/aws_robomaker_residential_Dumbbell_01
[1.380s] -- Up-to-date: /home/elizabeth/MREN203_Trover/install/trover_description/share/trover_description/worlds/models/aws_robomaker_residential_Dumbbell_01/model.sdf
[1.380s] -- Up-to-date: /home/elizabeth/MREN203_Trover/install/trover_description/share/trover_description/worlds/models/aws_robomaker_residential_Dumbbell_01/materials
[1.380s] -- Up-to-date: /home/elizabeth/MREN203_Trover/install/trover_description/share/trover_description/worlds/models/aws_robomaker_residential_Dumbbell_01/materials/textures
[1.380s] -- Up-to-date: /home/elizabeth/MREN203_Trover/install/trover_description/share/trover_description/worlds/models/aws_robomaker_residential_Dumbbell_01/materials/textures/aws_Dumbbell_01.png
[1.380s] -- Up-to-date: /home/elizabeth/MREN203_Trover/install/trover_description/share/trover_description/worlds/models/aws_robomaker_residential_Dumbbell_01/model.config
[1.380s] -- Up-to-date: /home/elizabeth/MREN203_Trover/install/trover_description/share/trover_description/worlds/models/aws_robomaker_residential_Dumbbell_01/meshes
[1.380s] -- Up-to-date: /home/elizabeth/MREN203_Trover/install/trover_description/share/trover_description/worlds/models/aws_robomaker_residential_Dumbbell_01/meshes/aws_Dumbbell_01_collision.DAE
[1.381s] -- Up-to-date: /home/elizabeth/MREN203_Trover/install/trover_description/share/trover_description/worlds/models/aws_robomaker_residential_Dumbbell_01/meshes/aws_Dumbbell_01_visual.DAE
[1.381s] -- Up-to-date: /home/elizabeth/MREN203_Trover/install/trover_description/share/trover_description/worlds/models/aws_robomaker_residential_DeskPortraitB_01
[1.381s] -- Up-to-date: /home/elizabeth/MREN203_Trover/install/trover_description/share/trover_description/worlds/models/aws_robomaker_residential_DeskPortraitB_01/model.sdf
[1.381s] -- Up-to-date: /home/elizabeth/MREN203_Trover/install/trover_description/share/trover_description/worlds/models/aws_robomaker_residential_DeskPortraitB_01/materials
[1.381s] -- Up-to-date: /home/elizabeth/MREN203_Trover/install/trover_description/share/trover_description/worlds/models/aws_robomaker_residential_DeskPortraitB_01/materials/textures
[1.381s] -- Up-to-date: /home/elizabeth/MREN203_Trover/install/trover_description/share/trover_description/worlds/models/aws_robomaker_residential_DeskPortraitB_01/materials/textures/DeskPortraitB_01.jpg
[1.381s] -- Up-to-date: /home/elizabeth/MREN203_Trover/install/trover_description/share/trover_description/worlds/models/aws_robomaker_residential_DeskPortraitB_01/materials/textures/aws_DeskPortraitB_02.png
[1.382s] -- Up-to-date: /home/elizabeth/MREN203_Trover/install/trover_description/share/trover_description/worlds/models/aws_robomaker_residential_DeskPortraitB_01/materials/textures/aws_DeskPortraitB_01.png
[1.382s] -- Up-to-date: /home/elizabeth/MREN203_Trover/install/trover_description/share/trover_description/worlds/models/aws_robomaker_residential_DeskPortraitB_01/model.config
[1.382s] -- Up-to-date: /home/elizabeth/MREN203_Trover/install/trover_description/share/trover_description/worlds/models/aws_robomaker_residential_DeskPortraitB_01/meshes
[1.382s] -- Up-to-date: /home/elizabeth/MREN203_Trover/install/trover_description/share/trover_description/worlds/models/aws_robomaker_residential_DeskPortraitB_01/meshes/aws_DeskPortraitB_01_visual.DAE
[1.382s] -- Up-to-date: /home/elizabeth/MREN203_Trover/install/trover_description/share/trover_description/worlds/models/aws_robomaker_residential_DeskPortraitB_01/meshes/aws_DeskPortraitB_01_collision.DAE
[1.383s] -- Up-to-date: /home/elizabeth/MREN203_Trover/install/trover_description/share/trover_description/worlds/docs
[1.383s] -- Up-to-date: /home/elizabeth/MREN203_Trover/install/trover_description/share/trover_description/worlds/docs/images
[1.383s] -- Up-to-date: /home/elizabeth/MREN203_Trover/install/trover_description/share/trover_description/worlds/docs/images/nav_path_rviz_gazebo.png
[1.383s] -- Up-to-date: /home/elizabeth/MREN203_Trover/install/trover_description/share/trover_description/worlds/docs/images/gazebo_01.png
[1.383s] -- Up-to-date: /home/elizabeth/MREN203_Trover/install/trover_description/share/trover_description/worlds/docs/images/gzweb_aws_house.png
[1.383s] -- Up-to-date: /home/elizabeth/MREN203_Trover/install/trover_description/share/trover_description/worlds/package.xml
[1.383s] -- Up-to-date: /home/elizabeth/MREN203_Trover/install/trover_description/share/trover_description/worlds/LICENSE
[1.384s] -- Up-to-date: /home/elizabeth/MREN203_Trover/install/trover_description/share/trover_description/worlds/routes
[1.384s] -- Up-to-date: /home/elizabeth/MREN203_Trover/install/trover_description/share/trover_description/worlds/routes/route.yaml
[1.384s] -- Up-to-date: /home/elizabeth/MREN203_Trover/install/trover_description/share/ament_index/resource_index/package_run_dependencies/trover_description
[1.384s] -- Up-to-date: /home/elizabeth/MREN203_Trover/install/trover_description/share/ament_index/resource_index/parent_prefix_path/trover_description
[1.384s] -- Up-to-date: /home/elizabeth/MREN203_Trover/install/trover_description/share/trover_description/environment/ament_prefix_path.sh
[1.384s] -- Up-to-date: /home/elizabeth/MREN203_Trover/install/trover_description/share/trover_description/environment/ament_prefix_path.dsv
[1.384s] -- Up-to-date: /home/elizabeth/MREN203_Trover/install/trover_description/share/trover_description/environment/path.sh
[1.384s] -- Up-to-date: /home/elizabeth/MREN203_Trover/install/trover_description/share/trover_description/environment/path.dsv
[1.384s] -- Up-to-date: /home/elizabeth/MREN203_Trover/install/trover_description/share/trover_description/local_setup.bash
[1.384s] -- Up-to-date: /home/elizabeth/MREN203_Trover/install/trover_description/share/trover_description/local_setup.sh
[1.384s] -- Up-to-date: /home/elizabeth/MREN203_Trover/install/trover_description/share/trover_description/local_setup.zsh
[1.385s] -- Up-to-date: /home/elizabeth/MREN203_Trover/install/trover_description/share/trover_description/local_setup.dsv
[1.385s] -- Installing: /home/elizabeth/MREN203_Trover/install/trover_description/share/trover_description/package.dsv
[1.385s] -- Up-to-date: /home/elizabeth/MREN203_Trover/install/trover_description/share/ament_index/resource_index/packages/trover_description
[1.385s] -- Up-to-date: /home/elizabeth/MREN203_Trover/install/trover_description/share/trover_description/cmake/trover_descriptionConfig.cmake
[1.385s] -- Up-to-date: /home/elizabeth/MREN203_Trover/install/trover_description/share/trover_description/cmake/trover_descriptionConfig-version.cmake
[1.385s] -- Up-to-date: /home/elizabeth/MREN203_Trover/install/trover_description/share/trover_description/package.xml
[1.385s] Invoked command in '/home/elizabeth/MREN203_Trover/build/trover_description' returned '0': CMAKE_PREFIX_PATH=${CMAKE_PREFIX_PATH}:/home/elizabeth/MREN203_Trover/install/trover_state_estimation:/home/elizabeth/MREN203_Trover/install/trover_slam:/home/elizabeth/MREN203_Trover/install/trover_navigation:/home/elizabeth/MREN203_Trover/install/trover_communication:/opt/ros/humble /usr/bin/cmake --install /home/elizabeth/MREN203_Trover/build/trover_description
