[0.000000] (-) TimerEvent: {}
[0.015845] (trover_communication) JobQueued: {'identifier': 'trover_communication', 'dependencies': OrderedDict()}
[0.015949] (trover_description) JobQueued: {'identifier': 'trover_description', 'dependencies': OrderedDict()}
[0.015992] (trover_drivers) JobQueued: {'identifier': 'trover_drivers', 'dependencies': OrderedDict()}
[0.016029] (trover_navigation) JobQueued: {'identifier': 'trover_navigation', 'dependencies': OrderedDict()}
[0.016065] (trover_slam) JobQueued: {'identifier': 'trover_slam', 'dependencies': OrderedDict()}
[0.016101] (trover_state_estimation) JobQueued: {'identifier': 'trover_state_estimation', 'dependencies': OrderedDict()}
[0.016136] (trover_bringup) JobQueued: {'identifier': 'trover_bringup', 'dependencies': OrderedDict([('trover_description', '/home/elizabeth/MREN203_Trover/install/trover_description'), ('trover_navigation', '/home/elizabeth/MREN203_Trover/install/trover_navigation'), ('trover_slam', '/home/elizabeth/MREN203_Trover/install/trover_slam'), ('trover_state_estimation', '/home/elizabeth/MREN203_Trover/install/trover_state_estimation')])}
[0.016189] (trover_description) JobStarted: {'identifier': 'trover_description'}
[0.088266] (trover_navigation) JobStarted: {'identifier': 'trover_navigation'}
[0.091319] (-) TimerEvent: {}
[0.192703] (trover_description) JobProgress: {'identifier': 'trover_description', 'progress': 'cmake'}
[0.192874] (-) TimerEvent: {}
[0.243453] (trover_description) JobProgress: {'identifier': 'trover_description', 'progress': 'build'}
[0.243707] (trover_description) Command: {'cmd': ['/usr/bin/cmake', '--build', '/home/elizabeth/MREN203_Trover/build/trover_description', '--', '-j2', '-l2'], 'cwd': '/home/elizabeth/MREN203_Trover/build/trover_description', 'env': OrderedDict([('LESSOPEN', '| /usr/bin/lesspipe %s'), ('LANGUAGE', 'en_CA:en'), ('USER', 'elizabeth'), ('XDG_SESSION_TYPE', 'wayland'), ('SHLVL', '1'), ('LD_LIBRARY_PATH', '/usr/lib/x86_64-linux-gnu/gazebo-11/plugins:/opt/ros/humble/opt/rviz_ogre_vendor/lib:/opt/ros/humble/lib/x86_64-linux-gnu:/opt/ros/humble/lib'), ('HOME', '/home/elizabeth'), ('DESKTOP_SESSION', 'ubuntu'), ('ROS_PYTHON_VERSION', '3'), ('GNOME_SHELL_SESSION_MODE', 'ubuntu'), ('GTK_MODULES', 'gail:atk-bridge'), ('DBUS_STARTER_BUS_TYPE', 'session'), ('SYSTEMD_EXEC_PID', '1257'), ('DBUS_SESSION_BUS_ADDRESS', 'unix:path=/run/user/1000/bus,guid=2dbf2237aac09be4dbc99ef269b8521b'), ('COLORTERM', 'truecolor'), ('IM_CONFIG_PHASE', '1'), ('WAYLAND_DISPLAY', 'wayland-0'), ('COLCON_PREFIX_PATH', '/home/elizabeth/MREN203_Trover/install'), ('ROS_DISTRO', 'humble'), ('LOGNAME', 'elizabeth'), ('_', '/usr/bin/colcon'), ('ROS_VERSION', '2'), ('XDG_SESSION_CLASS', 'user'), ('USERNAME', 'elizabeth'), ('TERM', 'xterm-256color'), ('GNOME_DESKTOP_SESSION_ID', 'this-is-deprecated'), ('ROS_LOCALHOST_ONLY', '0'), ('PATH', '/opt/ros/humble/bin:/usr/local/sbin:/usr/local/bin:/usr/sbin:/usr/bin:/sbin:/bin:/usr/games:/usr/local/games:/snap/bin:/snap/bin'), ('SESSION_MANAGER', 'local/elizabeth-VirtualBox:@/tmp/.ICE-unix/1257,unix/elizabeth-VirtualBox:/tmp/.ICE-unix/1257'), ('XDG_MENU_PREFIX', 'gnome-'), ('GNOME_TERMINAL_SCREEN', '/org/gnome/Terminal/screen/96c42cd0_fe71_470b_8b03_ebc588a4676e'), ('GNOME_SETUP_DISPLAY', ':1'), ('XDG_RUNTIME_DIR', '/run/user/1000'), ('DISPLAY', ':0'), ('LANG', 'en_US.UTF-8'), ('XDG_CURRENT_DESKTOP', 'ubuntu:GNOME'), ('XMODIFIERS', '@im=ibus'), ('XDG_SESSION_DESKTOP', 'ubuntu'), ('XAUTHORITY', '/run/user/1000/.mutter-Xwaylandauth.UHXJM3'), ('LS_COLORS', 'rs=0:di=01;34:ln=01;36:mh=00:pi=40;33:so=01;35:do=01;35:bd=40;33;01:cd=40;33;01:or=40;31;01:mi=00:su=37;41:sg=30;43:ca=30;41:tw=30;42:ow=34;42:st=37;44:ex=01;32:*.tar=01;31:*.tgz=01;31:*.arc=01;31:*.arj=01;31:*.taz=01;31:*.lha=01;31:*.lz4=01;31:*.lzh=01;31:*.lzma=01;31:*.tlz=01;31:*.txz=01;31:*.tzo=01;31:*.t7z=01;31:*.zip=01;31:*.z=01;31:*.dz=01;31:*.gz=01;31:*.lrz=01;31:*.lz=01;31:*.lzo=01;31:*.xz=01;31:*.zst=01;31:*.tzst=01;31:*.bz2=01;31:*.bz=01;31:*.tbz=01;31:*.tbz2=01;31:*.tz=01;31:*.deb=01;31:*.rpm=01;31:*.jar=01;31:*.war=01;31:*.ear=01;31:*.sar=01;31:*.rar=01;31:*.alz=01;31:*.ace=01;31:*.zoo=01;31:*.cpio=01;31:*.7z=01;31:*.rz=01;31:*.cab=01;31:*.wim=01;31:*.swm=01;31:*.dwm=01;31:*.esd=01;31:*.jpg=01;35:*.jpeg=01;35:*.mjpg=01;35:*.mjpeg=01;35:*.gif=01;35:*.bmp=01;35:*.pbm=01;35:*.pgm=01;35:*.ppm=01;35:*.tga=01;35:*.xbm=01;35:*.xpm=01;35:*.tif=01;35:*.tiff=01;35:*.png=01;35:*.svg=01;35:*.svgz=01;35:*.mng=01;35:*.pcx=01;35:*.mov=01;35:*.mpg=01;35:*.mpeg=01;35:*.m2v=01;35:*.mkv=01;35:*.webm=01;35:*.webp=01;35:*.ogm=01;35:*.mp4=01;35:*.m4v=01;35:*.mp4v=01;35:*.vob=01;35:*.qt=01;35:*.nuv=01;35:*.wmv=01;35:*.asf=01;35:*.rm=01;35:*.rmvb=01;35:*.flc=01;35:*.avi=01;35:*.fli=01;35:*.flv=01;35:*.gl=01;35:*.dl=01;35:*.xcf=01;35:*.xwd=01;35:*.yuv=01;35:*.cgm=01;35:*.emf=01;35:*.ogv=01;35:*.ogx=01;35:*.aac=00;36:*.au=00;36:*.flac=00;36:*.m4a=00;36:*.mid=00;36:*.midi=00;36:*.mka=00;36:*.mp3=00;36:*.mpc=00;36:*.ogg=00;36:*.ra=00;36:*.wav=00;36:*.oga=00;36:*.opus=00;36:*.spx=00;36:*.xspf=00;36:'), ('GNOME_TERMINAL_SERVICE', ':1.112'), ('SSH_AGENT_LAUNCHER', 'gnome-keyring'), ('SSH_AUTH_SOCK', '/run/user/1000/keyring/ssh'), ('AMENT_PREFIX_PATH', '/home/elizabeth/MREN203_Trover/install/trover_bringup:/home/elizabeth/MREN203_Trover/install/trover_state_estimation:/home/elizabeth/MREN203_Trover/install/trover_slam:/home/elizabeth/MREN203_Trover/install/trover_navigation:/home/elizabeth/MREN203_Trover/install/trover_drivers:/home/elizabeth/MREN203_Trover/install/trover_description:/home/elizabeth/MREN203_Trover/install/trover_communication:/opt/ros/humble'), ('SHELL', '/bin/bash'), ('QT_ACCESSIBILITY', '1'), ('GDMSESSION', 'ubuntu'), ('LESSCLOSE', '/usr/bin/lesspipe %s %s'), ('QT_IM_MODULE', 'ibus'), ('PWD', '/home/elizabeth/MREN203_Trover/build/trover_description'), ('LC_ALL', 'en_US.UTF-8'), ('XDG_CONFIG_DIRS', '/etc/xdg/xdg-ubuntu:/etc/xdg'), ('DBUS_STARTER_ADDRESS', 'unix:path=/run/user/1000/bus,guid=2dbf2237aac09be4dbc99ef269b8521b'), ('XDG_DATA_DIRS', '/usr/share/ubuntu:/usr/local/share/:/usr/share/:/var/lib/snapd/desktop'), ('PYTHONPATH', '/home/elizabeth/MREN203_Trover/install/trover_state_estimation/lib/python3.10/site-packages:/home/elizabeth/MREN203_Trover/install/trover_slam/lib/python3.10/site-packages:/home/elizabeth/MREN203_Trover/install/trover_navigation/lib/python3.10/site-packages:/home/elizabeth/MREN203_Trover/install/trover_communication/lib/python3.10/site-packages:/opt/ros/humble/lib/python3.10/site-packages:/opt/ros/humble/local/lib/python3.10/dist-packages'), ('COLCON', '1'), ('VTE_VERSION', '6800'), ('CMAKE_PREFIX_PATH', '/home/elizabeth/MREN203_Trover/install/trover_bringup:/home/elizabeth/MREN203_Trover/install/trover_drivers:/home/elizabeth/MREN203_Trover/install/trover_description:/home/elizabeth/MREN203_Trover/install/trover_state_estimation:/home/elizabeth/MREN203_Trover/install/trover_slam:/home/elizabeth/MREN203_Trover/install/trover_navigation:/home/elizabeth/MREN203_Trover/install/trover_communication:/opt/ros/humble')]), 'shell': False}
[0.300145] (-) TimerEvent: {}
[0.410132] (-) TimerEvent: {}
[0.773894] (-) TimerEvent: {}
[0.892076] (-) TimerEvent: {}
[0.907730] (trover_description) CommandEnded: {'returncode': 0}
[0.908978] (trover_description) JobProgress: {'identifier': 'trover_description', 'progress': 'install'}
[0.970482] (trover_description) Command: {'cmd': ['/usr/bin/cmake', '--install', '/home/elizabeth/MREN203_Trover/build/trover_description'], 'cwd': '/home/elizabeth/MREN203_Trover/build/trover_description', 'env': OrderedDict([('LESSOPEN', '| /usr/bin/lesspipe %s'), ('LANGUAGE', 'en_CA:en'), ('USER', 'elizabeth'), ('XDG_SESSION_TYPE', 'wayland'), ('SHLVL', '1'), ('LD_LIBRARY_PATH', '/usr/lib/x86_64-linux-gnu/gazebo-11/plugins:/opt/ros/humble/opt/rviz_ogre_vendor/lib:/opt/ros/humble/lib/x86_64-linux-gnu:/opt/ros/humble/lib'), ('HOME', '/home/elizabeth'), ('DESKTOP_SESSION', 'ubuntu'), ('ROS_PYTHON_VERSION', '3'), ('GNOME_SHELL_SESSION_MODE', 'ubuntu'), ('GTK_MODULES', 'gail:atk-bridge'), ('DBUS_STARTER_BUS_TYPE', 'session'), ('SYSTEMD_EXEC_PID', '1257'), ('DBUS_SESSION_BUS_ADDRESS', 'unix:path=/run/user/1000/bus,guid=2dbf2237aac09be4dbc99ef269b8521b'), ('COLORTERM', 'truecolor'), ('IM_CONFIG_PHASE', '1'), ('WAYLAND_DISPLAY', 'wayland-0'), ('COLCON_PREFIX_PATH', '/home/elizabeth/MREN203_Trover/install'), ('ROS_DISTRO', 'humble'), ('LOGNAME', 'elizabeth'), ('_', '/usr/bin/colcon'), ('ROS_VERSION', '2'), ('XDG_SESSION_CLASS', 'user'), ('USERNAME', 'elizabeth'), ('TERM', 'xterm-256color'), ('GNOME_DESKTOP_SESSION_ID', 'this-is-deprecated'), ('ROS_LOCALHOST_ONLY', '0'), ('PATH', '/opt/ros/humble/bin:/usr/local/sbin:/usr/local/bin:/usr/sbin:/usr/bin:/sbin:/bin:/usr/games:/usr/local/games:/snap/bin:/snap/bin'), ('SESSION_MANAGER', 'local/elizabeth-VirtualBox:@/tmp/.ICE-unix/1257,unix/elizabeth-VirtualBox:/tmp/.ICE-unix/1257'), ('XDG_MENU_PREFIX', 'gnome-'), ('GNOME_TERMINAL_SCREEN', '/org/gnome/Terminal/screen/96c42cd0_fe71_470b_8b03_ebc588a4676e'), ('GNOME_SETUP_DISPLAY', ':1'), ('XDG_RUNTIME_DIR', '/run/user/1000'), ('DISPLAY', ':0'), ('LANG', 'en_US.UTF-8'), ('XDG_CURRENT_DESKTOP', 'ubuntu:GNOME'), ('XMODIFIERS', '@im=ibus'), ('XDG_SESSION_DESKTOP', 'ubuntu'), ('XAUTHORITY', '/run/user/1000/.mutter-Xwaylandauth.UHXJM3'), ('LS_COLORS', 'rs=0:di=01;34:ln=01;36:mh=00:pi=40;33:so=01;35:do=01;35:bd=40;33;01:cd=40;33;01:or=40;31;01:mi=00:su=37;41:sg=30;43:ca=30;41:tw=30;42:ow=34;42:st=37;44:ex=01;32:*.tar=01;31:*.tgz=01;31:*.arc=01;31:*.arj=01;31:*.taz=01;31:*.lha=01;31:*.lz4=01;31:*.lzh=01;31:*.lzma=01;31:*.tlz=01;31:*.txz=01;31:*.tzo=01;31:*.t7z=01;31:*.zip=01;31:*.z=01;31:*.dz=01;31:*.gz=01;31:*.lrz=01;31:*.lz=01;31:*.lzo=01;31:*.xz=01;31:*.zst=01;31:*.tzst=01;31:*.bz2=01;31:*.bz=01;31:*.tbz=01;31:*.tbz2=01;31:*.tz=01;31:*.deb=01;31:*.rpm=01;31:*.jar=01;31:*.war=01;31:*.ear=01;31:*.sar=01;31:*.rar=01;31:*.alz=01;31:*.ace=01;31:*.zoo=01;31:*.cpio=01;31:*.7z=01;31:*.rz=01;31:*.cab=01;31:*.wim=01;31:*.swm=01;31:*.dwm=01;31:*.esd=01;31:*.jpg=01;35:*.jpeg=01;35:*.mjpg=01;35:*.mjpeg=01;35:*.gif=01;35:*.bmp=01;35:*.pbm=01;35:*.pgm=01;35:*.ppm=01;35:*.tga=01;35:*.xbm=01;35:*.xpm=01;35:*.tif=01;35:*.tiff=01;35:*.png=01;35:*.svg=01;35:*.svgz=01;35:*.mng=01;35:*.pcx=01;35:*.mov=01;35:*.mpg=01;35:*.mpeg=01;35:*.m2v=01;35:*.mkv=01;35:*.webm=01;35:*.webp=01;35:*.ogm=01;35:*.mp4=01;35:*.m4v=01;35:*.mp4v=01;35:*.vob=01;35:*.qt=01;35:*.nuv=01;35:*.wmv=01;35:*.asf=01;35:*.rm=01;35:*.rmvb=01;35:*.flc=01;35:*.avi=01;35:*.fli=01;35:*.flv=01;35:*.gl=01;35:*.dl=01;35:*.xcf=01;35:*.xwd=01;35:*.yuv=01;35:*.cgm=01;35:*.emf=01;35:*.ogv=01;35:*.ogx=01;35:*.aac=00;36:*.au=00;36:*.flac=00;36:*.m4a=00;36:*.mid=00;36:*.midi=00;36:*.mka=00;36:*.mp3=00;36:*.mpc=00;36:*.ogg=00;36:*.ra=00;36:*.wav=00;36:*.oga=00;36:*.opus=00;36:*.spx=00;36:*.xspf=00;36:'), ('GNOME_TERMINAL_SERVICE', ':1.112'), ('SSH_AGENT_LAUNCHER', 'gnome-keyring'), ('SSH_AUTH_SOCK', '/run/user/1000/keyring/ssh'), ('AMENT_PREFIX_PATH', '/home/elizabeth/MREN203_Trover/install/trover_bringup:/home/elizabeth/MREN203_Trover/install/trover_state_estimation:/home/elizabeth/MREN203_Trover/install/trover_slam:/home/elizabeth/MREN203_Trover/install/trover_navigation:/home/elizabeth/MREN203_Trover/install/trover_drivers:/home/elizabeth/MREN203_Trover/install/trover_description:/home/elizabeth/MREN203_Trover/install/trover_communication:/opt/ros/humble'), ('SHELL', '/bin/bash'), ('QT_ACCESSIBILITY', '1'), ('GDMSESSION', 'ubuntu'), ('LESSCLOSE', '/usr/bin/lesspipe %s %s'), ('QT_IM_MODULE', 'ibus'), ('PWD', '/home/elizabeth/MREN203_Trover/build/trover_description'), ('LC_ALL', 'en_US.UTF-8'), ('XDG_CONFIG_DIRS', '/etc/xdg/xdg-ubuntu:/etc/xdg'), ('DBUS_STARTER_ADDRESS', 'unix:path=/run/user/1000/bus,guid=2dbf2237aac09be4dbc99ef269b8521b'), ('XDG_DATA_DIRS', '/usr/share/ubuntu:/usr/local/share/:/usr/share/:/var/lib/snapd/desktop'), ('PYTHONPATH', '/home/elizabeth/MREN203_Trover/install/trover_state_estimation/lib/python3.10/site-packages:/home/elizabeth/MREN203_Trover/install/trover_slam/lib/python3.10/site-packages:/home/elizabeth/MREN203_Trover/install/trover_navigation/lib/python3.10/site-packages:/home/elizabeth/MREN203_Trover/install/trover_communication/lib/python3.10/site-packages:/opt/ros/humble/lib/python3.10/site-packages:/opt/ros/humble/local/lib/python3.10/dist-packages'), ('COLCON', '1'), ('VTE_VERSION', '6800'), ('CMAKE_PREFIX_PATH', '/home/elizabeth/MREN203_Trover/install/trover_bringup:/home/elizabeth/MREN203_Trover/install/trover_drivers:/home/elizabeth/MREN203_Trover/install/trover_description:/home/elizabeth/MREN203_Trover/install/trover_state_estimation:/home/elizabeth/MREN203_Trover/install/trover_slam:/home/elizabeth/MREN203_Trover/install/trover_navigation:/home/elizabeth/MREN203_Trover/install/trover_communication:/opt/ros/humble')]), 'shell': False}
[0.998392] (-) TimerEvent: {}
[1.010980] (trover_description) StdoutLine: {'line': b'-- Install configuration: ""\n'}
[1.013840] (trover_description) StdoutLine: {'line': b'-- Up-to-date: /home/elizabeth/MREN203_Trover/install/trover_description/share/trover_description/urdf\n'}
[1.014096] (trover_description) StdoutLine: {'line': b'-- Up-to-date: /home/elizabeth/MREN203_Trover/install/trover_description/share/trover_description/urdf/trover_description.urdf.xacro\n'}
[1.014203] (trover_description) StdoutLine: {'line': b'-- Up-to-date: /home/elizabeth/MREN203_Trover/install/trover_description/share/trover_description/launch\n'}
[1.017482] (trover_description) StdoutLine: {'line': b'-- Up-to-date: /home/elizabeth/MREN203_Trover/install/trover_description/share/trover_description/launch/test_sensors.launch.py\n'}
[1.019119] (trover_description) StdoutLine: {'line': b'-- Up-to-date: /home/elizabeth/MREN203_Trover/install/trover_description/share/trover_description/launch/display.launch.py\n'}
[1.019326] (trover_description) StdoutLine: {'line': b'-- Up-to-date: /home/elizabeth/MREN203_Trover/install/trover_description/share/trover_description/launch/gazebo.launch.py\n'}
[1.019513] (trover_description) StdoutLine: {'line': b'-- Up-to-date: /home/elizabeth/MREN203_Trover/install/trover_description/share/trover_description/rviz\n'}
[1.019655] (trover_description) StdoutLine: {'line': b'-- Up-to-date: /home/elizabeth/MREN203_Trover/install/trover_description/share/trover_description/rviz/default.rviz\n'}
[1.019783] (trover_description) StdoutLine: {'line': b'-- Up-to-date: /home/elizabeth/MREN203_Trover/install/trover_description/share/trover_description/rviz/default_nav.rviz\n'}
[1.019908] (trover_description) StdoutLine: {'line': b'-- Up-to-date: /home/elizabeth/MREN203_Trover/install/trover_description/share/trover_description/worlds\n'}
[1.020035] (trover_description) StdoutLine: {'line': b'-- Up-to-date: /home/elizabeth/MREN203_Trover/install/trover_description/share/trover_description/worlds/launch\n'}
[1.020166] (trover_description) StdoutLine: {'line': b'-- Up-to-date: /home/elizabeth/MREN203_Trover/install/trover_description/share/trover_description/worlds/launch/small_house.launch\n'}
[1.022989] (trover_description) StdoutLine: {'line': b'-- Up-to-date: /home/elizabeth/MREN203_Trover/install/trover_description/share/trover_description/worlds/launch/view_small_house.launch\n'}
[1.023331] (trover_description) StdoutLine: {'line': b'-- Up-to-date: /home/elizabeth/MREN203_Trover/install/trover_description/share/trover_description/worlds/worlds\n'}
[1.023441] (trover_description) StdoutLine: {'line': b'-- Up-to-date: /home/elizabeth/MREN203_Trover/install/trover_description/share/trover_description/worlds/worlds/small_house.world\n'}
[1.023539] (trover_description) StdoutLine: {'line': b'-- Up-to-date: /home/elizabeth/MREN203_Trover/install/trover_description/share/trover_description/worlds/maps\n'}
[1.023631] (trover_description) StdoutLine: {'line': b'-- Up-to-date: /home/elizabeth/MREN203_Trover/install/trover_description/share/trover_description/worlds/maps/turtlebot3_waffle_pi\n'}
[1.023722] (trover_description) StdoutLine: {'line': b'-- Up-to-date: /home/elizabeth/MREN203_Trover/install/trover_description/share/trover_description/worlds/maps/turtlebot3_waffle_pi/map.yaml\n'}
[1.023812] (trover_description) StdoutLine: {'line': b'-- Up-to-date: /home/elizabeth/MREN203_Trover/install/trover_description/share/trover_description/worlds/maps/turtlebot3_waffle_pi/map.pgm\n'}
[1.023901] (trover_description) StdoutLine: {'line': b'-- Up-to-date: /home/elizabeth/MREN203_Trover/install/trover_description/share/trover_description/worlds/photos\n'}
[1.024018] (trover_description) StdoutLine: {'line': b'-- Up-to-date: /home/elizabeth/MREN203_Trover/install/trover_description/share/trover_description/worlds/photos/DeskPortraitD_03.jpg\n'}
[1.024121] (trover_description) StdoutLine: {'line': b'-- Up-to-date: /home/elizabeth/MREN203_Trover/install/trover_description/share/trover_description/worlds/photos/DeskPortraitB_01.jpg\n'}
[1.024212] (trover_description) StdoutLine: {'line': b'-- Up-to-date: /home/elizabeth/MREN203_Trover/install/trover_description/share/trover_description/worlds/photos/PortraitD_01.jpg\n'}
[1.024301] (trover_description) StdoutLine: {'line': b'-- Up-to-date: /home/elizabeth/MREN203_Trover/install/trover_description/share/trover_description/worlds/photos/DeskPortraitC_01.jpg\n'}
[1.024389] (trover_description) StdoutLine: {'line': b'-- Up-to-date: /home/elizabeth/MREN203_Trover/install/trover_description/share/trover_description/worlds/photos/PortraitD_02.jpg\n'}
[1.024478] (trover_description) StdoutLine: {'line': b'-- Up-to-date: /home/elizabeth/MREN203_Trover/install/trover_description/share/trover_description/worlds/photos/PortraitA_01.jpg\n'}
[1.024566] (trover_description) StdoutLine: {'line': b'-- Up-to-date: /home/elizabeth/MREN203_Trover/install/trover_description/share/trover_description/worlds/photos/DeskPortraitB_02.jpg\n'}
[1.024654] (trover_description) StdoutLine: {'line': b'-- Up-to-date: /home/elizabeth/MREN203_Trover/install/trover_description/share/trover_description/worlds/photos/PortraitB_02.jpg\n'}
[1.024742] (trover_description) StdoutLine: {'line': b'-- Up-to-date: /home/elizabeth/MREN203_Trover/install/trover_description/share/trover_description/worlds/photos/PortraitB_01.jpg\n'}
[1.024829] (trover_description) StdoutLine: {'line': b'-- Up-to-date: /home/elizabeth/MREN203_Trover/install/trover_description/share/trover_description/worlds/photos/PortraitB_03.jpg\n'}
[1.024916] (trover_description) StdoutLine: {'line': b'-- Up-to-date: /home/elizabeth/MREN203_Trover/install/trover_description/share/trover_description/worlds/photos/DeskPortraitA_02.jpg\n'}
[1.025003] (trover_description) StdoutLine: {'line': b'-- Up-to-date: /home/elizabeth/MREN203_Trover/install/trover_description/share/trover_description/worlds/photos/DeskPortraitC_02.jpg\n'}
[1.025162] (trover_description) StdoutLine: {'line': b'-- Up-to-date: /home/elizabeth/MREN203_Trover/install/trover_description/share/trover_description/worlds/photos/DeskPortraitD_04.jpg\n'}
[1.025292] (trover_description) StdoutLine: {'line': b'-- Up-to-date: /home/elizabeth/MREN203_Trover/install/trover_description/share/trover_description/worlds/photos/PortraitE_01.jpg\n'}
[1.025382] (trover_description) StdoutLine: {'line': b'-- Up-to-date: /home/elizabeth/MREN203_Trover/install/trover_description/share/trover_description/worlds/photos/DeskPortraitD_01.jpg\n'}
[1.025470] (trover_description) StdoutLine: {'line': b'-- Up-to-date: /home/elizabeth/MREN203_Trover/install/trover_description/share/trover_description/worlds/photos/DeskPortraitD_02.jpg\n'}
[1.025558] (trover_description) StdoutLine: {'line': b'-- Up-to-date: /home/elizabeth/MREN203_Trover/install/trover_description/share/trover_description/worlds/photos/PortraitC_01.jpg\n'}
[1.025645] (trover_description) StdoutLine: {'line': b'-- Up-to-date: /home/elizabeth/MREN203_Trover/install/trover_description/share/trover_description/worlds/photos/DeskPortraitA_01.jpg\n'}
[1.025733] (trover_description) StdoutLine: {'line': b'-- Up-to-date: /home/elizabeth/MREN203_Trover/install/trover_description/share/trover_description/worlds/photos/PortraitE_02.jpg\n'}
[1.025821] (trover_description) StdoutLine: {'line': b'-- Up-to-date: /home/elizabeth/MREN203_Trover/install/trover_description/share/trover_description/worlds/photos/PortraitA_02.jpg\n'}
[1.025908] (trover_description) StdoutLine: {'line': b'-- Up-to-date: /home/elizabeth/MREN203_Trover/install/trover_description/share/trover_description/worlds/CMakeLists.txt\n'}
[1.026010] (trover_description) StdoutLine: {'line': b'-- Up-to-date: /home/elizabeth/MREN203_Trover/install/trover_description/share/trover_description/worlds/README.md\n'}
[1.026100] (trover_description) StdoutLine: {'line': b'-- Up-to-date: /home/elizabeth/MREN203_Trover/install/trover_description/share/trover_description/worlds/CONTRIBUTING.md\n'}
[1.033413] (trover_description) StdoutLine: {'line': b'-- Up-to-date: /home/elizabeth/MREN203_Trover/install/trover_description/share/trover_description/worlds/CODE_OF_CONDUCT.md\n'}
[1.034001] (trover_description) StdoutLine: {'line': b'-- Up-to-date: /home/elizabeth/MREN203_Trover/install/trover_description/share/trover_description/worlds/models\n'}
[1.034122] (trover_description) StdoutLine: {'line': b'-- Up-to-date: /home/elizabeth/MREN203_Trover/install/trover_description/share/trover_description/worlds/models/aws_robomaker_residential_RoomWall_01\n'}
[1.034218] (trover_description) StdoutLine: {'line': b'-- Up-to-date: /home/elizabeth/MREN203_Trover/install/trover_description/share/trover_description/worlds/models/aws_robomaker_residential_RoomWall_01/model.sdf\n'}
[1.034312] (trover_description) StdoutLine: {'line': b'-- Up-to-date: /home/elizabeth/MREN203_Trover/install/trover_description/share/trover_description/worlds/models/aws_robomaker_residential_RoomWall_01/materials\n'}
[1.034404] (trover_description) StdoutLine: {'line': b'-- Up-to-date: /home/elizabeth/MREN203_Trover/install/trover_description/share/trover_description/worlds/models/aws_robomaker_residential_RoomWall_01/materials/textures\n'}
[1.034495] (trover_description) StdoutLine: {'line': b'-- Up-to-date: /home/elizabeth/MREN203_Trover/install/trover_description/share/trover_description/worlds/models/aws_robomaker_residential_RoomWall_01/materials/textures/aws_RoomWall_01.png\n'}
[1.034613] (trover_description) StdoutLine: {'line': b'-- Up-to-date: /home/elizabeth/MREN203_Trover/install/trover_description/share/trover_description/worlds/models/aws_robomaker_residential_RoomWall_01/model.config\n'}
[1.034706] (trover_description) StdoutLine: {'line': b'-- Up-to-date: /home/elizabeth/MREN203_Trover/install/trover_description/share/trover_description/worlds/models/aws_robomaker_residential_RoomWall_01/meshes\n'}
[1.034795] (trover_description) StdoutLine: {'line': b'-- Up-to-date: /home/elizabeth/MREN203_Trover/install/trover_description/share/trover_description/worlds/models/aws_robomaker_residential_RoomWall_01/meshes/aws_RoomWall_01_visual.DAE\n'}
[1.034887] (trover_description) StdoutLine: {'line': b'-- Up-to-date: /home/elizabeth/MREN203_Trover/install/trover_description/share/trover_description/worlds/models/aws_robomaker_residential_RoomWall_01/meshes/aws_RoomWall_01_collision.DAE\n'}
[1.034976] (trover_description) StdoutLine: {'line': b'-- Up-to-date: /home/elizabeth/MREN203_Trover/install/trover_description/share/trover_description/worlds/models/aws_robomaker_residential_TVCabinet_01\n'}
[1.048792] (trover_description) StdoutLine: {'line': b'-- Up-to-date: /home/elizabeth/MREN203_Trover/install/trover_description/share/trover_description/worlds/models/aws_robomaker_residential_TVCabinet_01/model.sdf\n'}
[1.054591] (trover_description) StdoutLine: {'line': b'-- Up-to-date: /home/elizabeth/MREN203_Trover/install/trover_description/share/trover_description/worlds/models/aws_robomaker_residential_TVCabinet_01/materials\n'}
[1.054691] (trover_description) StdoutLine: {'line': b'-- Up-to-date: /home/elizabeth/MREN203_Trover/install/trover_description/share/trover_description/worlds/models/aws_robomaker_residential_TVCabinet_01/materials/textures\n'}
[1.054770] (trover_description) StdoutLine: {'line': b'-- Up-to-date: /home/elizabeth/MREN203_Trover/install/trover_description/share/trover_description/worlds/models/aws_robomaker_residential_TVCabinet_01/materials/textures/aws_TVCabinet_01.png\n'}
[1.054849] (trover_description) StdoutLine: {'line': b'-- Up-to-date: /home/elizabeth/MREN203_Trover/install/trover_description/share/trover_description/worlds/models/aws_robomaker_residential_TVCabinet_01/model.config\n'}
[1.054964] (trover_description) StdoutLine: {'line': b'-- Up-to-date: /home/elizabeth/MREN203_Trover/install/trover_description/share/trover_description/worlds/models/aws_robomaker_residential_TVCabinet_01/meshes\n'}
[1.055075] (trover_description) StdoutLine: {'line': b'-- Up-to-date: /home/elizabeth/MREN203_Trover/install/trover_description/share/trover_description/worlds/models/aws_robomaker_residential_TVCabinet_01/meshes/aws_TVCabinet_01_visual.DAE\n'}
[1.055167] (trover_description) StdoutLine: {'line': b'-- Up-to-date: /home/elizabeth/MREN203_Trover/install/trover_description/share/trover_description/worlds/models/aws_robomaker_residential_TVCabinet_01/meshes/aws_TVCabinet_01_collision.DAE\n'}
[1.055258] (trover_description) StdoutLine: {'line': b'-- Up-to-date: /home/elizabeth/MREN203_Trover/install/trover_description/share/trover_description/worlds/models/aws_robomaker_residential_PortraitD_01\n'}
[1.055347] (trover_description) StdoutLine: {'line': b'-- Up-to-date: /home/elizabeth/MREN203_Trover/install/trover_description/share/trover_description/worlds/models/aws_robomaker_residential_PortraitD_01/model.sdf\n'}
[1.055436] (trover_description) StdoutLine: {'line': b'-- Up-to-date: /home/elizabeth/MREN203_Trover/install/trover_description/share/trover_description/worlds/models/aws_robomaker_residential_PortraitD_01/materials\n'}
[1.055525] (trover_description) StdoutLine: {'line': b'-- Up-to-date: /home/elizabeth/MREN203_Trover/install/trover_description/share/trover_description/worlds/models/aws_robomaker_residential_PortraitD_01/materials/textures\n'}
[1.055614] (trover_description) StdoutLine: {'line': b'-- Up-to-date: /home/elizabeth/MREN203_Trover/install/trover_description/share/trover_description/worlds/models/aws_robomaker_residential_PortraitD_01/materials/textures/PortraitD_01.jpg\n'}
[1.055704] (trover_description) StdoutLine: {'line': b'-- Up-to-date: /home/elizabeth/MREN203_Trover/install/trover_description/share/trover_description/worlds/models/aws_robomaker_residential_PortraitD_01/materials/textures/aws_PortraitD_02.png\n'}
[1.055792] (trover_description) StdoutLine: {'line': b'-- Up-to-date: /home/elizabeth/MREN203_Trover/install/trover_description/share/trover_description/worlds/models/aws_robomaker_residential_PortraitD_01/materials/textures/aws_PortraitD_01.png\n'}
[1.055880] (trover_description) StdoutLine: {'line': b'-- Up-to-date: /home/elizabeth/MREN203_Trover/install/trover_description/share/trover_description/worlds/models/aws_robomaker_residential_PortraitD_01/model.config\n'}
[1.055966] (trover_description) StdoutLine: {'line': b'-- Up-to-date: /home/elizabeth/MREN203_Trover/install/trover_description/share/trover_description/worlds/models/aws_robomaker_residential_PortraitD_01/meshes\n'}
[1.056094] (trover_description) StdoutLine: {'line': b'-- Up-to-date: /home/elizabeth/MREN203_Trover/install/trover_description/share/trover_description/worlds/models/aws_robomaker_residential_PortraitD_01/meshes/aws_PortraitD_01_collision.DAE\n'}
[1.056242] (trover_description) StdoutLine: {'line': b'-- Up-to-date: /home/elizabeth/MREN203_Trover/install/trover_description/share/trover_description/worlds/models/aws_robomaker_residential_PortraitD_01/meshes/aws_PortraitD_01_visual.DAE\n'}
[1.056337] (trover_description) StdoutLine: {'line': b'-- Up-to-date: /home/elizabeth/MREN203_Trover/install/trover_description/share/trover_description/worlds/models/aws_robomaker_residential_Chandelier_01\n'}
[1.056426] (trover_description) StdoutLine: {'line': b'-- Up-to-date: /home/elizabeth/MREN203_Trover/install/trover_description/share/trover_description/worlds/models/aws_robomaker_residential_Chandelier_01/model.sdf\n'}
[1.056514] (trover_description) StdoutLine: {'line': b'-- Up-to-date: /home/elizabeth/MREN203_Trover/install/trover_description/share/trover_description/worlds/models/aws_robomaker_residential_Chandelier_01/materials\n'}
[1.056601] (trover_description) StdoutLine: {'line': b'-- Up-to-date: /home/elizabeth/MREN203_Trover/install/trover_description/share/trover_description/worlds/models/aws_robomaker_residential_Chandelier_01/materials/textures\n'}
[1.056702] (trover_description) StdoutLine: {'line': b'-- Up-to-date: /home/elizabeth/MREN203_Trover/install/trover_description/share/trover_description/worlds/models/aws_robomaker_residential_Chandelier_01/materials/textures/aws_Chandelier_01.png\n'}
[1.056792] (trover_description) StdoutLine: {'line': b'-- Up-to-date: /home/elizabeth/MREN203_Trover/install/trover_description/share/trover_description/worlds/models/aws_robomaker_residential_Chandelier_01/model.config\n'}
[1.056880] (trover_description) StdoutLine: {'line': b'-- Up-to-date: /home/elizabeth/MREN203_Trover/install/trover_description/share/trover_description/worlds/models/aws_robomaker_residential_Chandelier_01/meshes\n'}
[1.056967] (trover_description) StdoutLine: {'line': b'-- Up-to-date: /home/elizabeth/MREN203_Trover/install/trover_description/share/trover_description/worlds/models/aws_robomaker_residential_Chandelier_01/meshes/aws_Chandelier_01.DAE\n'}
[1.057057] (trover_description) StdoutLine: {'line': b'-- Up-to-date: /home/elizabeth/MREN203_Trover/install/trover_description/share/trover_description/worlds/models/aws_robomaker_residential_Chandelier_01/meshes/aws_Chandelier_01_collision.DAE\n'}
[1.057145] (trover_description) StdoutLine: {'line': b'-- Up-to-date: /home/elizabeth/MREN203_Trover/install/trover_description/share/trover_description/worlds/models/aws_robomaker_residential_Chandelier_01/meshes/aws_Chandelier_01_visual.DAE\n'}
[1.057252] (trover_description) StdoutLine: {'line': b'-- Up-to-date: /home/elizabeth/MREN203_Trover/install/trover_description/share/trover_description/worlds/models/aws_robomaker_residential_AirconditionerB_01\n'}
[1.057340] (trover_description) StdoutLine: {'line': b'-- Up-to-date: /home/elizabeth/MREN203_Trover/install/trover_description/share/trover_description/worlds/models/aws_robomaker_residential_AirconditionerB_01/model.sdf\n'}
[1.057428] (trover_description) StdoutLine: {'line': b'-- Up-to-date: /home/elizabeth/MREN203_Trover/install/trover_description/share/trover_description/worlds/models/aws_robomaker_residential_AirconditionerB_01/materials\n'}
[1.057515] (trover_description) StdoutLine: {'line': b'-- Up-to-date: /home/elizabeth/MREN203_Trover/install/trover_description/share/trover_description/worlds/models/aws_robomaker_residential_AirconditionerB_01/materials/textures\n'}
[1.057602] (trover_description) StdoutLine: {'line': b'-- Up-to-date: /home/elizabeth/MREN203_Trover/install/trover_description/share/trover_description/worlds/models/aws_robomaker_residential_AirconditionerB_01/materials/textures/aws_AirconditionerB_01.png\n'}
[1.057691] (trover_description) StdoutLine: {'line': b'-- Up-to-date: /home/elizabeth/MREN203_Trover/install/trover_description/share/trover_description/worlds/models/aws_robomaker_residential_AirconditionerB_01/model.config\n'}
[1.057777] (trover_description) StdoutLine: {'line': b'-- Up-to-date: /home/elizabeth/MREN203_Trover/install/trover_description/share/trover_description/worlds/models/aws_robomaker_residential_AirconditionerB_01/meshes\n'}
[1.057862] (trover_description) StdoutLine: {'line': b'-- Up-to-date: /home/elizabeth/MREN203_Trover/install/trover_description/share/trover_description/worlds/models/aws_robomaker_residential_AirconditionerB_01/meshes/aws_AirconditionerB_01_collision.DAE\n'}
[1.057950] (trover_description) StdoutLine: {'line': b'-- Up-to-date: /home/elizabeth/MREN203_Trover/install/trover_description/share/trover_description/worlds/models/aws_robomaker_residential_AirconditionerB_01/meshes/aws_AirconditionerB_01_visual.DAE\n'}
[1.058038] (trover_description) StdoutLine: {'line': b'-- Up-to-date: /home/elizabeth/MREN203_Trover/install/trover_description/share/trover_description/worlds/models/aws_robomaker_residential_SecurityCamera_01\n'}
[1.058200] (trover_description) StdoutLine: {'line': b'-- Up-to-date: /home/elizabeth/MREN203_Trover/install/trover_description/share/trover_description/worlds/models/aws_robomaker_residential_SecurityCamera_01/model.sdf\n'}
[1.058328] (trover_description) StdoutLine: {'line': b'-- Up-to-date: /home/elizabeth/MREN203_Trover/install/trover_description/share/trover_description/worlds/models/aws_robomaker_residential_SecurityCamera_01/materials\n'}
[1.058418] (trover_description) StdoutLine: {'line': b'-- Up-to-date: /home/elizabeth/MREN203_Trover/install/trover_description/share/trover_description/worlds/models/aws_robomaker_residential_SecurityCamera_01/materials/textures\n'}
[1.058507] (trover_description) StdoutLine: {'line': b'-- Up-to-date: /home/elizabeth/MREN203_Trover/install/trover_description/share/trover_description/worlds/models/aws_robomaker_residential_SecurityCamera_01/materials/textures/aws_SecurityCamera_01.png\n'}
[1.058595] (trover_description) StdoutLine: {'line': b'-- Up-to-date: /home/elizabeth/MREN203_Trover/install/trover_description/share/trover_description/worlds/models/aws_robomaker_residential_SecurityCamera_01/model.config\n'}
[1.058682] (trover_description) StdoutLine: {'line': b'-- Up-to-date: /home/elizabeth/MREN203_Trover/install/trover_description/share/trover_description/worlds/models/aws_robomaker_residential_SecurityCamera_01/meshes\n'}
[1.058768] (trover_description) StdoutLine: {'line': b'-- Up-to-date: /home/elizabeth/MREN203_Trover/install/trover_description/share/trover_description/worlds/models/aws_robomaker_residential_SecurityCamera_01/meshes/aws_SecurityCamera_01_visual.DAE\n'}
[1.058856] (trover_description) StdoutLine: {'line': b'-- Up-to-date: /home/elizabeth/MREN203_Trover/install/trover_description/share/trover_description/worlds/models/aws_robomaker_residential_SecurityCamera_01/meshes/aws_SecurityCamera_01_collision.DAE\n'}
[1.058944] (trover_description) StdoutLine: {'line': b'-- Up-to-date: /home/elizabeth/MREN203_Trover/install/trover_description/share/trover_description/worlds/models/aws_robomaker_residential_RoomCeiling_01\n'}
[1.059030] (trover_description) StdoutLine: {'line': b'-- Up-to-date: /home/elizabeth/MREN203_Trover/install/trover_description/share/trover_description/worlds/models/aws_robomaker_residential_RoomCeiling_01/model.sdf\n'}
[1.059117] (trover_description) StdoutLine: {'line': b'-- Up-to-date: /home/elizabeth/MREN203_Trover/install/trover_description/share/trover_description/worlds/models/aws_robomaker_residential_RoomCeiling_01/materials\n'}
[1.059203] (trover_description) StdoutLine: {'line': b'-- Up-to-date: /home/elizabeth/MREN203_Trover/install/trover_description/share/trover_description/worlds/models/aws_robomaker_residential_RoomCeiling_01/materials/textures\n'}
[1.059288] (trover_description) StdoutLine: {'line': b'-- Up-to-date: /home/elizabeth/MREN203_Trover/install/trover_description/share/trover_description/worlds/models/aws_robomaker_residential_RoomCeiling_01/materials/textures/aws_RoomCeiling_01.png\n'}
[1.059375] (trover_description) StdoutLine: {'line': b'-- Up-to-date: /home/elizabeth/MREN203_Trover/install/trover_description/share/trover_description/worlds/models/aws_robomaker_residential_RoomCeiling_01/model.config\n'}
[1.059482] (trover_description) StdoutLine: {'line': b'-- Up-to-date: /home/elizabeth/MREN203_Trover/install/trover_description/share/trover_description/worlds/models/aws_robomaker_residential_RoomCeiling_01/meshes\n'}
[1.059570] (trover_description) StdoutLine: {'line': b'-- Up-to-date: /home/elizabeth/MREN203_Trover/install/trover_description/share/trover_description/worlds/models/aws_robomaker_residential_RoomCeiling_01/meshes/aws_RoomCeiling_01_visual.DAE\n'}
[1.059657] (trover_description) StdoutLine: {'line': b'-- Up-to-date: /home/elizabeth/MREN203_Trover/install/trover_description/share/trover_description/worlds/models/aws_robomaker_residential_RoomCeiling_01/meshes/aws_RoomCeiling_01_collision.DAE\n'}
[1.059744] (trover_description) StdoutLine: {'line': b'-- Up-to-date: /home/elizabeth/MREN203_Trover/install/trover_description/share/trover_description/worlds/models/aws_robomaker_residential_DeskPortraitC_01\n'}
[1.059831] (trover_description) StdoutLine: {'line': b'-- Up-to-date: /home/elizabeth/MREN203_Trover/install/trover_description/share/trover_description/worlds/models/aws_robomaker_residential_DeskPortraitC_01/model.sdf\n'}
[1.059930] (trover_description) StdoutLine: {'line': b'-- Up-to-date: /home/elizabeth/MREN203_Trover/install/trover_description/share/trover_description/worlds/models/aws_robomaker_residential_DeskPortraitC_01/materials\n'}
[1.060017] (trover_description) StdoutLine: {'line': b'-- Up-to-date: /home/elizabeth/MREN203_Trover/install/trover_description/share/trover_description/worlds/models/aws_robomaker_residential_DeskPortraitC_01/materials/textures\n'}
[1.060152] (trover_description) StdoutLine: {'line': b'-- Up-to-date: /home/elizabeth/MREN203_Trover/install/trover_description/share/trover_description/worlds/models/aws_robomaker_residential_DeskPortraitC_01/materials/textures/DeskPortraitC_01.jpg\n'}
[1.060272] (trover_description) StdoutLine: {'line': b'-- Up-to-date: /home/elizabeth/MREN203_Trover/install/trover_description/share/trover_description/worlds/models/aws_robomaker_residential_DeskPortraitC_01/materials/textures/aws_DeskPortraitC_01.png\n'}
[1.060379] (trover_description) StdoutLine: {'line': b'-- Up-to-date: /home/elizabeth/MREN203_Trover/install/trover_description/share/trover_description/worlds/models/aws_robomaker_residential_DeskPortraitC_01/materials/textures/aws_DeskPortraitC_02.png\n'}
[1.060470] (trover_description) StdoutLine: {'line': b'-- Up-to-date: /home/elizabeth/MREN203_Trover/install/trover_description/share/trover_description/worlds/models/aws_robomaker_residential_DeskPortraitC_01/model.config\n'}
[1.060561] (trover_description) StdoutLine: {'line': b'-- Up-to-date: /home/elizabeth/MREN203_Trover/install/trover_description/share/trover_description/worlds/models/aws_robomaker_residential_DeskPortraitC_01/meshes\n'}
[1.060648] (trover_description) StdoutLine: {'line': b'-- Up-to-date: /home/elizabeth/MREN203_Trover/install/trover_description/share/trover_description/worlds/models/aws_robomaker_residential_DeskPortraitC_01/meshes/aws_DeskPortraitC_01_collision.DAE\n'}
[1.060738] (trover_description) StdoutLine: {'line': b'-- Up-to-date: /home/elizabeth/MREN203_Trover/install/trover_description/share/trover_description/worlds/models/aws_robomaker_residential_DeskPortraitC_01/meshes/aws_DeskPortraitC_01_visual.DAE\n'}
[1.060827] (trover_description) StdoutLine: {'line': b'-- Up-to-date: /home/elizabeth/MREN203_Trover/install/trover_description/share/trover_description/worlds/models/aws_robomaker_residential_SofaC_01\n'}
[1.060915] (trover_description) StdoutLine: {'line': b'-- Up-to-date: /home/elizabeth/MREN203_Trover/install/trover_description/share/trover_description/worlds/models/aws_robomaker_residential_SofaC_01/model.sdf\n'}
[1.061002] (trover_description) StdoutLine: {'line': b'-- Up-to-date: /home/elizabeth/MREN203_Trover/install/trover_description/share/trover_description/worlds/models/aws_robomaker_residential_SofaC_01/materials\n'}
[1.061089] (trover_description) StdoutLine: {'line': b'-- Up-to-date: /home/elizabeth/MREN203_Trover/install/trover_description/share/trover_description/worlds/models/aws_robomaker_residential_SofaC_01/materials/textures\n'}
[1.061176] (trover_description) StdoutLine: {'line': b'-- Up-to-date: /home/elizabeth/MREN203_Trover/install/trover_description/share/trover_description/worlds/models/aws_robomaker_residential_SofaC_01/materials/textures/aws_SofaC_01.png\n'}
[1.061264] (trover_description) StdoutLine: {'line': b'-- Up-to-date: /home/elizabeth/MREN203_Trover/install/trover_description/share/trover_description/worlds/models/aws_robomaker_residential_SofaC_01/model.config\n'}
[1.061351] (trover_description) StdoutLine: {'line': b'-- Up-to-date: /home/elizabeth/MREN203_Trover/install/trover_description/share/trover_description/worlds/models/aws_robomaker_residential_SofaC_01/meshes\n'}
[1.061438] (trover_description) StdoutLine: {'line': b'-- Up-to-date: /home/elizabeth/MREN203_Trover/install/trover_description/share/trover_description/worlds/models/aws_robomaker_residential_SofaC_01/meshes/aws_SofaC_01_visual.DAE\n'}
[1.061525] (trover_description) StdoutLine: {'line': b'-- Up-to-date: /home/elizabeth/MREN203_Trover/install/trover_description/share/trover_description/worlds/models/aws_robomaker_residential_SofaC_01/meshes/aws_SofaC_01_collision.DAE\n'}
[1.061651] (trover_description) StdoutLine: {'line': b'-- Up-to-date: /home/elizabeth/MREN203_Trover/install/trover_description/share/trover_description/worlds/models/aws_robomaker_residential_ChairD_01\n'}
[1.061739] (trover_description) StdoutLine: {'line': b'-- Up-to-date: /home/elizabeth/MREN203_Trover/install/trover_description/share/trover_description/worlds/models/aws_robomaker_residential_ChairD_01/model.sdf\n'}
[1.061826] (trover_description) StdoutLine: {'line': b'-- Up-to-date: /home/elizabeth/MREN203_Trover/install/trover_description/share/trover_description/worlds/models/aws_robomaker_residential_ChairD_01/materials\n'}
[1.061913] (trover_description) StdoutLine: {'line': b'-- Up-to-date: /home/elizabeth/MREN203_Trover/install/trover_description/share/trover_description/worlds/models/aws_robomaker_residential_ChairD_01/materials/textures\n'}
[1.061999] (trover_description) StdoutLine: {'line': b'-- Up-to-date: /home/elizabeth/MREN203_Trover/install/trover_description/share/trover_description/worlds/models/aws_robomaker_residential_ChairD_01/materials/textures/aws_ChairD_01.png\n'}
[1.062087] (trover_description) StdoutLine: {'line': b'-- Up-to-date: /home/elizabeth/MREN203_Trover/install/trover_description/share/trover_description/worlds/models/aws_robomaker_residential_ChairD_01/model.config\n'}
[1.062250] (trover_description) StdoutLine: {'line': b'-- Up-to-date: /home/elizabeth/MREN203_Trover/install/trover_description/share/trover_description/worlds/models/aws_robomaker_residential_ChairD_01/meshes\n'}
[1.071630] (trover_description) StdoutLine: {'line': b'-- Up-to-date: /home/elizabeth/MREN203_Trover/install/trover_description/share/trover_description/worlds/models/aws_robomaker_residential_ChairD_01/meshes/aws_ChairD_01_visual.DAE\n'}
[1.072395] (trover_description) StdoutLine: {'line': b'-- Up-to-date: /home/elizabeth/MREN203_Trover/install/trover_description/share/trover_description/worlds/models/aws_robomaker_residential_ChairD_01/meshes/aws_ChairD_01_collision.DAE\n'}
[1.072547] (trover_description) StdoutLine: {'line': b'-- Up-to-date: /home/elizabeth/MREN203_Trover/install/trover_description/share/trover_description/worlds/models/aws_robomaker_residential_CookingBench_01\n'}
[1.072629] (trover_description) StdoutLine: {'line': b'-- Up-to-date: /home/elizabeth/MREN203_Trover/install/trover_description/share/trover_description/worlds/models/aws_robomaker_residential_CookingBench_01/model.sdf\n'}
[1.072736] (trover_description) StdoutLine: {'line': b'-- Up-to-date: /home/elizabeth/MREN203_Trover/install/trover_description/share/trover_description/worlds/models/aws_robomaker_residential_CookingBench_01/materials\n'}
[1.072820] (trover_description) StdoutLine: {'line': b'-- Up-to-date: /home/elizabeth/MREN203_Trover/install/trover_description/share/trover_description/worlds/models/aws_robomaker_residential_CookingBench_01/materials/textures\n'}
[1.072897] (trover_description) StdoutLine: {'line': b'-- Up-to-date: /home/elizabeth/MREN203_Trover/install/trover_description/share/trover_description/worlds/models/aws_robomaker_residential_CookingBench_01/materials/textures/aws_CookingBench_01.png\n'}
[1.072973] (trover_description) StdoutLine: {'line': b'-- Up-to-date: /home/elizabeth/MREN203_Trover/install/trover_description/share/trover_description/worlds/models/aws_robomaker_residential_CookingBench_01/model.config\n'}
[1.073047] (trover_description) StdoutLine: {'line': b'-- Up-to-date: /home/elizabeth/MREN203_Trover/install/trover_description/share/trover_description/worlds/models/aws_robomaker_residential_CookingBench_01/meshes\n'}
[1.073120] (trover_description) StdoutLine: {'line': b'-- Up-to-date: /home/elizabeth/MREN203_Trover/install/trover_description/share/trover_description/worlds/models/aws_robomaker_residential_CookingBench_01/meshes/aws_CookingBench_01_collision.DAE\n'}
[1.073223] (trover_description) StdoutLine: {'line': b'-- Up-to-date: /home/elizabeth/MREN203_Trover/install/trover_description/share/trover_description/worlds/models/aws_robomaker_residential_CookingBench_01/meshes/aws_CookingBench_01_visual.DAE\n'}
[1.073297] (trover_description) StdoutLine: {'line': b'-- Up-to-date: /home/elizabeth/MREN203_Trover/install/trover_description/share/trover_description/worlds/models/aws_robomaker_residential_CookingBench_01/meshes/aws_CookingBench_01.DAE\n'}
[1.073372] (trover_description) StdoutLine: {'line': b'-- Up-to-date: /home/elizabeth/MREN203_Trover/install/trover_description/share/trover_description/worlds/models/aws_robomaker_residential_DeskPortraitA_01\n'}
[1.073446] (trover_description) StdoutLine: {'line': b'-- Up-to-date: /home/elizabeth/MREN203_Trover/install/trover_description/share/trover_description/worlds/models/aws_robomaker_residential_DeskPortraitA_01/model.sdf\n'}
[1.073520] (trover_description) StdoutLine: {'line': b'-- Up-to-date: /home/elizabeth/MREN203_Trover/install/trover_description/share/trover_description/worlds/models/aws_robomaker_residential_DeskPortraitA_01/materials\n'}
[1.073595] (trover_description) StdoutLine: {'line': b'-- Up-to-date: /home/elizabeth/MREN203_Trover/install/trover_description/share/trover_description/worlds/models/aws_robomaker_residential_DeskPortraitA_01/materials/textures\n'}
[1.073669] (trover_description) StdoutLine: {'line': b'-- Up-to-date: /home/elizabeth/MREN203_Trover/install/trover_description/share/trover_description/worlds/models/aws_robomaker_residential_DeskPortraitA_01/materials/textures/aws_DeskPortraitA_02.png\n'}
[1.073761] (trover_description) StdoutLine: {'line': b'-- Up-to-date: /home/elizabeth/MREN203_Trover/install/trover_description/share/trover_description/worlds/models/aws_robomaker_residential_DeskPortraitA_01/materials/textures/aws_DeskPortraitA_01.png\n'}
[1.073837] (trover_description) StdoutLine: {'line': b'-- Up-to-date: /home/elizabeth/MREN203_Trover/install/trover_description/share/trover_description/worlds/models/aws_robomaker_residential_DeskPortraitA_01/materials/textures/DeskPortraitA_01.jpg\n'}
[1.073923] (trover_description) StdoutLine: {'line': b'-- Up-to-date: /home/elizabeth/MREN203_Trover/install/trover_description/share/trover_description/worlds/models/aws_robomaker_residential_DeskPortraitA_01/model.config\n'}
[1.074011] (trover_description) StdoutLine: {'line': b'-- Up-to-date: /home/elizabeth/MREN203_Trover/install/trover_description/share/trover_description/worlds/models/aws_robomaker_residential_DeskPortraitA_01/meshes\n'}
[1.074098] (trover_description) StdoutLine: {'line': b'-- Up-to-date: /home/elizabeth/MREN203_Trover/install/trover_description/share/trover_description/worlds/models/aws_robomaker_residential_DeskPortraitA_01/meshes/aws_DeskPortraitA_01_visual.DAE\n'}
[1.074238] (trover_description) StdoutLine: {'line': b'-- Up-to-date: /home/elizabeth/MREN203_Trover/install/trover_description/share/trover_description/worlds/models/aws_robomaker_residential_DeskPortraitA_01/meshes/aws_DeskPortraitA_01_collision.DAE\n'}
[1.074374] (trover_description) StdoutLine: {'line': b'-- Up-to-date: /home/elizabeth/MREN203_Trover/install/trover_description/share/trover_description/worlds/models/aws_robomaker_residential_Handle_01\n'}
[1.074487] (trover_description) StdoutLine: {'line': b'-- Up-to-date: /home/elizabeth/MREN203_Trover/install/trover_description/share/trover_description/worlds/models/aws_robomaker_residential_Handle_01/model.sdf\n'}
[1.074585] (trover_description) StdoutLine: {'line': b'-- Up-to-date: /home/elizabeth/MREN203_Trover/install/trover_description/share/trover_description/worlds/models/aws_robomaker_residential_Handle_01/materials\n'}
[1.074676] (trover_description) StdoutLine: {'line': b'-- Up-to-date: /home/elizabeth/MREN203_Trover/install/trover_description/share/trover_description/worlds/models/aws_robomaker_residential_Handle_01/materials/textures\n'}
[1.074765] (trover_description) StdoutLine: {'line': b'-- Up-to-date: /home/elizabeth/MREN203_Trover/install/trover_description/share/trover_description/worlds/models/aws_robomaker_residential_Handle_01/materials/textures/aws_Handle_01.png\n'}
[1.074867] (trover_description) StdoutLine: {'line': b'-- Up-to-date: /home/elizabeth/MREN203_Trover/install/trover_description/share/trover_description/worlds/models/aws_robomaker_residential_Handle_01/model.config\n'}
[1.074956] (trover_description) StdoutLine: {'line': b'-- Up-to-date: /home/elizabeth/MREN203_Trover/install/trover_description/share/trover_description/worlds/models/aws_robomaker_residential_Handle_01/meshes\n'}
[1.075044] (trover_description) StdoutLine: {'line': b'-- Up-to-date: /home/elizabeth/MREN203_Trover/install/trover_description/share/trover_description/worlds/models/aws_robomaker_residential_Handle_01/meshes/aws_Handle_01_collision.DAE\n'}
[1.075135] (trover_description) StdoutLine: {'line': b'-- Up-to-date: /home/elizabeth/MREN203_Trover/install/trover_description/share/trover_description/worlds/models/aws_robomaker_residential_Handle_01/meshes/aws_Handle_01_visual.DAE\n'}
[1.075223] (trover_description) StdoutLine: {'line': b'-- Up-to-date: /home/elizabeth/MREN203_Trover/install/trover_description/share/trover_description/worlds/models/.DS_Store\n'}
[1.075311] (trover_description) StdoutLine: {'line': b'-- Up-to-date: /home/elizabeth/MREN203_Trover/install/trover_description/share/trover_description/worlds/models/aws_robomaker_residential_Board_01\n'}
[1.075398] (trover_description) StdoutLine: {'line': b'-- Up-to-date: /home/elizabeth/MREN203_Trover/install/trover_description/share/trover_description/worlds/models/aws_robomaker_residential_Board_01/model.sdf\n'}
[1.075486] (trover_description) StdoutLine: {'line': b'-- Up-to-date: /home/elizabeth/MREN203_Trover/install/trover_description/share/trover_description/worlds/models/aws_robomaker_residential_Board_01/materials\n'}
[1.075580] (trover_description) StdoutLine: {'line': b'-- Up-to-date: /home/elizabeth/MREN203_Trover/install/trover_description/share/trover_description/worlds/models/aws_robomaker_residential_Board_01/materials/textures\n'}
[1.082057] (trover_description) StdoutLine: {'line': b'-- Up-to-date: /home/elizabeth/MREN203_Trover/install/trover_description/share/trover_description/worlds/models/aws_robomaker_residential_Board_01/materials/textures/aws_Board_01.png\n'}
[1.083575] (trover_description) StdoutLine: {'line': b'-- Up-to-date: /home/elizabeth/MREN203_Trover/install/trover_description/share/trover_description/worlds/models/aws_robomaker_residential_Board_01/model.config\n'}
[1.083821] (trover_description) StdoutLine: {'line': b'-- Up-to-date: /home/elizabeth/MREN203_Trover/install/trover_description/share/trover_description/worlds/models/aws_robomaker_residential_Board_01/meshes\n'}
[1.084285] (trover_description) StdoutLine: {'line': b'-- Up-to-date: /home/elizabeth/MREN203_Trover/install/trover_description/share/trover_description/worlds/models/aws_robomaker_residential_Board_01/meshes/aws_Board_01_collision.DAE\n'}
[1.084903] (trover_description) StdoutLine: {'line': b'-- Up-to-date: /home/elizabeth/MREN203_Trover/install/trover_description/share/trover_description/worlds/models/aws_robomaker_residential_Board_01/meshes/aws_Board_01_visual.DAE\n'}
[1.085313] (trover_description) StdoutLine: {'line': b'-- Up-to-date: /home/elizabeth/MREN203_Trover/install/trover_description/share/trover_description/worlds/models/aws_robomaker_residential_DeskPortraitB_02\n'}
[1.085485] (trover_description) StdoutLine: {'line': b'-- Up-to-date: /home/elizabeth/MREN203_Trover/install/trover_description/share/trover_description/worlds/models/aws_robomaker_residential_DeskPortraitB_02/model.sdf\n'}
[1.085649] (trover_description) StdoutLine: {'line': b'-- Up-to-date: /home/elizabeth/MREN203_Trover/install/trover_description/share/trover_description/worlds/models/aws_robomaker_residential_DeskPortraitB_02/materials\n'}
[1.085808] (trover_description) StdoutLine: {'line': b'-- Up-to-date: /home/elizabeth/MREN203_Trover/install/trover_description/share/trover_description/worlds/models/aws_robomaker_residential_DeskPortraitB_02/materials/textures\n'}
[1.086100] (trover_description) StdoutLine: {'line': b'-- Up-to-date: /home/elizabeth/MREN203_Trover/install/trover_description/share/trover_description/worlds/models/aws_robomaker_residential_DeskPortraitB_02/materials/textures/DeskPortraitB_02.jpg\n'}
[1.086323] (trover_description) StdoutLine: {'line': b'-- Up-to-date: /home/elizabeth/MREN203_Trover/install/trover_description/share/trover_description/worlds/models/aws_robomaker_residential_DeskPortraitB_02/materials/textures/aws_DeskPortraitB_02.png\n'}
[1.086440] (trover_description) StdoutLine: {'line': b'-- Up-to-date: /home/elizabeth/MREN203_Trover/install/trover_description/share/trover_description/worlds/models/aws_robomaker_residential_DeskPortraitB_02/materials/textures/aws_DeskPortraitB_01.png\n'}
[1.086543] (trover_description) StdoutLine: {'line': b'-- Up-to-date: /home/elizabeth/MREN203_Trover/install/trover_description/share/trover_description/worlds/models/aws_robomaker_residential_DeskPortraitB_02/model.config\n'}
[1.086646] (trover_description) StdoutLine: {'line': b'-- Up-to-date: /home/elizabeth/MREN203_Trover/install/trover_description/share/trover_description/worlds/models/aws_robomaker_residential_DeskPortraitB_02/meshes\n'}
[1.086750] (trover_description) StdoutLine: {'line': b'-- Up-to-date: /home/elizabeth/MREN203_Trover/install/trover_description/share/trover_description/worlds/models/aws_robomaker_residential_DeskPortraitB_02/meshes/aws_DeskPortraitB_01_visual.DAE\n'}
[1.086855] (trover_description) StdoutLine: {'line': b'-- Up-to-date: /home/elizabeth/MREN203_Trover/install/trover_description/share/trover_description/worlds/models/aws_robomaker_residential_DeskPortraitB_02/meshes/aws_DeskPortraitB_01_collision.DAE\n'}
[1.086957] (trover_description) StdoutLine: {'line': b'-- Up-to-date: /home/elizabeth/MREN203_Trover/install/trover_description/share/trover_description/worlds/models/aws_robomaker_residential_DeskPortraitD_03\n'}
[1.087057] (trover_description) StdoutLine: {'line': b'-- Up-to-date: /home/elizabeth/MREN203_Trover/install/trover_description/share/trover_description/worlds/models/aws_robomaker_residential_DeskPortraitD_03/model.sdf\n'}
[1.087165] (trover_description) StdoutLine: {'line': b'-- Up-to-date: /home/elizabeth/MREN203_Trover/install/trover_description/share/trover_description/worlds/models/aws_robomaker_residential_DeskPortraitD_03/materials\n'}
[1.098930] (-) TimerEvent: {}
[1.100312] (trover_description) StdoutLine: {'line': b'-- Up-to-date: /home/elizabeth/MREN203_Trover/install/trover_description/share/trover_description/worlds/models/aws_robomaker_residential_DeskPortraitD_03/materials/textures\n'}
[1.100554] (trover_description) StdoutLine: {'line': b'-- Up-to-date: /home/elizabeth/MREN203_Trover/install/trover_description/share/trover_description/worlds/models/aws_robomaker_residential_DeskPortraitD_03/materials/textures/DeskPortraitD_03.jpg\n'}
[1.100652] (trover_description) StdoutLine: {'line': b'-- Up-to-date: /home/elizabeth/MREN203_Trover/install/trover_description/share/trover_description/worlds/models/aws_robomaker_residential_DeskPortraitD_03/materials/textures/aws_DeskPortraitD_02.png\n'}
[1.100743] (trover_description) StdoutLine: {'line': b'-- Up-to-date: /home/elizabeth/MREN203_Trover/install/trover_description/share/trover_description/worlds/models/aws_robomaker_residential_DeskPortraitD_03/materials/textures/aws_DeskPortraitD_01.png\n'}
[1.100831] (trover_description) StdoutLine: {'line': b'-- Up-to-date: /home/elizabeth/MREN203_Trover/install/trover_description/share/trover_description/worlds/models/aws_robomaker_residential_DeskPortraitD_03/model.config\n'}
[1.100920] (trover_description) StdoutLine: {'line': b'-- Up-to-date: /home/elizabeth/MREN203_Trover/install/trover_description/share/trover_description/worlds/models/aws_robomaker_residential_DeskPortraitD_03/meshes\n'}
[1.101008] (trover_description) StdoutLine: {'line': b'-- Up-to-date: /home/elizabeth/MREN203_Trover/install/trover_description/share/trover_description/worlds/models/aws_robomaker_residential_DeskPortraitD_03/meshes/aws_DeskPortraitD_01_collision.DAE\n'}
[1.101119] (trover_description) StdoutLine: {'line': b'-- Up-to-date: /home/elizabeth/MREN203_Trover/install/trover_description/share/trover_description/worlds/models/aws_robomaker_residential_DeskPortraitD_03/meshes/aws_DeskPortraitD_01_visual.DAE\n'}
[1.101224] (trover_description) StdoutLine: {'line': b'-- Up-to-date: /home/elizabeth/MREN203_Trover/install/trover_description/share/trover_description/worlds/models/aws_robomaker_residential_DeskPortraitD_01\n'}
[1.101314] (trover_description) StdoutLine: {'line': b'-- Up-to-date: /home/elizabeth/MREN203_Trover/install/trover_description/share/trover_description/worlds/models/aws_robomaker_residential_DeskPortraitD_01/model.sdf\n'}
[1.101401] (trover_description) StdoutLine: {'line': b'-- Up-to-date: /home/elizabeth/MREN203_Trover/install/trover_description/share/trover_description/worlds/models/aws_robomaker_residential_DeskPortraitD_01/materials\n'}
[1.101487] (trover_description) StdoutLine: {'line': b'-- Up-to-date: /home/elizabeth/MREN203_Trover/install/trover_description/share/trover_description/worlds/models/aws_robomaker_residential_DeskPortraitD_01/materials/textures\n'}
[1.101576] (trover_description) StdoutLine: {'line': b'-- Up-to-date: /home/elizabeth/MREN203_Trover/install/trover_description/share/trover_description/worlds/models/aws_robomaker_residential_DeskPortraitD_01/materials/textures/aws_DeskPortraitD_02.png\n'}
[1.101675] (trover_description) StdoutLine: {'line': b'-- Up-to-date: /home/elizabeth/MREN203_Trover/install/trover_description/share/trover_description/worlds/models/aws_robomaker_residential_DeskPortraitD_01/materials/textures/DeskPortraitD_01.jpg\n'}
[1.101765] (trover_description) StdoutLine: {'line': b'-- Up-to-date: /home/elizabeth/MREN203_Trover/install/trover_description/share/trover_description/worlds/models/aws_robomaker_residential_DeskPortraitD_01/materials/textures/aws_DeskPortraitD_01.png\n'}
[1.101854] (trover_description) StdoutLine: {'line': b'-- Up-to-date: /home/elizabeth/MREN203_Trover/install/trover_description/share/trover_description/worlds/models/aws_robomaker_residential_DeskPortraitD_01/model.config\n'}
[1.101942] (trover_description) StdoutLine: {'line': b'-- Up-to-date: /home/elizabeth/MREN203_Trover/install/trover_description/share/trover_description/worlds/models/aws_robomaker_residential_DeskPortraitD_01/meshes\n'}
[1.102030] (trover_description) StdoutLine: {'line': b'-- Up-to-date: /home/elizabeth/MREN203_Trover/install/trover_description/share/trover_description/worlds/models/aws_robomaker_residential_DeskPortraitD_01/meshes/aws_DeskPortraitD_01_collision.DAE\n'}
[1.102118] (trover_description) StdoutLine: {'line': b'-- Up-to-date: /home/elizabeth/MREN203_Trover/install/trover_description/share/trover_description/worlds/models/aws_robomaker_residential_DeskPortraitD_01/meshes/aws_DeskPortraitD_01_visual.DAE\n'}
[1.102205] (trover_description) StdoutLine: {'line': b'-- Up-to-date: /home/elizabeth/MREN203_Trover/install/trover_description/share/trover_description/worlds/models/aws_robomaker_residential_KitchenUtensils_01\n'}
[1.102372] (trover_description) StdoutLine: {'line': b'-- Up-to-date: /home/elizabeth/MREN203_Trover/install/trover_description/share/trover_description/worlds/models/aws_robomaker_residential_KitchenUtensils_01/model.sdf\n'}
[1.102474] (trover_description) StdoutLine: {'line': b'-- Up-to-date: /home/elizabeth/MREN203_Trover/install/trover_description/share/trover_description/worlds/models/aws_robomaker_residential_KitchenUtensils_01/materials\n'}
[1.102576] (trover_description) StdoutLine: {'line': b'-- Up-to-date: /home/elizabeth/MREN203_Trover/install/trover_description/share/trover_description/worlds/models/aws_robomaker_residential_KitchenUtensils_01/materials/textures\n'}
[1.102665] (trover_description) StdoutLine: {'line': b'-- Up-to-date: /home/elizabeth/MREN203_Trover/install/trover_description/share/trover_description/worlds/models/aws_robomaker_residential_KitchenUtensils_01/materials/textures/aws_KitchenUtensils_01.png\n'}
[1.102771] (trover_description) StdoutLine: {'line': b'-- Up-to-date: /home/elizabeth/MREN203_Trover/install/trover_description/share/trover_description/worlds/models/aws_robomaker_residential_KitchenUtensils_01/model.config\n'}
[1.102856] (trover_description) StdoutLine: {'line': b'-- Up-to-date: /home/elizabeth/MREN203_Trover/install/trover_description/share/trover_description/worlds/models/aws_robomaker_residential_KitchenUtensils_01/meshes\n'}
[1.102942] (trover_description) StdoutLine: {'line': b'-- Up-to-date: /home/elizabeth/MREN203_Trover/install/trover_description/share/trover_description/worlds/models/aws_robomaker_residential_KitchenUtensils_01/meshes/aws_KitchenUtensils_01_visual.DAE\n'}
[1.103088] (trover_description) StdoutLine: {'line': b'-- Up-to-date: /home/elizabeth/MREN203_Trover/install/trover_description/share/trover_description/worlds/models/aws_robomaker_residential_KitchenUtensils_01/meshes/aws_KitchenUtensils_01_collision.DAE\n'}
[1.103255] (trover_description) StdoutLine: {'line': b'-- Up-to-date: /home/elizabeth/MREN203_Trover/install/trover_description/share/trover_description/worlds/models/aws_robomaker_residential_HouseWallB_01\n'}
[1.103348] (trover_description) StdoutLine: {'line': b'-- Up-to-date: /home/elizabeth/MREN203_Trover/install/trover_description/share/trover_description/worlds/models/aws_robomaker_residential_HouseWallB_01/model.sdf\n'}
[1.103434] (trover_description) StdoutLine: {'line': b'-- Up-to-date: /home/elizabeth/MREN203_Trover/install/trover_description/share/trover_description/worlds/models/aws_robomaker_residential_HouseWallB_01/materials\n'}
[1.103517] (trover_description) StdoutLine: {'line': b'-- Up-to-date: /home/elizabeth/MREN203_Trover/install/trover_description/share/trover_description/worlds/models/aws_robomaker_residential_HouseWallB_01/materials/textures\n'}
[1.110360] (trover_description) StdoutLine: {'line': b'-- Up-to-date: /home/elizabeth/MREN203_Trover/install/trover_description/share/trover_description/worlds/models/aws_robomaker_residential_HouseWallB_01/materials/textures/aws_HouseWallB_01.png\n'}
[1.112556] (trover_description) StdoutLine: {'line': b'-- Up-to-date: /home/elizabeth/MREN203_Trover/install/trover_description/share/trover_description/worlds/models/aws_robomaker_residential_HouseWallB_01/model.config\n'}
[1.112671] (trover_description) StdoutLine: {'line': b'-- Up-to-date: /home/elizabeth/MREN203_Trover/install/trover_description/share/trover_description/worlds/models/aws_robomaker_residential_HouseWallB_01/meshes\n'}
[1.112783] (trover_description) StdoutLine: {'line': b'-- Up-to-date: /home/elizabeth/MREN203_Trover/install/trover_description/share/trover_description/worlds/models/aws_robomaker_residential_HouseWallB_01/meshes/aws_HouseWallB_01_collision.DAE\n'}
[1.112874] (trover_description) StdoutLine: {'line': b'-- Up-to-date: /home/elizabeth/MREN203_Trover/install/trover_description/share/trover_description/worlds/models/aws_robomaker_residential_HouseWallB_01/meshes/aws_HouseWallB_01_visual.DAE\n'}
[1.112962] (trover_description) StdoutLine: {'line': b'-- Up-to-date: /home/elizabeth/MREN203_Trover/install/trover_description/share/trover_description/worlds/models/aws_robomaker_residential_Sofa_01\n'}
[1.113049] (trover_description) StdoutLine: {'line': b'-- Up-to-date: /home/elizabeth/MREN203_Trover/install/trover_description/share/trover_description/worlds/models/aws_robomaker_residential_Sofa_01/model.sdf\n'}
[1.113135] (trover_description) StdoutLine: {'line': b'-- Up-to-date: /home/elizabeth/MREN203_Trover/install/trover_description/share/trover_description/worlds/models/aws_robomaker_residential_Sofa_01/materials\n'}
[1.113222] (trover_description) StdoutLine: {'line': b'-- Up-to-date: /home/elizabeth/MREN203_Trover/install/trover_description/share/trover_description/worlds/models/aws_robomaker_residential_Sofa_01/materials/textures\n'}
[1.113308] (trover_description) StdoutLine: {'line': b'-- Up-to-date: /home/elizabeth/MREN203_Trover/install/trover_description/share/trover_description/worlds/models/aws_robomaker_residential_Sofa_01/materials/textures/aws_Sofa_01.png\n'}
[1.113411] (trover_description) StdoutLine: {'line': b'-- Up-to-date: /home/elizabeth/MREN203_Trover/install/trover_description/share/trover_description/worlds/models/aws_robomaker_residential_Sofa_01/model.config\n'}
[1.113497] (trover_description) StdoutLine: {'line': b'-- Up-to-date: /home/elizabeth/MREN203_Trover/install/trover_description/share/trover_description/worlds/models/aws_robomaker_residential_Sofa_01/meshes\n'}
[1.113584] (trover_description) StdoutLine: {'line': b'-- Up-to-date: /home/elizabeth/MREN203_Trover/install/trover_description/share/trover_description/worlds/models/aws_robomaker_residential_Sofa_01/meshes/aws_Sofa_01_collision.DAE\n'}
[1.113672] (trover_description) StdoutLine: {'line': b'-- Up-to-date: /home/elizabeth/MREN203_Trover/install/trover_description/share/trover_description/worlds/models/aws_robomaker_residential_Sofa_01/meshes/aws_Sofa_01.DAE\n'}
[1.113758] (trover_description) StdoutLine: {'line': b'-- Up-to-date: /home/elizabeth/MREN203_Trover/install/trover_description/share/trover_description/worlds/models/aws_robomaker_residential_Sofa_01/meshes/aws_Sofa_01_visual.DAE\n'}
[1.113846] (trover_description) StdoutLine: {'line': b'-- Up-to-date: /home/elizabeth/MREN203_Trover/install/trover_description/share/trover_description/worlds/models/aws_robomaker_residential_SofaB_01\n'}
[1.113942] (trover_description) StdoutLine: {'line': b'-- Up-to-date: /home/elizabeth/MREN203_Trover/install/trover_description/share/trover_description/worlds/models/aws_robomaker_residential_SofaB_01/model.sdf\n'}
[1.114066] (trover_description) StdoutLine: {'line': b'-- Up-to-date: /home/elizabeth/MREN203_Trover/install/trover_description/share/trover_description/worlds/models/aws_robomaker_residential_SofaB_01/materials\n'}
[1.116758] (trover_description) StdoutLine: {'line': b'-- Up-to-date: /home/elizabeth/MREN203_Trover/install/trover_description/share/trover_description/worlds/models/aws_robomaker_residential_SofaB_01/materials/textures\n'}
[1.117475] (trover_description) StdoutLine: {'line': b'-- Up-to-date: /home/elizabeth/MREN203_Trover/install/trover_description/share/trover_description/worlds/models/aws_robomaker_residential_SofaB_01/materials/textures/aws_SofaB_01.png\n'}
[1.117581] (trover_description) StdoutLine: {'line': b'-- Up-to-date: /home/elizabeth/MREN203_Trover/install/trover_description/share/trover_description/worlds/models/aws_robomaker_residential_SofaB_01/model.config\n'}
[1.117671] (trover_description) StdoutLine: {'line': b'-- Up-to-date: /home/elizabeth/MREN203_Trover/install/trover_description/share/trover_description/worlds/models/aws_robomaker_residential_SofaB_01/meshes\n'}
[1.117760] (trover_description) StdoutLine: {'line': b'-- Up-to-date: /home/elizabeth/MREN203_Trover/install/trover_description/share/trover_description/worlds/models/aws_robomaker_residential_SofaB_01/meshes/aws_SofaB_01_visual.DAE\n'}
[1.117849] (trover_description) StdoutLine: {'line': b'-- Up-to-date: /home/elizabeth/MREN203_Trover/install/trover_description/share/trover_description/worlds/models/aws_robomaker_residential_SofaB_01/meshes/aws_SofaB_01_collision.DAE\n'}
[1.117976] (trover_description) StdoutLine: {'line': b'-- Up-to-date: /home/elizabeth/MREN203_Trover/install/trover_description/share/trover_description/worlds/models/aws_robomaker_residential_AirconditionerA_01\n'}
[1.118065] (trover_description) StdoutLine: {'line': b'-- Up-to-date: /home/elizabeth/MREN203_Trover/install/trover_description/share/trover_description/worlds/models/aws_robomaker_residential_AirconditionerA_01/model.sdf\n'}
[1.118152] (trover_description) StdoutLine: {'line': b'-- Up-to-date: /home/elizabeth/MREN203_Trover/install/trover_description/share/trover_description/worlds/models/aws_robomaker_residential_AirconditionerA_01/materials\n'}
[1.118249] (trover_description) StdoutLine: {'line': b'-- Up-to-date: /home/elizabeth/MREN203_Trover/install/trover_description/share/trover_description/worlds/models/aws_robomaker_residential_AirconditionerA_01/materials/textures\n'}
[1.118347] (trover_description) StdoutLine: {'line': b'-- Up-to-date: /home/elizabeth/MREN203_Trover/install/trover_description/share/trover_description/worlds/models/aws_robomaker_residential_AirconditionerA_01/materials/textures/aws_AirconditionerA_01.png\n'}
[1.118530] (trover_description) StdoutLine: {'line': b'-- Up-to-date: /home/elizabeth/MREN203_Trover/install/trover_description/share/trover_description/worlds/models/aws_robomaker_residential_AirconditionerA_01/model.config\n'}
[1.118632] (trover_description) StdoutLine: {'line': b'-- Up-to-date: /home/elizabeth/MREN203_Trover/install/trover_description/share/trover_description/worlds/models/aws_robomaker_residential_AirconditionerA_01/meshes\n'}
[1.118721] (trover_description) StdoutLine: {'line': b'-- Up-to-date: /home/elizabeth/MREN203_Trover/install/trover_description/share/trover_description/worlds/models/aws_robomaker_residential_AirconditionerA_01/meshes/aws_AirconditionerA_01_visual.DAE\n'}
[1.118809] (trover_description) StdoutLine: {'line': b'-- Up-to-date: /home/elizabeth/MREN203_Trover/install/trover_description/share/trover_description/worlds/models/aws_robomaker_residential_AirconditionerA_01/meshes/aws_AirconditionerA_01_collision.DAE\n'}
[1.118901] (trover_description) StdoutLine: {'line': b'-- Up-to-date: /home/elizabeth/MREN203_Trover/install/trover_description/share/trover_description/worlds/models/aws_robomaker_residential_CoffeeTable_01\n'}
[1.119027] (trover_description) StdoutLine: {'line': b'-- Up-to-date: /home/elizabeth/MREN203_Trover/install/trover_description/share/trover_description/worlds/models/aws_robomaker_residential_CoffeeTable_01/model.sdf\n'}
[1.119163] (trover_description) StdoutLine: {'line': b'-- Up-to-date: /home/elizabeth/MREN203_Trover/install/trover_description/share/trover_description/worlds/models/aws_robomaker_residential_CoffeeTable_01/materials\n'}
[1.119265] (trover_description) StdoutLine: {'line': b'-- Up-to-date: /home/elizabeth/MREN203_Trover/install/trover_description/share/trover_description/worlds/models/aws_robomaker_residential_CoffeeTable_01/materials/textures\n'}
[1.119351] (trover_description) StdoutLine: {'line': b'-- Up-to-date: /home/elizabeth/MREN203_Trover/install/trover_description/share/trover_description/worlds/models/aws_robomaker_residential_CoffeeTable_01/materials/textures/aws_CoffeeTable_01.png\n'}
[1.119435] (trover_description) StdoutLine: {'line': b'-- Up-to-date: /home/elizabeth/MREN203_Trover/install/trover_description/share/trover_description/worlds/models/aws_robomaker_residential_CoffeeTable_01/model.config\n'}
[1.119521] (trover_description) StdoutLine: {'line': b'-- Up-to-date: /home/elizabeth/MREN203_Trover/install/trover_description/share/trover_description/worlds/models/aws_robomaker_residential_CoffeeTable_01/meshes\n'}
[1.119607] (trover_description) StdoutLine: {'line': b'-- Up-to-date: /home/elizabeth/MREN203_Trover/install/trover_description/share/trover_description/worlds/models/aws_robomaker_residential_CoffeeTable_01/meshes/aws_CoffeeTable_01_collision.DAE\n'}
[1.119694] (trover_description) StdoutLine: {'line': b'-- Up-to-date: /home/elizabeth/MREN203_Trover/install/trover_description/share/trover_description/worlds/models/aws_robomaker_residential_CoffeeTable_01/meshes/aws_CoffeeTable_01_visual.DAE\n'}
[1.119782] (trover_description) StdoutLine: {'line': b'-- Up-to-date: /home/elizabeth/MREN203_Trover/install/trover_description/share/trover_description/worlds/models/aws_robomaker_residential_TV_01\n'}
[1.119870] (trover_description) StdoutLine: {'line': b'-- Up-to-date: /home/elizabeth/MREN203_Trover/install/trover_description/share/trover_description/worlds/models/aws_robomaker_residential_TV_01/model.sdf\n'}
[1.119957] (trover_description) StdoutLine: {'line': b'-- Up-to-date: /home/elizabeth/MREN203_Trover/install/trover_description/share/trover_description/worlds/models/aws_robomaker_residential_TV_01/materials\n'}
[1.120045] (trover_description) StdoutLine: {'line': b'-- Up-to-date: /home/elizabeth/MREN203_Trover/install/trover_description/share/trover_description/worlds/models/aws_robomaker_residential_TV_01/materials/textures\n'}
[1.120162] (trover_description) StdoutLine: {'line': b'-- Up-to-date: /home/elizabeth/MREN203_Trover/install/trover_description/share/trover_description/worlds/models/aws_robomaker_residential_TV_01/materials/textures/aws_TV_01.png\n'}
[1.120249] (trover_description) StdoutLine: {'line': b'-- Up-to-date: /home/elizabeth/MREN203_Trover/install/trover_description/share/trover_description/worlds/models/aws_robomaker_residential_TV_01/model.config\n'}
[1.120355] (trover_description) StdoutLine: {'line': b'-- Up-to-date: /home/elizabeth/MREN203_Trover/install/trover_description/share/trover_description/worlds/models/aws_robomaker_residential_TV_01/meshes\n'}
[1.120547] (trover_description) StdoutLine: {'line': b'-- Up-to-date: /home/elizabeth/MREN203_Trover/install/trover_description/share/trover_description/worlds/models/aws_robomaker_residential_TV_01/meshes/aws_TV_01_collision.DAE\n'}
[1.120650] (trover_description) StdoutLine: {'line': b'-- Up-to-date: /home/elizabeth/MREN203_Trover/install/trover_description/share/trover_description/worlds/models/aws_robomaker_residential_TV_01/meshes/aws_TV_01_visual.DAE\n'}
[1.120750] (trover_description) StdoutLine: {'line': b'-- Up-to-date: /home/elizabeth/MREN203_Trover/install/trover_description/share/trover_description/worlds/models/aws_robomaker_residential_Refrigerator_01\n'}
[1.120903] (trover_description) StdoutLine: {'line': b'-- Up-to-date: /home/elizabeth/MREN203_Trover/install/trover_description/share/trover_description/worlds/models/aws_robomaker_residential_Refrigerator_01/model.sdf\n'}
[1.121047] (trover_description) StdoutLine: {'line': b'-- Up-to-date: /home/elizabeth/MREN203_Trover/install/trover_description/share/trover_description/worlds/models/aws_robomaker_residential_Refrigerator_01/materials\n'}
[1.121139] (trover_description) StdoutLine: {'line': b'-- Up-to-date: /home/elizabeth/MREN203_Trover/install/trover_description/share/trover_description/worlds/models/aws_robomaker_residential_Refrigerator_01/materials/textures\n'}
[1.138100] (trover_description) StdoutLine: {'line': b'-- Up-to-date: /home/elizabeth/MREN203_Trover/install/trover_description/share/trover_description/worlds/models/aws_robomaker_residential_Refrigerator_01/materials/textures/aws_Refrigerator_02.png\n'}
[1.138445] (trover_description) StdoutLine: {'line': b'-- Up-to-date: /home/elizabeth/MREN203_Trover/install/trover_description/share/trover_description/worlds/models/aws_robomaker_residential_Refrigerator_01/materials/textures/aws_Refrigerator_01.png\n'}
[1.138585] (trover_description) StdoutLine: {'line': b'-- Up-to-date: /home/elizabeth/MREN203_Trover/install/trover_description/share/trover_description/worlds/models/aws_robomaker_residential_Refrigerator_01/model.config\n'}
[1.138722] (trover_description) StdoutLine: {'line': b'-- Up-to-date: /home/elizabeth/MREN203_Trover/install/trover_description/share/trover_description/worlds/models/aws_robomaker_residential_Refrigerator_01/meshes\n'}
[1.138947] (trover_description) StdoutLine: {'line': b'-- Up-to-date: /home/elizabeth/MREN203_Trover/install/trover_description/share/trover_description/worlds/models/aws_robomaker_residential_Refrigerator_01/meshes/aws_Refrigerator_01.DAE\n'}
[1.139101] (trover_description) StdoutLine: {'line': b'-- Up-to-date: /home/elizabeth/MREN203_Trover/install/trover_description/share/trover_description/worlds/models/aws_robomaker_residential_Refrigerator_01/meshes/aws_Refrigerator_01_visual.DAE\n'}
[1.139242] (trover_description) StdoutLine: {'line': b'-- Up-to-date: /home/elizabeth/MREN203_Trover/install/trover_description/share/trover_description/worlds/models/aws_robomaker_residential_Refrigerator_01/meshes/aws_Refrigerator_01_collision.DAE\n'}
[1.139396] (trover_description) StdoutLine: {'line': b'-- Up-to-date: /home/elizabeth/MREN203_Trover/install/trover_description/share/trover_description/worlds/models/aws_robomaker_residential_Door_01\n'}
[1.139580] (trover_description) StdoutLine: {'line': b'-- Up-to-date: /home/elizabeth/MREN203_Trover/install/trover_description/share/trover_description/worlds/models/aws_robomaker_residential_Door_01/model.sdf\n'}
[1.139786] (trover_description) StdoutLine: {'line': b'-- Up-to-date: /home/elizabeth/MREN203_Trover/install/trover_description/share/trover_description/worlds/models/aws_robomaker_residential_Door_01/materials\n'}
[1.139937] (trover_description) StdoutLine: {'line': b'-- Up-to-date: /home/elizabeth/MREN203_Trover/install/trover_description/share/trover_description/worlds/models/aws_robomaker_residential_Door_01/materials/textures\n'}
[1.140065] (trover_description) StdoutLine: {'line': b'-- Up-to-date: /home/elizabeth/MREN203_Trover/install/trover_description/share/trover_description/worlds/models/aws_robomaker_residential_Door_01/materials/textures/aws_Door_01.png\n'}
[1.140190] (trover_description) StdoutLine: {'line': b'-- Up-to-date: /home/elizabeth/MREN203_Trover/install/trover_description/share/trover_description/worlds/models/aws_robomaker_residential_Door_01/model.config\n'}
[1.140312] (trover_description) StdoutLine: {'line': b'-- Up-to-date: /home/elizabeth/MREN203_Trover/install/trover_description/share/trover_description/worlds/models/aws_robomaker_residential_Door_01/meshes\n'}
[1.140440] (trover_description) StdoutLine: {'line': b'-- Up-to-date: /home/elizabeth/MREN203_Trover/install/trover_description/share/trover_description/worlds/models/aws_robomaker_residential_Door_01/meshes/aws_Door_01_visual.DAE\n'}
[1.147176] (trover_description) StdoutLine: {'line': b'-- Up-to-date: /home/elizabeth/MREN203_Trover/install/trover_description/share/trover_description/worlds/models/aws_robomaker_residential_Door_01/meshes/aws_Door_01_collision.DAE\n'}
[1.147506] (trover_description) StdoutLine: {'line': b'-- Up-to-date: /home/elizabeth/MREN203_Trover/install/trover_description/share/trover_description/worlds/models/aws_robomaker_residential_DeskPortraitC_02\n'}
[1.147717] (trover_description) StdoutLine: {'line': b'-- Up-to-date: /home/elizabeth/MREN203_Trover/install/trover_description/share/trover_description/worlds/models/aws_robomaker_residential_DeskPortraitC_02/model.sdf\n'}
[1.147878] (trover_description) StdoutLine: {'line': b'-- Up-to-date: /home/elizabeth/MREN203_Trover/install/trover_description/share/trover_description/worlds/models/aws_robomaker_residential_DeskPortraitC_02/materials\n'}
[1.148025] (trover_description) StdoutLine: {'line': b'-- Up-to-date: /home/elizabeth/MREN203_Trover/install/trover_description/share/trover_description/worlds/models/aws_robomaker_residential_DeskPortraitC_02/materials/textures\n'}
[1.150888] (trover_description) StdoutLine: {'line': b'-- Up-to-date: /home/elizabeth/MREN203_Trover/install/trover_description/share/trover_description/worlds/models/aws_robomaker_residential_DeskPortraitC_02/materials/textures/aws_DeskPortraitC_01.png\n'}
[1.151207] (trover_description) StdoutLine: {'line': b'-- Up-to-date: /home/elizabeth/MREN203_Trover/install/trover_description/share/trover_description/worlds/models/aws_robomaker_residential_DeskPortraitC_02/materials/textures/DeskPortraitC_02.jpg\n'}
[1.151363] (trover_description) StdoutLine: {'line': b'-- Up-to-date: /home/elizabeth/MREN203_Trover/install/trover_description/share/trover_description/worlds/models/aws_robomaker_residential_DeskPortraitC_02/materials/textures/aws_DeskPortraitC_02.png\n'}
[1.151505] (trover_description) StdoutLine: {'line': b'-- Up-to-date: /home/elizabeth/MREN203_Trover/install/trover_description/share/trover_description/worlds/models/aws_robomaker_residential_DeskPortraitC_02/model.config\n'}
[1.151686] (trover_description) StdoutLine: {'line': b'-- Up-to-date: /home/elizabeth/MREN203_Trover/install/trover_description/share/trover_description/worlds/models/aws_robomaker_residential_DeskPortraitC_02/meshes\n'}
[1.163031] (trover_description) StdoutLine: {'line': b'-- Up-to-date: /home/elizabeth/MREN203_Trover/install/trover_description/share/trover_description/worlds/models/aws_robomaker_residential_DeskPortraitC_02/meshes/aws_DeskPortraitC_01_collision.DAE\n'}
[1.163400] (trover_description) StdoutLine: {'line': b'-- Up-to-date: /home/elizabeth/MREN203_Trover/install/trover_description/share/trover_description/worlds/models/aws_robomaker_residential_DeskPortraitC_02/meshes/aws_DeskPortraitC_01_visual.DAE\n'}
[1.170488] (trover_description) StdoutLine: {'line': b'-- Up-to-date: /home/elizabeth/MREN203_Trover/install/trover_description/share/trover_description/worlds/models/aws_robomaker_residential_PortraitE_01\n'}
[1.170830] (trover_description) StdoutLine: {'line': b'-- Up-to-date: /home/elizabeth/MREN203_Trover/install/trover_description/share/trover_description/worlds/models/aws_robomaker_residential_PortraitE_01/model.sdf\n'}
[1.170973] (trover_description) StdoutLine: {'line': b'-- Up-to-date: /home/elizabeth/MREN203_Trover/install/trover_description/share/trover_description/worlds/models/aws_robomaker_residential_PortraitE_01/materials\n'}
[1.171092] (trover_description) StdoutLine: {'line': b'-- Up-to-date: /home/elizabeth/MREN203_Trover/install/trover_description/share/trover_description/worlds/models/aws_robomaker_residential_PortraitE_01/materials/textures\n'}
[1.171216] (trover_description) StdoutLine: {'line': b'-- Up-to-date: /home/elizabeth/MREN203_Trover/install/trover_description/share/trover_description/worlds/models/aws_robomaker_residential_PortraitE_01/materials/textures/aws_PortraitE_02.png\n'}
[1.171338] (trover_description) StdoutLine: {'line': b'-- Up-to-date: /home/elizabeth/MREN203_Trover/install/trover_description/share/trover_description/worlds/models/aws_robomaker_residential_PortraitE_01/materials/textures/aws_PortraitE_01.png\n'}
[1.171451] (trover_description) StdoutLine: {'line': b'-- Up-to-date: /home/elizabeth/MREN203_Trover/install/trover_description/share/trover_description/worlds/models/aws_robomaker_residential_PortraitE_01/materials/textures/PortraitE_01.jpg\n'}
[1.171596] (trover_description) StdoutLine: {'line': b'-- Up-to-date: /home/elizabeth/MREN203_Trover/install/trover_description/share/trover_description/worlds/models/aws_robomaker_residential_PortraitE_01/model.config\n'}
[1.171724] (trover_description) StdoutLine: {'line': b'-- Up-to-date: /home/elizabeth/MREN203_Trover/install/trover_description/share/trover_description/worlds/models/aws_robomaker_residential_PortraitE_01/meshes\n'}
[1.171948] (trover_description) StdoutLine: {'line': b'-- Up-to-date: /home/elizabeth/MREN203_Trover/install/trover_description/share/trover_description/worlds/models/aws_robomaker_residential_PortraitE_01/meshes/aws_PortraitE_01_visual.DAE\n'}
[1.172073] (trover_description) StdoutLine: {'line': b'-- Up-to-date: /home/elizabeth/MREN203_Trover/install/trover_description/share/trover_description/worlds/models/aws_robomaker_residential_PortraitE_01/meshes/aws_PortraitE_01_collision.DAE\n'}
[1.172191] (trover_description) StdoutLine: {'line': b'-- Up-to-date: /home/elizabeth/MREN203_Trover/install/trover_description/share/trover_description/worlds/models/aws_robomaker_residential_DeskPortraitD_04\n'}
[1.172338] (trover_description) StdoutLine: {'line': b'-- Up-to-date: /home/elizabeth/MREN203_Trover/install/trover_description/share/trover_description/worlds/models/aws_robomaker_residential_DeskPortraitD_04/model.sdf\n'}
[1.172493] (trover_description) StdoutLine: {'line': b'-- Up-to-date: /home/elizabeth/MREN203_Trover/install/trover_description/share/trover_description/worlds/models/aws_robomaker_residential_DeskPortraitD_04/materials\n'}
[1.172620] (trover_description) StdoutLine: {'line': b'-- Up-to-date: /home/elizabeth/MREN203_Trover/install/trover_description/share/trover_description/worlds/models/aws_robomaker_residential_DeskPortraitD_04/materials/textures\n'}
[1.172751] (trover_description) StdoutLine: {'line': b'-- Up-to-date: /home/elizabeth/MREN203_Trover/install/trover_description/share/trover_description/worlds/models/aws_robomaker_residential_DeskPortraitD_04/materials/textures/aws_DeskPortraitD_02.png\n'}
[1.172879] (trover_description) StdoutLine: {'line': b'-- Up-to-date: /home/elizabeth/MREN203_Trover/install/trover_description/share/trover_description/worlds/models/aws_robomaker_residential_DeskPortraitD_04/materials/textures/DeskPortraitD_04.jpg\n'}
[1.173022] (trover_description) StdoutLine: {'line': b'-- Up-to-date: /home/elizabeth/MREN203_Trover/install/trover_description/share/trover_description/worlds/models/aws_robomaker_residential_DeskPortraitD_04/materials/textures/aws_DeskPortraitD_01.png\n'}
[1.173141] (trover_description) StdoutLine: {'line': b'-- Up-to-date: /home/elizabeth/MREN203_Trover/install/trover_description/share/trover_description/worlds/models/aws_robomaker_residential_DeskPortraitD_04/model.config\n'}
[1.173257] (trover_description) StdoutLine: {'line': b'-- Up-to-date: /home/elizabeth/MREN203_Trover/install/trover_description/share/trover_description/worlds/models/aws_robomaker_residential_DeskPortraitD_04/meshes\n'}
[1.173384] (trover_description) StdoutLine: {'line': b'-- Up-to-date: /home/elizabeth/MREN203_Trover/install/trover_description/share/trover_description/worlds/models/aws_robomaker_residential_DeskPortraitD_04/meshes/aws_DeskPortraitD_01_collision.DAE\n'}
[1.173534] (trover_description) StdoutLine: {'line': b'-- Up-to-date: /home/elizabeth/MREN203_Trover/install/trover_description/share/trover_description/worlds/models/aws_robomaker_residential_DeskPortraitD_04/meshes/aws_DeskPortraitD_01_visual.DAE\n'}
[1.173700] (trover_description) StdoutLine: {'line': b'-- Up-to-date: /home/elizabeth/MREN203_Trover/install/trover_description/share/trover_description/worlds/models/aws_robomaker_residential_Pillow_01\n'}
[1.173930] (trover_description) StdoutLine: {'line': b'-- Up-to-date: /home/elizabeth/MREN203_Trover/install/trover_description/share/trover_description/worlds/models/aws_robomaker_residential_Pillow_01/model.sdf\n'}
[1.174098] (trover_description) StdoutLine: {'line': b'-- Up-to-date: /home/elizabeth/MREN203_Trover/install/trover_description/share/trover_description/worlds/models/aws_robomaker_residential_Pillow_01/materials\n'}
[1.174247] (trover_description) StdoutLine: {'line': b'-- Up-to-date: /home/elizabeth/MREN203_Trover/install/trover_description/share/trover_description/worlds/models/aws_robomaker_residential_Pillow_01/materials/textures\n'}
[1.174396] (trover_description) StdoutLine: {'line': b'-- Up-to-date: /home/elizabeth/MREN203_Trover/install/trover_description/share/trover_description/worlds/models/aws_robomaker_residential_Pillow_01/materials/textures/aws_Pillow_01.png\n'}
[1.174551] (trover_description) StdoutLine: {'line': b'-- Up-to-date: /home/elizabeth/MREN203_Trover/install/trover_description/share/trover_description/worlds/models/aws_robomaker_residential_Pillow_01/model.config\n'}
[1.174691] (trover_description) StdoutLine: {'line': b'-- Up-to-date: /home/elizabeth/MREN203_Trover/install/trover_description/share/trover_description/worlds/models/aws_robomaker_residential_Pillow_01/meshes\n'}
[1.174830] (trover_description) StdoutLine: {'line': b'-- Up-to-date: /home/elizabeth/MREN203_Trover/install/trover_description/share/trover_description/worlds/models/aws_robomaker_residential_Pillow_01/meshes/aws_Pillow_01_collision.DAE\n'}
[1.174976] (trover_description) StdoutLine: {'line': b'-- Up-to-date: /home/elizabeth/MREN203_Trover/install/trover_description/share/trover_description/worlds/models/aws_robomaker_residential_Pillow_01/meshes/aws_Pillow_01_visual.DAE\n'}
[1.175128] (trover_description) StdoutLine: {'line': b'-- Up-to-date: /home/elizabeth/MREN203_Trover/install/trover_description/share/trover_description/worlds/models/aws_robomaker_residential_Tablet_01\n'}
[1.175282] (trover_description) StdoutLine: {'line': b'-- Up-to-date: /home/elizabeth/MREN203_Trover/install/trover_description/share/trover_description/worlds/models/aws_robomaker_residential_Tablet_01/.DS_Store\n'}
[1.175435] (trover_description) StdoutLine: {'line': b'-- Up-to-date: /home/elizabeth/MREN203_Trover/install/trover_description/share/trover_description/worlds/models/aws_robomaker_residential_Tablet_01/model.sdf\n'}
[1.175596] (trover_description) StdoutLine: {'line': b'-- Up-to-date: /home/elizabeth/MREN203_Trover/install/trover_description/share/trover_description/worlds/models/aws_robomaker_residential_Tablet_01/materials\n'}
[1.175893] (trover_description) StdoutLine: {'line': b'-- Up-to-date: /home/elizabeth/MREN203_Trover/install/trover_description/share/trover_description/worlds/models/aws_robomaker_residential_Tablet_01/materials/.DS_Store\n'}
[1.181686] (trover_description) StdoutLine: {'line': b'-- Up-to-date: /home/elizabeth/MREN203_Trover/install/trover_description/share/trover_description/worlds/models/aws_robomaker_residential_Tablet_01/materials/textures\n'}
[1.182069] (trover_description) StdoutLine: {'line': b'-- Up-to-date: /home/elizabeth/MREN203_Trover/install/trover_description/share/trover_description/worlds/models/aws_robomaker_residential_Tablet_01/materials/textures/aws_Tablet_01_nologo.png\n'}
[1.182243] (trover_description) StdoutLine: {'line': b'-- Up-to-date: /home/elizabeth/MREN203_Trover/install/trover_description/share/trover_description/worlds/models/aws_robomaker_residential_Tablet_01/model.config\n'}
[1.182393] (trover_description) StdoutLine: {'line': b'-- Up-to-date: /home/elizabeth/MREN203_Trover/install/trover_description/share/trover_description/worlds/models/aws_robomaker_residential_Tablet_01/meshes\n'}
[1.182539] (trover_description) StdoutLine: {'line': b'-- Up-to-date: /home/elizabeth/MREN203_Trover/install/trover_description/share/trover_description/worlds/models/aws_robomaker_residential_Tablet_01/meshes/aws_Tablet_01_visual.DAE\n'}
[1.182823] (trover_description) StdoutLine: {'line': b'-- Up-to-date: /home/elizabeth/MREN203_Trover/install/trover_description/share/trover_description/worlds/models/aws_robomaker_residential_Tablet_01/meshes/aws_Tablet_01_collision.DAE\n'}
[1.183014] (trover_description) StdoutLine: {'line': b'-- Up-to-date: /home/elizabeth/MREN203_Trover/install/trover_description/share/trover_description/worlds/models/aws_robomaker_residential_ReadingDesk_01\n'}
[1.183169] (trover_description) StdoutLine: {'line': b'-- Up-to-date: /home/elizabeth/MREN203_Trover/install/trover_description/share/trover_description/worlds/models/aws_robomaker_residential_ReadingDesk_01/model.sdf\n'}
[1.183324] (trover_description) StdoutLine: {'line': b'-- Up-to-date: /home/elizabeth/MREN203_Trover/install/trover_description/share/trover_description/worlds/models/aws_robomaker_residential_ReadingDesk_01/materials\n'}
[1.183471] (trover_description) StdoutLine: {'line': b'-- Up-to-date: /home/elizabeth/MREN203_Trover/install/trover_description/share/trover_description/worlds/models/aws_robomaker_residential_ReadingDesk_01/materials/textures\n'}
[1.183613] (trover_description) StdoutLine: {'line': b'-- Up-to-date: /home/elizabeth/MREN203_Trover/install/trover_description/share/trover_description/worlds/models/aws_robomaker_residential_ReadingDesk_01/materials/textures/aws_ReadingDesk_01.png\n'}
[1.183794] (trover_description) StdoutLine: {'line': b'-- Up-to-date: /home/elizabeth/MREN203_Trover/install/trover_description/share/trover_description/worlds/models/aws_robomaker_residential_ReadingDesk_01/model.config\n'}
[1.186703] (trover_description) StdoutLine: {'line': b'-- Up-to-date: /home/elizabeth/MREN203_Trover/install/trover_description/share/trover_description/worlds/models/aws_robomaker_residential_ReadingDesk_01/meshes\n'}
[1.187063] (trover_description) StdoutLine: {'line': b'-- Up-to-date: /home/elizabeth/MREN203_Trover/install/trover_description/share/trover_description/worlds/models/aws_robomaker_residential_ReadingDesk_01/meshes/aws_ReadingDesk_01_collision.DAE\n'}
[1.187385] (trover_description) StdoutLine: {'line': b'-- Up-to-date: /home/elizabeth/MREN203_Trover/install/trover_description/share/trover_description/worlds/models/aws_robomaker_residential_ReadingDesk_01/meshes/aws_ReadingDesk_01_visual.DAE\n'}
[1.187606] (trover_description) StdoutLine: {'line': b'-- Up-to-date: /home/elizabeth/MREN203_Trover/install/trover_description/share/trover_description/worlds/models/aws_robomaker_residential_LightC_01\n'}
[1.187715] (trover_description) StdoutLine: {'line': b'-- Up-to-date: /home/elizabeth/MREN203_Trover/install/trover_description/share/trover_description/worlds/models/aws_robomaker_residential_LightC_01/model.sdf\n'}
[1.187860] (trover_description) StdoutLine: {'line': b'-- Up-to-date: /home/elizabeth/MREN203_Trover/install/trover_description/share/trover_description/worlds/models/aws_robomaker_residential_LightC_01/materials\n'}
[1.187951] (trover_description) StdoutLine: {'line': b'-- Up-to-date: /home/elizabeth/MREN203_Trover/install/trover_description/share/trover_description/worlds/models/aws_robomaker_residential_LightC_01/materials/textures\n'}
[1.188039] (trover_description) StdoutLine: {'line': b'-- Up-to-date: /home/elizabeth/MREN203_Trover/install/trover_description/share/trover_description/worlds/models/aws_robomaker_residential_LightC_01/materials/textures/aws_LightC_01.png\n'}
[1.188139] (trover_description) StdoutLine: {'line': b'-- Up-to-date: /home/elizabeth/MREN203_Trover/install/trover_description/share/trover_description/worlds/models/aws_robomaker_residential_LightC_01/model.config\n'}
[1.188230] (trover_description) StdoutLine: {'line': b'-- Up-to-date: /home/elizabeth/MREN203_Trover/install/trover_description/share/trover_description/worlds/models/aws_robomaker_residential_LightC_01/meshes\n'}
[1.188342] (trover_description) StdoutLine: {'line': b'-- Up-to-date: /home/elizabeth/MREN203_Trover/install/trover_description/share/trover_description/worlds/models/aws_robomaker_residential_LightC_01/meshes/aws_LightC_01_visual.DAE\n'}
[1.188429] (trover_description) StdoutLine: {'line': b'-- Up-to-date: /home/elizabeth/MREN203_Trover/install/trover_description/share/trover_description/worlds/models/aws_robomaker_residential_LightC_01/meshes/aws_LightC_01_collision.DAE\n'}
[1.188512] (trover_description) StdoutLine: {'line': b'-- Up-to-date: /home/elizabeth/MREN203_Trover/install/trover_description/share/trover_description/worlds/models/aws_robomaker_residential_Curtain_01\n'}
[1.188658] (trover_description) StdoutLine: {'line': b'-- Up-to-date: /home/elizabeth/MREN203_Trover/install/trover_description/share/trover_description/worlds/models/aws_robomaker_residential_Curtain_01/model.sdf\n'}
[1.188770] (trover_description) StdoutLine: {'line': b'-- Up-to-date: /home/elizabeth/MREN203_Trover/install/trover_description/share/trover_description/worlds/models/aws_robomaker_residential_Curtain_01/materials\n'}
[1.188874] (trover_description) StdoutLine: {'line': b'-- Up-to-date: /home/elizabeth/MREN203_Trover/install/trover_description/share/trover_description/worlds/models/aws_robomaker_residential_Curtain_01/materials/textures\n'}
[1.188948] (trover_description) StdoutLine: {'line': b'-- Up-to-date: /home/elizabeth/MREN203_Trover/install/trover_description/share/trover_description/worlds/models/aws_robomaker_residential_Curtain_01/materials/textures/aws_Curtain_01.png\n'}
[1.189023] (trover_description) StdoutLine: {'line': b'-- Up-to-date: /home/elizabeth/MREN203_Trover/install/trover_description/share/trover_description/worlds/models/aws_robomaker_residential_Curtain_01/model.config\n'}
[1.189102] (trover_description) StdoutLine: {'line': b'-- Up-to-date: /home/elizabeth/MREN203_Trover/install/trover_description/share/trover_description/worlds/models/aws_robomaker_residential_Curtain_01/meshes\n'}
[1.189216] (trover_description) StdoutLine: {'line': b'-- Up-to-date: /home/elizabeth/MREN203_Trover/install/trover_description/share/trover_description/worlds/models/aws_robomaker_residential_Curtain_01/meshes/aws_Curtain_01_visual.DAE\n'}
[1.189354] (trover_description) StdoutLine: {'line': b'-- Up-to-date: /home/elizabeth/MREN203_Trover/install/trover_description/share/trover_description/worlds/models/aws_robomaker_residential_Curtain_01/meshes/aws_Curtain_01_collision.DAE\n'}
[1.189471] (trover_description) StdoutLine: {'line': b'-- Up-to-date: /home/elizabeth/MREN203_Trover/install/trover_description/share/trover_description/worlds/models/aws_robomaker_residential_ChairA_01\n'}
[1.189645] (trover_description) StdoutLine: {'line': b'-- Up-to-date: /home/elizabeth/MREN203_Trover/install/trover_description/share/trover_description/worlds/models/aws_robomaker_residential_ChairA_01/model.sdf\n'}
[1.189755] (trover_description) StdoutLine: {'line': b'-- Up-to-date: /home/elizabeth/MREN203_Trover/install/trover_description/share/trover_description/worlds/models/aws_robomaker_residential_ChairA_01/materials\n'}
[1.189829] (trover_description) StdoutLine: {'line': b'-- Up-to-date: /home/elizabeth/MREN203_Trover/install/trover_description/share/trover_description/worlds/models/aws_robomaker_residential_ChairA_01/materials/textures\n'}
[1.189903] (trover_description) StdoutLine: {'line': b'-- Up-to-date: /home/elizabeth/MREN203_Trover/install/trover_description/share/trover_description/worlds/models/aws_robomaker_residential_ChairA_01/materials/textures/aws_ChairA_01.png\n'}
[1.189976] (trover_description) StdoutLine: {'line': b'-- Up-to-date: /home/elizabeth/MREN203_Trover/install/trover_description/share/trover_description/worlds/models/aws_robomaker_residential_ChairA_01/model.config\n'}
[1.190047] (trover_description) StdoutLine: {'line': b'-- Up-to-date: /home/elizabeth/MREN203_Trover/install/trover_description/share/trover_description/worlds/models/aws_robomaker_residential_ChairA_01/meshes\n'}
[1.190132] (trover_description) StdoutLine: {'line': b'-- Up-to-date: /home/elizabeth/MREN203_Trover/install/trover_description/share/trover_description/worlds/models/aws_robomaker_residential_ChairA_01/meshes/aws_ChairA_01_visual.DAE\n'}
[1.190206] (trover_description) StdoutLine: {'line': b'-- Up-to-date: /home/elizabeth/MREN203_Trover/install/trover_description/share/trover_description/worlds/models/aws_robomaker_residential_ChairA_01/meshes/aws_ChairA_01_collision.DAE\n'}
[1.190277] (trover_description) StdoutLine: {'line': b'-- Up-to-date: /home/elizabeth/MREN203_Trover/install/trover_description/share/trover_description/worlds/models/aws_robomaker_residential_Ball_01\n'}
[1.190349] (trover_description) StdoutLine: {'line': b'-- Up-to-date: /home/elizabeth/MREN203_Trover/install/trover_description/share/trover_description/worlds/models/aws_robomaker_residential_Ball_01/model.sdf\n'}
[1.190419] (trover_description) StdoutLine: {'line': b'-- Up-to-date: /home/elizabeth/MREN203_Trover/install/trover_description/share/trover_description/worlds/models/aws_robomaker_residential_Ball_01/materials\n'}
[1.190504] (trover_description) StdoutLine: {'line': b'-- Up-to-date: /home/elizabeth/MREN203_Trover/install/trover_description/share/trover_description/worlds/models/aws_robomaker_residential_Ball_01/materials/textures\n'}
[1.190576] (trover_description) StdoutLine: {'line': b'-- Up-to-date: /home/elizabeth/MREN203_Trover/install/trover_description/share/trover_description/worlds/models/aws_robomaker_residential_Ball_01/materials/textures/aws_Ball_01.png\n'}
[1.190647] (trover_description) StdoutLine: {'line': b'-- Up-to-date: /home/elizabeth/MREN203_Trover/install/trover_description/share/trover_description/worlds/models/aws_robomaker_residential_Ball_01/model.config\n'}
[1.190720] (trover_description) StdoutLine: {'line': b'-- Up-to-date: /home/elizabeth/MREN203_Trover/install/trover_description/share/trover_description/worlds/models/aws_robomaker_residential_Ball_01/meshes\n'}
[1.190804] (trover_description) StdoutLine: {'line': b'-- Up-to-date: /home/elizabeth/MREN203_Trover/install/trover_description/share/trover_description/worlds/models/aws_robomaker_residential_Ball_01/meshes/aws_Ball_01_collision.DAE\n'}
[1.190910] (trover_description) StdoutLine: {'line': b'-- Up-to-date: /home/elizabeth/MREN203_Trover/install/trover_description/share/trover_description/worlds/models/aws_robomaker_residential_Ball_01/meshes/aws_Ball_01_visual.DAE\n'}
[1.190996] (trover_description) StdoutLine: {'line': b'-- Up-to-date: /home/elizabeth/MREN203_Trover/install/trover_description/share/trover_description/worlds/models/aws_robomaker_residential_Trash_01\n'}
[1.191094] (trover_description) StdoutLine: {'line': b'-- Up-to-date: /home/elizabeth/MREN203_Trover/install/trover_description/share/trover_description/worlds/models/aws_robomaker_residential_Trash_01/model.sdf\n'}
[1.191193] (trover_description) StdoutLine: {'line': b'-- Up-to-date: /home/elizabeth/MREN203_Trover/install/trover_description/share/trover_description/worlds/models/aws_robomaker_residential_Trash_01/materials\n'}
[1.191279] (trover_description) StdoutLine: {'line': b'-- Up-to-date: /home/elizabeth/MREN203_Trover/install/trover_description/share/trover_description/worlds/models/aws_robomaker_residential_Trash_01/materials/textures\n'}
[1.191365] (trover_description) StdoutLine: {'line': b'-- Up-to-date: /home/elizabeth/MREN203_Trover/install/trover_description/share/trover_description/worlds/models/aws_robomaker_residential_Trash_01/materials/textures/aws_Trash_01.png\n'}
[1.191453] (trover_description) StdoutLine: {'line': b'-- Up-to-date: /home/elizabeth/MREN203_Trover/install/trover_description/share/trover_description/worlds/models/aws_robomaker_residential_Trash_01/model.config\n'}
[1.191600] (trover_description) StdoutLine: {'line': b'-- Up-to-date: /home/elizabeth/MREN203_Trover/install/trover_description/share/trover_description/worlds/models/aws_robomaker_residential_Trash_01/meshes\n'}
[1.191712] (trover_description) StdoutLine: {'line': b'-- Up-to-date: /home/elizabeth/MREN203_Trover/install/trover_description/share/trover_description/worlds/models/aws_robomaker_residential_Trash_01/meshes/aws_Trash_01_collision.DAE\n'}
[1.191803] (trover_description) StdoutLine: {'line': b'-- Up-to-date: /home/elizabeth/MREN203_Trover/install/trover_description/share/trover_description/worlds/models/aws_robomaker_residential_Trash_01/meshes/aws_Trash_01_visual.DAE\n'}
[1.191890] (trover_description) StdoutLine: {'line': b'-- Up-to-date: /home/elizabeth/MREN203_Trover/install/trover_description/share/trover_description/worlds/models/aws_robomaker_residential_PortraitA_02\n'}
[1.191976] (trover_description) StdoutLine: {'line': b'-- Up-to-date: /home/elizabeth/MREN203_Trover/install/trover_description/share/trover_description/worlds/models/aws_robomaker_residential_PortraitA_02/model.sdf\n'}
[1.192086] (trover_description) StdoutLine: {'line': b'-- Up-to-date: /home/elizabeth/MREN203_Trover/install/trover_description/share/trover_description/worlds/models/aws_robomaker_residential_PortraitA_02/materials\n'}
[1.192174] (trover_description) StdoutLine: {'line': b'-- Up-to-date: /home/elizabeth/MREN203_Trover/install/trover_description/share/trover_description/worlds/models/aws_robomaker_residential_PortraitA_02/materials/textures\n'}
[1.192259] (trover_description) StdoutLine: {'line': b'-- Up-to-date: /home/elizabeth/MREN203_Trover/install/trover_description/share/trover_description/worlds/models/aws_robomaker_residential_PortraitA_02/materials/textures/aws_PortraitA_02.png\n'}
[1.192346] (trover_description) StdoutLine: {'line': b'-- Up-to-date: /home/elizabeth/MREN203_Trover/install/trover_description/share/trover_description/worlds/models/aws_robomaker_residential_PortraitA_02/materials/textures/aws_PortraitA_01.png\n'}
[1.192432] (trover_description) StdoutLine: {'line': b'-- Up-to-date: /home/elizabeth/MREN203_Trover/install/trover_description/share/trover_description/worlds/models/aws_robomaker_residential_PortraitA_02/materials/textures/PortraitA_02.jpg\n'}
[1.192517] (trover_description) StdoutLine: {'line': b'-- Up-to-date: /home/elizabeth/MREN203_Trover/install/trover_description/share/trover_description/worlds/models/aws_robomaker_residential_PortraitA_02/model.config\n'}
[1.192635] (trover_description) StdoutLine: {'line': b'-- Up-to-date: /home/elizabeth/MREN203_Trover/install/trover_description/share/trover_description/worlds/models/aws_robomaker_residential_PortraitA_02/meshes\n'}
[1.192723] (trover_description) StdoutLine: {'line': b'-- Up-to-date: /home/elizabeth/MREN203_Trover/install/trover_description/share/trover_description/worlds/models/aws_robomaker_residential_PortraitA_02/meshes/aws_PortraitA_01_collision.DAE\n'}
[1.192809] (trover_description) StdoutLine: {'line': b'-- Up-to-date: /home/elizabeth/MREN203_Trover/install/trover_description/share/trover_description/worlds/models/aws_robomaker_residential_PortraitA_02/meshes/aws_PortraitA_01_visual.DAE\n'}
[1.192906] (trover_description) StdoutLine: {'line': b'-- Up-to-date: /home/elizabeth/MREN203_Trover/install/trover_description/share/trover_description/worlds/models/aws_robomaker_residential_DeskPortraitA_02\n'}
[1.192997] (trover_description) StdoutLine: {'line': b'-- Up-to-date: /home/elizabeth/MREN203_Trover/install/trover_description/share/trover_description/worlds/models/aws_robomaker_residential_DeskPortraitA_02/model.sdf\n'}
[1.193103] (trover_description) StdoutLine: {'line': b'-- Up-to-date: /home/elizabeth/MREN203_Trover/install/trover_description/share/trover_description/worlds/models/aws_robomaker_residential_DeskPortraitA_02/materials\n'}
[1.193212] (trover_description) StdoutLine: {'line': b'-- Up-to-date: /home/elizabeth/MREN203_Trover/install/trover_description/share/trover_description/worlds/models/aws_robomaker_residential_DeskPortraitA_02/materials/textures\n'}
[1.193300] (trover_description) StdoutLine: {'line': b'-- Up-to-date: /home/elizabeth/MREN203_Trover/install/trover_description/share/trover_description/worlds/models/aws_robomaker_residential_DeskPortraitA_02/materials/textures/DeskPortraitA_02.jpg\n'}
[1.193387] (trover_description) StdoutLine: {'line': b'-- Up-to-date: /home/elizabeth/MREN203_Trover/install/trover_description/share/trover_description/worlds/models/aws_robomaker_residential_DeskPortraitA_02/materials/textures/aws_DeskPortraitA_02.png\n'}
[1.193476] (trover_description) StdoutLine: {'line': b'-- Up-to-date: /home/elizabeth/MREN203_Trover/install/trover_description/share/trover_description/worlds/models/aws_robomaker_residential_DeskPortraitA_02/materials/textures/aws_DeskPortraitA_01.png\n'}
[1.193633] (trover_description) StdoutLine: {'line': b'-- Up-to-date: /home/elizabeth/MREN203_Trover/install/trover_description/share/trover_description/worlds/models/aws_robomaker_residential_DeskPortraitA_02/model.config\n'}
[1.193741] (trover_description) StdoutLine: {'line': b'-- Up-to-date: /home/elizabeth/MREN203_Trover/install/trover_description/share/trover_description/worlds/models/aws_robomaker_residential_DeskPortraitA_02/meshes\n'}
[1.193829] (trover_description) StdoutLine: {'line': b'-- Up-to-date: /home/elizabeth/MREN203_Trover/install/trover_description/share/trover_description/worlds/models/aws_robomaker_residential_DeskPortraitA_02/meshes/aws_DeskPortraitA_01_visual.DAE\n'}
[1.193915] (trover_description) StdoutLine: {'line': b'-- Up-to-date: /home/elizabeth/MREN203_Trover/install/trover_description/share/trover_description/worlds/models/aws_robomaker_residential_DeskPortraitA_02/meshes/aws_DeskPortraitA_01_collision.DAE\n'}
[1.194017] (trover_description) StdoutLine: {'line': b'-- Up-to-date: /home/elizabeth/MREN203_Trover/install/trover_description/share/trover_description/worlds/models/aws_robomaker_residential_KitchenTable_01\n'}
[1.194107] (trover_description) StdoutLine: {'line': b'-- Up-to-date: /home/elizabeth/MREN203_Trover/install/trover_description/share/trover_description/worlds/models/aws_robomaker_residential_KitchenTable_01/model.sdf\n'}
[1.194193] (trover_description) StdoutLine: {'line': b'-- Up-to-date: /home/elizabeth/MREN203_Trover/install/trover_description/share/trover_description/worlds/models/aws_robomaker_residential_KitchenTable_01/materials\n'}
[1.194279] (trover_description) StdoutLine: {'line': b'-- Up-to-date: /home/elizabeth/MREN203_Trover/install/trover_description/share/trover_description/worlds/models/aws_robomaker_residential_KitchenTable_01/materials/textures\n'}
[1.194366] (trover_description) StdoutLine: {'line': b'-- Up-to-date: /home/elizabeth/MREN203_Trover/install/trover_description/share/trover_description/worlds/models/aws_robomaker_residential_KitchenTable_01/materials/textures/aws_KitchenTable_01.png\n'}
[1.194453] (trover_description) StdoutLine: {'line': b'-- Up-to-date: /home/elizabeth/MREN203_Trover/install/trover_description/share/trover_description/worlds/models/aws_robomaker_residential_KitchenTable_01/model.config\n'}
[1.194562] (trover_description) StdoutLine: {'line': b'-- Up-to-date: /home/elizabeth/MREN203_Trover/install/trover_description/share/trover_description/worlds/models/aws_robomaker_residential_KitchenTable_01/meshes\n'}
[1.194648] (trover_description) StdoutLine: {'line': b'-- Up-to-date: /home/elizabeth/MREN203_Trover/install/trover_description/share/trover_description/worlds/models/aws_robomaker_residential_KitchenTable_01/meshes/aws_KitchenTable_01_collision.DAE\n'}
[1.194733] (trover_description) StdoutLine: {'line': b'-- Up-to-date: /home/elizabeth/MREN203_Trover/install/trover_description/share/trover_description/worlds/models/aws_robomaker_residential_KitchenTable_01/meshes/aws_KitchenTable_01_visual.DAE\n'}
[1.194828] (trover_description) StdoutLine: {'line': b'-- Up-to-date: /home/elizabeth/MREN203_Trover/install/trover_description/share/trover_description/worlds/models/aws_robomaker_residential_FoldingDoor_01\n'}
[1.194915] (trover_description) StdoutLine: {'line': b'-- Up-to-date: /home/elizabeth/MREN203_Trover/install/trover_description/share/trover_description/worlds/models/aws_robomaker_residential_FoldingDoor_01/model.sdf\n'}
[1.201776] (trover_description) StdoutLine: {'line': b'-- Up-to-date: /home/elizabeth/MREN203_Trover/install/trover_description/share/trover_description/worlds/models/aws_robomaker_residential_FoldingDoor_01/materials\n'}
[1.202016] (-) TimerEvent: {}
[1.204145] (trover_description) StdoutLine: {'line': b'-- Up-to-date: /home/elizabeth/MREN203_Trover/install/trover_description/share/trover_description/worlds/models/aws_robomaker_residential_FoldingDoor_01/materials/textures\n'}
[1.225040] (trover_description) StdoutLine: {'line': b'-- Up-to-date: /home/elizabeth/MREN203_Trover/install/trover_description/share/trover_description/worlds/models/aws_robomaker_residential_FoldingDoor_01/materials/textures/aws_FoldingDoor_01.png\n'}
[1.225181] (trover_description) StdoutLine: {'line': b'-- Up-to-date: /home/elizabeth/MREN203_Trover/install/trover_description/share/trover_description/worlds/models/aws_robomaker_residential_FoldingDoor_01/model.config\n'}
[1.225274] (trover_description) StdoutLine: {'line': b'-- Up-to-date: /home/elizabeth/MREN203_Trover/install/trover_description/share/trover_description/worlds/models/aws_robomaker_residential_FoldingDoor_01/meshes\n'}
[1.225395] (trover_description) StdoutLine: {'line': b'-- Up-to-date: /home/elizabeth/MREN203_Trover/install/trover_description/share/trover_description/worlds/models/aws_robomaker_residential_FoldingDoor_01/meshes/aws_FoldingDoor_01_collision.DAE\n'}
[1.225484] (trover_description) StdoutLine: {'line': b'-- Up-to-date: /home/elizabeth/MREN203_Trover/install/trover_description/share/trover_description/worlds/models/aws_robomaker_residential_FoldingDoor_01/meshes/aws_FoldingDoor_01_visual.DAE\n'}
[1.225572] (trover_description) StdoutLine: {'line': b'-- Up-to-date: /home/elizabeth/MREN203_Trover/install/trover_description/share/trover_description/worlds/models/aws_robomaker_residential_Vase_01\n'}
[1.225659] (trover_description) StdoutLine: {'line': b'-- Up-to-date: /home/elizabeth/MREN203_Trover/install/trover_description/share/trover_description/worlds/models/aws_robomaker_residential_Vase_01/model.sdf\n'}
[1.225798] (trover_description) StdoutLine: {'line': b'-- Up-to-date: /home/elizabeth/MREN203_Trover/install/trover_description/share/trover_description/worlds/models/aws_robomaker_residential_Vase_01/materials\n'}
[1.225923] (trover_description) StdoutLine: {'line': b'-- Up-to-date: /home/elizabeth/MREN203_Trover/install/trover_description/share/trover_description/worlds/models/aws_robomaker_residential_Vase_01/materials/textures\n'}
[1.226034] (trover_description) StdoutLine: {'line': b'-- Up-to-date: /home/elizabeth/MREN203_Trover/install/trover_description/share/trover_description/worlds/models/aws_robomaker_residential_Vase_01/materials/textures/aws_Vase_01.png\n'}
[1.226126] (trover_description) StdoutLine: {'line': b'-- Up-to-date: /home/elizabeth/MREN203_Trover/install/trover_description/share/trover_description/worlds/models/aws_robomaker_residential_Vase_01/model.config\n'}
[1.226236] (trover_description) StdoutLine: {'line': b'-- Up-to-date: /home/elizabeth/MREN203_Trover/install/trover_description/share/trover_description/worlds/models/aws_robomaker_residential_Vase_01/meshes\n'}
[1.226323] (trover_description) StdoutLine: {'line': b'-- Up-to-date: /home/elizabeth/MREN203_Trover/install/trover_description/share/trover_description/worlds/models/aws_robomaker_residential_Vase_01/meshes/aws_Vase_01_collision.DAE\n'}
[1.226411] (trover_description) StdoutLine: {'line': b'-- Up-to-date: /home/elizabeth/MREN203_Trover/install/trover_description/share/trover_description/worlds/models/aws_robomaker_residential_Vase_01/meshes/aws_Vase_01_visual.DAE\n'}
[1.226499] (trover_description) StdoutLine: {'line': b'-- Up-to-date: /home/elizabeth/MREN203_Trover/install/trover_description/share/trover_description/worlds/models/aws_robomaker_residential_ShoeRack_01\n'}
[1.226585] (trover_description) StdoutLine: {'line': b'-- Up-to-date: /home/elizabeth/MREN203_Trover/install/trover_description/share/trover_description/worlds/models/aws_robomaker_residential_ShoeRack_01/model.sdf\n'}
[1.226671] (trover_description) StdoutLine: {'line': b'-- Up-to-date: /home/elizabeth/MREN203_Trover/install/trover_description/share/trover_description/worlds/models/aws_robomaker_residential_ShoeRack_01/materials\n'}
[1.226757] (trover_description) StdoutLine: {'line': b'-- Up-to-date: /home/elizabeth/MREN203_Trover/install/trover_description/share/trover_description/worlds/models/aws_robomaker_residential_ShoeRack_01/materials/textures\n'}
[1.226845] (trover_description) StdoutLine: {'line': b'-- Up-to-date: /home/elizabeth/MREN203_Trover/install/trover_description/share/trover_description/worlds/models/aws_robomaker_residential_ShoeRack_01/materials/textures/aws_ShoeRack_01.png\n'}
[1.226947] (trover_description) StdoutLine: {'line': b'-- Up-to-date: /home/elizabeth/MREN203_Trover/install/trover_description/share/trover_description/worlds/models/aws_robomaker_residential_ShoeRack_01/model.config\n'}
[1.227034] (trover_description) StdoutLine: {'line': b'-- Up-to-date: /home/elizabeth/MREN203_Trover/install/trover_description/share/trover_description/worlds/models/aws_robomaker_residential_ShoeRack_01/meshes\n'}
[1.227120] (trover_description) StdoutLine: {'line': b'-- Up-to-date: /home/elizabeth/MREN203_Trover/install/trover_description/share/trover_description/worlds/models/aws_robomaker_residential_ShoeRack_01/meshes/aws_ShoeRack_01_visual.DAE\n'}
[1.227208] (trover_description) StdoutLine: {'line': b'-- Up-to-date: /home/elizabeth/MREN203_Trover/install/trover_description/share/trover_description/worlds/models/aws_robomaker_residential_ShoeRack_01/meshes/aws_ShoeRack_01_collision.DAE\n'}
[1.227294] (trover_description) StdoutLine: {'line': b'-- Up-to-date: /home/elizabeth/MREN203_Trover/install/trover_description/share/trover_description/worlds/models/aws_robomaker_residential_Quilt_01\n'}
[1.227381] (trover_description) StdoutLine: {'line': b'-- Up-to-date: /home/elizabeth/MREN203_Trover/install/trover_description/share/trover_description/worlds/models/aws_robomaker_residential_Quilt_01/model.sdf\n'}
[1.227467] (trover_description) StdoutLine: {'line': b'-- Up-to-date: /home/elizabeth/MREN203_Trover/install/trover_description/share/trover_description/worlds/models/aws_robomaker_residential_Quilt_01/materials\n'}
[1.227625] (trover_description) StdoutLine: {'line': b'-- Up-to-date: /home/elizabeth/MREN203_Trover/install/trover_description/share/trover_description/worlds/models/aws_robomaker_residential_Quilt_01/materials/textures\n'}
[1.227841] (trover_description) StdoutLine: {'line': b'-- Up-to-date: /home/elizabeth/MREN203_Trover/install/trover_description/share/trover_description/worlds/models/aws_robomaker_residential_Quilt_01/materials/textures/aws_Quilt_01.png\n'}
[1.227964] (trover_description) StdoutLine: {'line': b'-- Up-to-date: /home/elizabeth/MREN203_Trover/install/trover_description/share/trover_description/worlds/models/aws_robomaker_residential_Quilt_01/model.config\n'}
[1.228074] (trover_description) StdoutLine: {'line': b'-- Up-to-date: /home/elizabeth/MREN203_Trover/install/trover_description/share/trover_description/worlds/models/aws_robomaker_residential_Quilt_01/meshes\n'}
[1.228164] (trover_description) StdoutLine: {'line': b'-- Up-to-date: /home/elizabeth/MREN203_Trover/install/trover_description/share/trover_description/worlds/models/aws_robomaker_residential_Quilt_01/meshes/aws_Quilt_01_visual.DAE\n'}
[1.228253] (trover_description) StdoutLine: {'line': b'-- Up-to-date: /home/elizabeth/MREN203_Trover/install/trover_description/share/trover_description/worlds/models/aws_robomaker_residential_Quilt_01/meshes/aws_Quilt_01_collision.DAE\n'}
[1.228341] (trover_description) StdoutLine: {'line': b'-- Up-to-date: /home/elizabeth/MREN203_Trover/install/trover_description/share/trover_description/worlds/models/aws_robomaker_residential_PortraitE_02\n'}
[1.228429] (trover_description) StdoutLine: {'line': b'-- Up-to-date: /home/elizabeth/MREN203_Trover/install/trover_description/share/trover_description/worlds/models/aws_robomaker_residential_PortraitE_02/model.sdf\n'}
[1.228537] (trover_description) StdoutLine: {'line': b'-- Up-to-date: /home/elizabeth/MREN203_Trover/install/trover_description/share/trover_description/worlds/models/aws_robomaker_residential_PortraitE_02/materials\n'}
[1.228627] (trover_description) StdoutLine: {'line': b'-- Up-to-date: /home/elizabeth/MREN203_Trover/install/trover_description/share/trover_description/worlds/models/aws_robomaker_residential_PortraitE_02/materials/textures\n'}
[1.228714] (trover_description) StdoutLine: {'line': b'-- Up-to-date: /home/elizabeth/MREN203_Trover/install/trover_description/share/trover_description/worlds/models/aws_robomaker_residential_PortraitE_02/materials/textures/aws_PortraitE_02.png\n'}
[1.228801] (trover_description) StdoutLine: {'line': b'-- Up-to-date: /home/elizabeth/MREN203_Trover/install/trover_description/share/trover_description/worlds/models/aws_robomaker_residential_PortraitE_02/materials/textures/aws_PortraitE_01.png\n'}
[1.228888] (trover_description) StdoutLine: {'line': b'-- Up-to-date: /home/elizabeth/MREN203_Trover/install/trover_description/share/trover_description/worlds/models/aws_robomaker_residential_PortraitE_02/materials/textures/PortraitE_02.jpg\n'}
[1.228976] (trover_description) StdoutLine: {'line': b'-- Up-to-date: /home/elizabeth/MREN203_Trover/install/trover_description/share/trover_description/worlds/models/aws_robomaker_residential_PortraitE_02/model.config\n'}
[1.229062] (trover_description) StdoutLine: {'line': b'-- Up-to-date: /home/elizabeth/MREN203_Trover/install/trover_description/share/trover_description/worlds/models/aws_robomaker_residential_PortraitE_02/meshes\n'}
[1.229148] (trover_description) StdoutLine: {'line': b'-- Up-to-date: /home/elizabeth/MREN203_Trover/install/trover_description/share/trover_description/worlds/models/aws_robomaker_residential_PortraitE_02/meshes/aws_PortraitE_01_visual.DAE\n'}
[1.229247] (trover_description) StdoutLine: {'line': b'-- Up-to-date: /home/elizabeth/MREN203_Trover/install/trover_description/share/trover_description/worlds/models/aws_robomaker_residential_PortraitE_02/meshes/aws_PortraitE_01_collision.DAE\n'}
[1.229335] (trover_description) StdoutLine: {'line': b'-- Up-to-date: /home/elizabeth/MREN203_Trover/install/trover_description/share/trover_description/worlds/models/aws_robomaker_residential_Carpet_01\n'}
[1.229421] (trover_description) StdoutLine: {'line': b'-- Up-to-date: /home/elizabeth/MREN203_Trover/install/trover_description/share/trover_description/worlds/models/aws_robomaker_residential_Carpet_01/model.sdf\n'}
[1.229522] (trover_description) StdoutLine: {'line': b'-- Up-to-date: /home/elizabeth/MREN203_Trover/install/trover_description/share/trover_description/worlds/models/aws_robomaker_residential_Carpet_01/materials\n'}
[1.229609] (trover_description) StdoutLine: {'line': b'-- Up-to-date: /home/elizabeth/MREN203_Trover/install/trover_description/share/trover_description/worlds/models/aws_robomaker_residential_Carpet_01/materials/textures\n'}
[1.229710] (trover_description) StdoutLine: {'line': b'-- Up-to-date: /home/elizabeth/MREN203_Trover/install/trover_description/share/trover_description/worlds/models/aws_robomaker_residential_Carpet_01/materials/textures/aws_Carpet_01.png\n'}
[1.229850] (trover_description) StdoutLine: {'line': b'-- Up-to-date: /home/elizabeth/MREN203_Trover/install/trover_description/share/trover_description/worlds/models/aws_robomaker_residential_Carpet_01/model.config\n'}
[1.229972] (trover_description) StdoutLine: {'line': b'-- Up-to-date: /home/elizabeth/MREN203_Trover/install/trover_description/share/trover_description/worlds/models/aws_robomaker_residential_Carpet_01/meshes\n'}
[1.230062] (trover_description) StdoutLine: {'line': b'-- Up-to-date: /home/elizabeth/MREN203_Trover/install/trover_description/share/trover_description/worlds/models/aws_robomaker_residential_Carpet_01/meshes/aws_Carpet_01_collision.DAE\n'}
[1.230185] (trover_description) StdoutLine: {'line': b'-- Up-to-date: /home/elizabeth/MREN203_Trover/install/trover_description/share/trover_description/worlds/models/aws_robomaker_residential_Carpet_01/meshes/aws_Carpet_01_visual.DAE\n'}
[1.230272] (trover_description) StdoutLine: {'line': b'-- Up-to-date: /home/elizabeth/MREN203_Trover/install/trover_description/share/trover_description/worlds/models/aws_robomaker_residential_DeskPortraitD_02\n'}
[1.230359] (trover_description) StdoutLine: {'line': b'-- Up-to-date: /home/elizabeth/MREN203_Trover/install/trover_description/share/trover_description/worlds/models/aws_robomaker_residential_DeskPortraitD_02/model.sdf\n'}
[1.230454] (trover_description) StdoutLine: {'line': b'-- Up-to-date: /home/elizabeth/MREN203_Trover/install/trover_description/share/trover_description/worlds/models/aws_robomaker_residential_DeskPortraitD_02/materials\n'}
[1.230550] (trover_description) StdoutLine: {'line': b'-- Up-to-date: /home/elizabeth/MREN203_Trover/install/trover_description/share/trover_description/worlds/models/aws_robomaker_residential_DeskPortraitD_02/materials/textures\n'}
[1.230638] (trover_description) StdoutLine: {'line': b'-- Up-to-date: /home/elizabeth/MREN203_Trover/install/trover_description/share/trover_description/worlds/models/aws_robomaker_residential_DeskPortraitD_02/materials/textures/aws_DeskPortraitD_02.png\n'}
[1.230727] (trover_description) StdoutLine: {'line': b'-- Up-to-date: /home/elizabeth/MREN203_Trover/install/trover_description/share/trover_description/worlds/models/aws_robomaker_residential_DeskPortraitD_02/materials/textures/DeskPortraitD_02.jpg\n'}
[1.230815] (trover_description) StdoutLine: {'line': b'-- Up-to-date: /home/elizabeth/MREN203_Trover/install/trover_description/share/trover_description/worlds/models/aws_robomaker_residential_DeskPortraitD_02/materials/textures/aws_DeskPortraitD_01.png\n'}
[1.230901] (trover_description) StdoutLine: {'line': b'-- Up-to-date: /home/elizabeth/MREN203_Trover/install/trover_description/share/trover_description/worlds/models/aws_robomaker_residential_DeskPortraitD_02/model.config\n'}
[1.230988] (trover_description) StdoutLine: {'line': b'-- Up-to-date: /home/elizabeth/MREN203_Trover/install/trover_description/share/trover_description/worlds/models/aws_robomaker_residential_DeskPortraitD_02/meshes\n'}
[1.231076] (trover_description) StdoutLine: {'line': b'-- Up-to-date: /home/elizabeth/MREN203_Trover/install/trover_description/share/trover_description/worlds/models/aws_robomaker_residential_DeskPortraitD_02/meshes/aws_DeskPortraitD_01_collision.DAE\n'}
[1.231163] (trover_description) StdoutLine: {'line': b'-- Up-to-date: /home/elizabeth/MREN203_Trover/install/trover_description/share/trover_description/worlds/models/aws_robomaker_residential_DeskPortraitD_02/meshes/aws_DeskPortraitD_01_visual.DAE\n'}
[1.231249] (trover_description) StdoutLine: {'line': b'-- Up-to-date: /home/elizabeth/MREN203_Trover/install/trover_description/share/trover_description/worlds/models/aws_robomaker_residential_FloorB_01\n'}
[1.231349] (trover_description) StdoutLine: {'line': b'-- Up-to-date: /home/elizabeth/MREN203_Trover/install/trover_description/share/trover_description/worlds/models/aws_robomaker_residential_FloorB_01/model.sdf\n'}
[1.231471] (trover_description) StdoutLine: {'line': b'-- Up-to-date: /home/elizabeth/MREN203_Trover/install/trover_description/share/trover_description/worlds/models/aws_robomaker_residential_FloorB_01/materials\n'}
[1.231626] (trover_description) StdoutLine: {'line': b'-- Up-to-date: /home/elizabeth/MREN203_Trover/install/trover_description/share/trover_description/worlds/models/aws_robomaker_residential_FloorB_01/materials/textures\n'}
[1.231766] (trover_description) StdoutLine: {'line': b'-- Up-to-date: /home/elizabeth/MREN203_Trover/install/trover_description/share/trover_description/worlds/models/aws_robomaker_residential_FloorB_01/materials/textures/aws_FloorB_01.png\n'}
[1.232023] (trover_description) StdoutLine: {'line': b'-- Up-to-date: /home/elizabeth/MREN203_Trover/install/trover_description/share/trover_description/worlds/models/aws_robomaker_residential_FloorB_01/model.config\n'}
[1.232178] (trover_description) StdoutLine: {'line': b'-- Up-to-date: /home/elizabeth/MREN203_Trover/install/trover_description/share/trover_description/worlds/models/aws_robomaker_residential_FloorB_01/meshes\n'}
[1.232313] (trover_description) StdoutLine: {'line': b'-- Up-to-date: /home/elizabeth/MREN203_Trover/install/trover_description/share/trover_description/worlds/models/aws_robomaker_residential_FloorB_01/meshes/aws_FloorB_01_collision.DAE\n'}
[1.232451] (trover_description) StdoutLine: {'line': b'-- Up-to-date: /home/elizabeth/MREN203_Trover/install/trover_description/share/trover_description/worlds/models/aws_robomaker_residential_FloorB_01/meshes/aws_FloorB_01_visual.DAE\n'}
[1.232580] (trover_description) StdoutLine: {'line': b'-- Up-to-date: /home/elizabeth/MREN203_Trover/install/trover_description/share/trover_description/worlds/models/aws_robomaker_residential_RoomWindow_01\n'}
[1.232703] (trover_description) StdoutLine: {'line': b'-- Up-to-date: /home/elizabeth/MREN203_Trover/install/trover_description/share/trover_description/worlds/models/aws_robomaker_residential_RoomWindow_01/model.sdf\n'}
[1.232822] (trover_description) StdoutLine: {'line': b'-- Up-to-date: /home/elizabeth/MREN203_Trover/install/trover_description/share/trover_description/worlds/models/aws_robomaker_residential_RoomWindow_01/materials\n'}
[1.232991] (trover_description) StdoutLine: {'line': b'-- Up-to-date: /home/elizabeth/MREN203_Trover/install/trover_description/share/trover_description/worlds/models/aws_robomaker_residential_RoomWindow_01/materials/textures\n'}
[1.233119] (trover_description) StdoutLine: {'line': b'-- Up-to-date: /home/elizabeth/MREN203_Trover/install/trover_description/share/trover_description/worlds/models/aws_robomaker_residential_RoomWindow_01/materials/textures/aws_RoomWindow_01.png\n'}
[1.233243] (trover_description) StdoutLine: {'line': b'-- Up-to-date: /home/elizabeth/MREN203_Trover/install/trover_description/share/trover_description/worlds/models/aws_robomaker_residential_RoomWindow_01/model.config\n'}
[1.233367] (trover_description) StdoutLine: {'line': b'-- Up-to-date: /home/elizabeth/MREN203_Trover/install/trover_description/share/trover_description/worlds/models/aws_robomaker_residential_RoomWindow_01/meshes\n'}
[1.233497] (trover_description) StdoutLine: {'line': b'-- Up-to-date: /home/elizabeth/MREN203_Trover/install/trover_description/share/trover_description/worlds/models/aws_robomaker_residential_RoomWindow_01/meshes/aws_RoomWindow_01_visual.DAE\n'}
[1.233627] (trover_description) StdoutLine: {'line': b'-- Up-to-date: /home/elizabeth/MREN203_Trover/install/trover_description/share/trover_description/worlds/models/aws_robomaker_residential_RoomWindow_01/meshes/aws_RoomWindow_01_collision.DAE\n'}
[1.233750] (trover_description) StdoutLine: {'line': b'-- Up-to-date: /home/elizabeth/MREN203_Trover/install/trover_description/share/trover_description/worlds/models/aws_robomaker_residential_SeasoningBox_01\n'}
[1.233973] (trover_description) StdoutLine: {'line': b'-- Up-to-date: /home/elizabeth/MREN203_Trover/install/trover_description/share/trover_description/worlds/models/aws_robomaker_residential_SeasoningBox_01/model.sdf\n'}
[1.234108] (trover_description) StdoutLine: {'line': b'-- Up-to-date: /home/elizabeth/MREN203_Trover/install/trover_description/share/trover_description/worlds/models/aws_robomaker_residential_SeasoningBox_01/materials\n'}
[1.234200] (trover_description) StdoutLine: {'line': b'-- Up-to-date: /home/elizabeth/MREN203_Trover/install/trover_description/share/trover_description/worlds/models/aws_robomaker_residential_SeasoningBox_01/materials/textures\n'}
[1.234289] (trover_description) StdoutLine: {'line': b'-- Up-to-date: /home/elizabeth/MREN203_Trover/install/trover_description/share/trover_description/worlds/models/aws_robomaker_residential_SeasoningBox_01/materials/textures/aws_SeasoningBox_01.png\n'}
[1.234393] (trover_description) StdoutLine: {'line': b'-- Up-to-date: /home/elizabeth/MREN203_Trover/install/trover_description/share/trover_description/worlds/models/aws_robomaker_residential_SeasoningBox_01/model.config\n'}
[1.234495] (trover_description) StdoutLine: {'line': b'-- Up-to-date: /home/elizabeth/MREN203_Trover/install/trover_description/share/trover_description/worlds/models/aws_robomaker_residential_SeasoningBox_01/meshes\n'}
[1.234584] (trover_description) StdoutLine: {'line': b'-- Up-to-date: /home/elizabeth/MREN203_Trover/install/trover_description/share/trover_description/worlds/models/aws_robomaker_residential_SeasoningBox_01/meshes/aws_SeasoningBox_01_collision.DAE\n'}
[1.234672] (trover_description) StdoutLine: {'line': b'-- Up-to-date: /home/elizabeth/MREN203_Trover/install/trover_description/share/trover_description/worlds/models/aws_robomaker_residential_SeasoningBox_01/meshes/aws_SeasoningBox_01_visual.DAE\n'}
[1.234758] (trover_description) StdoutLine: {'line': b'-- Up-to-date: /home/elizabeth/MREN203_Trover/install/trover_description/share/trover_description/worlds/models/aws_robomaker_residential_BalconyTable_01\n'}
[1.234844] (trover_description) StdoutLine: {'line': b'-- Up-to-date: /home/elizabeth/MREN203_Trover/install/trover_description/share/trover_description/worlds/models/aws_robomaker_residential_BalconyTable_01/model.sdf\n'}
[1.234930] (trover_description) StdoutLine: {'line': b'-- Up-to-date: /home/elizabeth/MREN203_Trover/install/trover_description/share/trover_description/worlds/models/aws_robomaker_residential_BalconyTable_01/materials\n'}
[1.235015] (trover_description) StdoutLine: {'line': b'-- Up-to-date: /home/elizabeth/MREN203_Trover/install/trover_description/share/trover_description/worlds/models/aws_robomaker_residential_BalconyTable_01/materials/textures\n'}
[1.235101] (trover_description) StdoutLine: {'line': b'-- Up-to-date: /home/elizabeth/MREN203_Trover/install/trover_description/share/trover_description/worlds/models/aws_robomaker_residential_BalconyTable_01/materials/textures/aws_BalconyTable_01.png\n'}
[1.235188] (trover_description) StdoutLine: {'line': b'-- Up-to-date: /home/elizabeth/MREN203_Trover/install/trover_description/share/trover_description/worlds/models/aws_robomaker_residential_BalconyTable_01/model.config\n'}
[1.235273] (trover_description) StdoutLine: {'line': b'-- Up-to-date: /home/elizabeth/MREN203_Trover/install/trover_description/share/trover_description/worlds/models/aws_robomaker_residential_BalconyTable_01/meshes\n'}
[1.235375] (trover_description) StdoutLine: {'line': b'-- Up-to-date: /home/elizabeth/MREN203_Trover/install/trover_description/share/trover_description/worlds/models/aws_robomaker_residential_BalconyTable_01/meshes/aws_BalconyTable_01_visual.DAE\n'}
[1.235499] (trover_description) StdoutLine: {'line': b'-- Up-to-date: /home/elizabeth/MREN203_Trover/install/trover_description/share/trover_description/worlds/models/aws_robomaker_residential_BalconyTable_01/meshes/aws_BalconyTable_01_collision.DAE\n'}
[1.235718] (trover_description) StdoutLine: {'line': b'-- Up-to-date: /home/elizabeth/MREN203_Trover/install/trover_description/share/trover_description/worlds/models/aws_robomaker_residential_Rangehood_01\n'}
[1.235823] (trover_description) StdoutLine: {'line': b'-- Up-to-date: /home/elizabeth/MREN203_Trover/install/trover_description/share/trover_description/worlds/models/aws_robomaker_residential_Rangehood_01/model.sdf\n'}
[1.235997] (trover_description) StdoutLine: {'line': b'-- Up-to-date: /home/elizabeth/MREN203_Trover/install/trover_description/share/trover_description/worlds/models/aws_robomaker_residential_Rangehood_01/materials\n'}
[1.236098] (trover_description) StdoutLine: {'line': b'-- Up-to-date: /home/elizabeth/MREN203_Trover/install/trover_description/share/trover_description/worlds/models/aws_robomaker_residential_Rangehood_01/materials/textures\n'}
[1.236187] (trover_description) StdoutLine: {'line': b'-- Up-to-date: /home/elizabeth/MREN203_Trover/install/trover_description/share/trover_description/worlds/models/aws_robomaker_residential_Rangehood_01/materials/textures/aws_Rangehood_01.png\n'}
[1.236277] (trover_description) StdoutLine: {'line': b'-- Up-to-date: /home/elizabeth/MREN203_Trover/install/trover_description/share/trover_description/worlds/models/aws_robomaker_residential_Rangehood_01/model.config\n'}
[1.236383] (trover_description) StdoutLine: {'line': b'-- Up-to-date: /home/elizabeth/MREN203_Trover/install/trover_description/share/trover_description/worlds/models/aws_robomaker_residential_Rangehood_01/meshes\n'}
[1.236472] (trover_description) StdoutLine: {'line': b'-- Up-to-date: /home/elizabeth/MREN203_Trover/install/trover_description/share/trover_description/worlds/models/aws_robomaker_residential_Rangehood_01/meshes/aws_Rangehood_01_collision.DAE\n'}
[1.236559] (trover_description) StdoutLine: {'line': b'-- Up-to-date: /home/elizabeth/MREN203_Trover/install/trover_description/share/trover_description/worlds/models/aws_robomaker_residential_Rangehood_01/meshes/aws_Rangehood_01_visual.DAE\n'}
[1.236647] (trover_description) StdoutLine: {'line': b'-- Up-to-date: /home/elizabeth/MREN203_Trover/install/trover_description/share/trover_description/worlds/models/aws_robomaker_residential_PortraitD_02\n'}
[1.236733] (trover_description) StdoutLine: {'line': b'-- Up-to-date: /home/elizabeth/MREN203_Trover/install/trover_description/share/trover_description/worlds/models/aws_robomaker_residential_PortraitD_02/model.sdf\n'}
[1.236846] (trover_description) StdoutLine: {'line': b'-- Up-to-date: /home/elizabeth/MREN203_Trover/install/trover_description/share/trover_description/worlds/models/aws_robomaker_residential_PortraitD_02/materials\n'}
[1.236935] (trover_description) StdoutLine: {'line': b'-- Up-to-date: /home/elizabeth/MREN203_Trover/install/trover_description/share/trover_description/worlds/models/aws_robomaker_residential_PortraitD_02/materials/textures\n'}
[1.237022] (trover_description) StdoutLine: {'line': b'-- Up-to-date: /home/elizabeth/MREN203_Trover/install/trover_description/share/trover_description/worlds/models/aws_robomaker_residential_PortraitD_02/materials/textures/PortraitD_02.jpg\n'}
[1.237110] (trover_description) StdoutLine: {'line': b'-- Up-to-date: /home/elizabeth/MREN203_Trover/install/trover_description/share/trover_description/worlds/models/aws_robomaker_residential_PortraitD_02/materials/textures/aws_PortraitD_02.png\n'}
[1.237197] (trover_description) StdoutLine: {'line': b'-- Up-to-date: /home/elizabeth/MREN203_Trover/install/trover_description/share/trover_description/worlds/models/aws_robomaker_residential_PortraitD_02/materials/textures/aws_PortraitD_01.png\n'}
[1.237284] (trover_description) StdoutLine: {'line': b'-- Up-to-date: /home/elizabeth/MREN203_Trover/install/trover_description/share/trover_description/worlds/models/aws_robomaker_residential_PortraitD_02/model.config\n'}
[1.237369] (trover_description) StdoutLine: {'line': b'-- Up-to-date: /home/elizabeth/MREN203_Trover/install/trover_description/share/trover_description/worlds/models/aws_robomaker_residential_PortraitD_02/meshes\n'}
[1.237456] (trover_description) StdoutLine: {'line': b'-- Up-to-date: /home/elizabeth/MREN203_Trover/install/trover_description/share/trover_description/worlds/models/aws_robomaker_residential_PortraitD_02/meshes/aws_PortraitD_01_collision.DAE\n'}
[1.237556] (trover_description) StdoutLine: {'line': b'-- Up-to-date: /home/elizabeth/MREN203_Trover/install/trover_description/share/trover_description/worlds/models/aws_robomaker_residential_PortraitD_02/meshes/aws_PortraitD_01_visual.DAE\n'}
[1.237641] (trover_description) StdoutLine: {'line': b'-- Up-to-date: /home/elizabeth/MREN203_Trover/install/trover_description/share/trover_description/worlds/models/aws_robomaker_residential_Bed_01\n'}
[1.237727] (trover_description) StdoutLine: {'line': b'-- Up-to-date: /home/elizabeth/MREN203_Trover/install/trover_description/share/trover_description/worlds/models/aws_robomaker_residential_Bed_01/model.sdf\n'}
[1.237823] (trover_description) StdoutLine: {'line': b'-- Up-to-date: /home/elizabeth/MREN203_Trover/install/trover_description/share/trover_description/worlds/models/aws_robomaker_residential_Bed_01/materials\n'}
[1.238033] (trover_description) StdoutLine: {'line': b'-- Up-to-date: /home/elizabeth/MREN203_Trover/install/trover_description/share/trover_description/worlds/models/aws_robomaker_residential_Bed_01/materials/textures\n'}
[1.238165] (trover_description) StdoutLine: {'line': b'-- Up-to-date: /home/elizabeth/MREN203_Trover/install/trover_description/share/trover_description/worlds/models/aws_robomaker_residential_Bed_01/materials/textures/aws_Bed_01.png\n'}
[1.238257] (trover_description) StdoutLine: {'line': b'-- Up-to-date: /home/elizabeth/MREN203_Trover/install/trover_description/share/trover_description/worlds/models/aws_robomaker_residential_Bed_01/materials/textures/aws_BedC_01.png\n'}
[1.238346] (trover_description) StdoutLine: {'line': b'-- Up-to-date: /home/elizabeth/MREN203_Trover/install/trover_description/share/trover_description/worlds/models/aws_robomaker_residential_Bed_01/materials/textures/aws_BedB_01.png\n'}
[1.238433] (trover_description) StdoutLine: {'line': b'-- Up-to-date: /home/elizabeth/MREN203_Trover/install/trover_description/share/trover_description/worlds/models/aws_robomaker_residential_Bed_01/materials/textures/aws_BedA_01.png\n'}
[1.238521] (trover_description) StdoutLine: {'line': b'-- Up-to-date: /home/elizabeth/MREN203_Trover/install/trover_description/share/trover_description/worlds/models/aws_robomaker_residential_Bed_01/model.config\n'}
[1.238606] (trover_description) StdoutLine: {'line': b'-- Up-to-date: /home/elizabeth/MREN203_Trover/install/trover_description/share/trover_description/worlds/models/aws_robomaker_residential_Bed_01/meshes\n'}
[1.238692] (trover_description) StdoutLine: {'line': b'-- Up-to-date: /home/elizabeth/MREN203_Trover/install/trover_description/share/trover_description/worlds/models/aws_robomaker_residential_Bed_01/meshes/aws_Bed_01_visual.DAE\n'}
[1.238780] (trover_description) StdoutLine: {'line': b'-- Up-to-date: /home/elizabeth/MREN203_Trover/install/trover_description/share/trover_description/worlds/models/aws_robomaker_residential_Bed_01/meshes/aws_Bed_01_collision.DAE\n'}
[1.238906] (trover_description) StdoutLine: {'line': b'-- Up-to-date: /home/elizabeth/MREN203_Trover/install/trover_description/share/trover_description/worlds/models/aws_robomaker_residential_FitnessEquipment_01\n'}
[1.239012] (trover_description) StdoutLine: {'line': b'-- Up-to-date: /home/elizabeth/MREN203_Trover/install/trover_description/share/trover_description/worlds/models/aws_robomaker_residential_FitnessEquipment_01/model.sdf\n'}
[1.239101] (trover_description) StdoutLine: {'line': b'-- Up-to-date: /home/elizabeth/MREN203_Trover/install/trover_description/share/trover_description/worlds/models/aws_robomaker_residential_FitnessEquipment_01/materials\n'}
[1.239187] (trover_description) StdoutLine: {'line': b'-- Up-to-date: /home/elizabeth/MREN203_Trover/install/trover_description/share/trover_description/worlds/models/aws_robomaker_residential_FitnessEquipment_01/materials/textures\n'}
[1.239274] (trover_description) StdoutLine: {'line': b'-- Up-to-date: /home/elizabeth/MREN203_Trover/install/trover_description/share/trover_description/worlds/models/aws_robomaker_residential_FitnessEquipment_01/materials/textures/aws_FitnessEquipment_01.png\n'}
[1.239378] (trover_description) StdoutLine: {'line': b'-- Up-to-date: /home/elizabeth/MREN203_Trover/install/trover_description/share/trover_description/worlds/models/aws_robomaker_residential_FitnessEquipment_01/model.config\n'}
[1.239464] (trover_description) StdoutLine: {'line': b'-- Up-to-date: /home/elizabeth/MREN203_Trover/install/trover_description/share/trover_description/worlds/models/aws_robomaker_residential_FitnessEquipment_01/meshes\n'}
[1.239549] (trover_description) StdoutLine: {'line': b'-- Up-to-date: /home/elizabeth/MREN203_Trover/install/trover_description/share/trover_description/worlds/models/aws_robomaker_residential_FitnessEquipment_01/meshes/aws_FitnessEquipment_01_visual.DAE\n'}
[1.239636] (trover_description) StdoutLine: {'line': b'-- Up-to-date: /home/elizabeth/MREN203_Trover/install/trover_description/share/trover_description/worlds/models/aws_robomaker_residential_FitnessEquipment_01/meshes/aws_FitnessEquipment_01_collision.DAE\n'}
[1.239723] (trover_description) StdoutLine: {'line': b'-- Up-to-date: /home/elizabeth/MREN203_Trover/install/trover_description/share/trover_description/worlds/models/aws_robomaker_residential_KitchenCabinet_01\n'}
[1.239824] (trover_description) StdoutLine: {'line': b'-- Up-to-date: /home/elizabeth/MREN203_Trover/install/trover_description/share/trover_description/worlds/models/aws_robomaker_residential_KitchenCabinet_01/model.sdf\n'}
[1.248619] (trover_description) StdoutLine: {'line': b'-- Up-to-date: /home/elizabeth/MREN203_Trover/install/trover_description/share/trover_description/worlds/models/aws_robomaker_residential_KitchenCabinet_01/materials\n'}
[1.248864] (trover_description) StdoutLine: {'line': b'-- Up-to-date: /home/elizabeth/MREN203_Trover/install/trover_description/share/trover_description/worlds/models/aws_robomaker_residential_KitchenCabinet_01/materials/textures\n'}
[1.248963] (trover_description) StdoutLine: {'line': b'-- Up-to-date: /home/elizabeth/MREN203_Trover/install/trover_description/share/trover_description/worlds/models/aws_robomaker_residential_KitchenCabinet_01/materials/textures/aws_KitchenCabinet_01.png\n'}
[1.249055] (trover_description) StdoutLine: {'line': b'-- Up-to-date: /home/elizabeth/MREN203_Trover/install/trover_description/share/trover_description/worlds/models/aws_robomaker_residential_KitchenCabinet_01/model.config\n'}
[1.249202] (trover_description) StdoutLine: {'line': b'-- Up-to-date: /home/elizabeth/MREN203_Trover/install/trover_description/share/trover_description/worlds/models/aws_robomaker_residential_KitchenCabinet_01/meshes\n'}
[1.249296] (trover_description) StdoutLine: {'line': b'-- Up-to-date: /home/elizabeth/MREN203_Trover/install/trover_description/share/trover_description/worlds/models/aws_robomaker_residential_KitchenCabinet_01/meshes/aws_KitchenCabinet_01_visual.DAE\n'}
[1.249386] (trover_description) StdoutLine: {'line': b'-- Up-to-date: /home/elizabeth/MREN203_Trover/install/trover_description/share/trover_description/worlds/models/aws_robomaker_residential_KitchenCabinet_01/meshes/aws_KitchenCabinet_01_collision.DAE\n'}
[1.249475] (trover_description) StdoutLine: {'line': b'-- Up-to-date: /home/elizabeth/MREN203_Trover/install/trover_description/share/trover_description/worlds/models/aws_robomaker_residential_NightStand_01\n'}
[1.249562] (trover_description) StdoutLine: {'line': b'-- Up-to-date: /home/elizabeth/MREN203_Trover/install/trover_description/share/trover_description/worlds/models/aws_robomaker_residential_NightStand_01/model.sdf\n'}
[1.249648] (trover_description) StdoutLine: {'line': b'-- Up-to-date: /home/elizabeth/MREN203_Trover/install/trover_description/share/trover_description/worlds/models/aws_robomaker_residential_NightStand_01/materials\n'}
[1.249734] (trover_description) StdoutLine: {'line': b'-- Up-to-date: /home/elizabeth/MREN203_Trover/install/trover_description/share/trover_description/worlds/models/aws_robomaker_residential_NightStand_01/materials/textures\n'}
[1.249836] (trover_description) StdoutLine: {'line': b'-- Up-to-date: /home/elizabeth/MREN203_Trover/install/trover_description/share/trover_description/worlds/models/aws_robomaker_residential_NightStand_01/materials/textures/aws_NightStand_01.png\n'}
[1.249935] (trover_description) StdoutLine: {'line': b'-- Up-to-date: /home/elizabeth/MREN203_Trover/install/trover_description/share/trover_description/worlds/models/aws_robomaker_residential_NightStand_01/model.config\n'}
[1.250117] (trover_description) StdoutLine: {'line': b'-- Up-to-date: /home/elizabeth/MREN203_Trover/install/trover_description/share/trover_description/worlds/models/aws_robomaker_residential_NightStand_01/meshes\n'}
[1.250250] (trover_description) StdoutLine: {'line': b'-- Up-to-date: /home/elizabeth/MREN203_Trover/install/trover_description/share/trover_description/worlds/models/aws_robomaker_residential_NightStand_01/meshes/aws_NightStand_01_visual.DAE\n'}
[1.250343] (trover_description) StdoutLine: {'line': b'-- Up-to-date: /home/elizabeth/MREN203_Trover/install/trover_description/share/trover_description/worlds/models/aws_robomaker_residential_NightStand_01/meshes/aws_NightStand_01_collision.DAE\n'}
[1.250432] (trover_description) StdoutLine: {'line': b'-- Up-to-date: /home/elizabeth/MREN203_Trover/install/trover_description/share/trover_description/worlds/models/aws_robomaker_residential_PortraitC_01\n'}
[1.250520] (trover_description) StdoutLine: {'line': b'-- Up-to-date: /home/elizabeth/MREN203_Trover/install/trover_description/share/trover_description/worlds/models/aws_robomaker_residential_PortraitC_01/model.sdf\n'}
[1.250606] (trover_description) StdoutLine: {'line': b'-- Up-to-date: /home/elizabeth/MREN203_Trover/install/trover_description/share/trover_description/worlds/models/aws_robomaker_residential_PortraitC_01/materials\n'}
[1.250692] (trover_description) StdoutLine: {'line': b'-- Up-to-date: /home/elizabeth/MREN203_Trover/install/trover_description/share/trover_description/worlds/models/aws_robomaker_residential_PortraitC_01/materials/textures\n'}
[1.250778] (trover_description) StdoutLine: {'line': b'-- Up-to-date: /home/elizabeth/MREN203_Trover/install/trover_description/share/trover_description/worlds/models/aws_robomaker_residential_PortraitC_01/materials/textures/aws_PortraitC_02.png\n'}
[1.250863] (trover_description) StdoutLine: {'line': b'-- Up-to-date: /home/elizabeth/MREN203_Trover/install/trover_description/share/trover_description/worlds/models/aws_robomaker_residential_PortraitC_01/materials/textures/aws_PortraitC_01.png\n'}
[1.250948] (trover_description) StdoutLine: {'line': b'-- Up-to-date: /home/elizabeth/MREN203_Trover/install/trover_description/share/trover_description/worlds/models/aws_robomaker_residential_PortraitC_01/materials/textures/PortraitC_01.jpg\n'}
[1.251035] (trover_description) StdoutLine: {'line': b'-- Up-to-date: /home/elizabeth/MREN203_Trover/install/trover_description/share/trover_description/worlds/models/aws_robomaker_residential_PortraitC_01/model.config\n'}
[1.251145] (trover_description) StdoutLine: {'line': b'-- Up-to-date: /home/elizabeth/MREN203_Trover/install/trover_description/share/trover_description/worlds/models/aws_robomaker_residential_PortraitC_01/meshes\n'}
[1.251234] (trover_description) StdoutLine: {'line': b'-- Up-to-date: /home/elizabeth/MREN203_Trover/install/trover_description/share/trover_description/worlds/models/aws_robomaker_residential_PortraitC_01/meshes/aws_PortraitC_01_collision.DAE\n'}
[1.251322] (trover_description) StdoutLine: {'line': b'-- Up-to-date: /home/elizabeth/MREN203_Trover/install/trover_description/share/trover_description/worlds/models/aws_robomaker_residential_PortraitC_01/meshes/aws_PortraitC_01_visual.DAE\n'}
[1.251409] (trover_description) StdoutLine: {'line': b'-- Up-to-date: /home/elizabeth/MREN203_Trover/install/trover_description/share/trover_description/worlds/models/aws_robomaker_residential_PortraitA_01\n'}
[1.251524] (trover_description) StdoutLine: {'line': b'-- Up-to-date: /home/elizabeth/MREN203_Trover/install/trover_description/share/trover_description/worlds/models/aws_robomaker_residential_PortraitA_01/model.sdf\n'}
[1.251620] (trover_description) StdoutLine: {'line': b'-- Up-to-date: /home/elizabeth/MREN203_Trover/install/trover_description/share/trover_description/worlds/models/aws_robomaker_residential_PortraitA_01/materials\n'}
[1.251706] (trover_description) StdoutLine: {'line': b'-- Up-to-date: /home/elizabeth/MREN203_Trover/install/trover_description/share/trover_description/worlds/models/aws_robomaker_residential_PortraitA_01/materials/textures\n'}
[1.251793] (trover_description) StdoutLine: {'line': b'-- Up-to-date: /home/elizabeth/MREN203_Trover/install/trover_description/share/trover_description/worlds/models/aws_robomaker_residential_PortraitA_01/materials/textures/PortraitA_01.jpg\n'}
[1.251880] (trover_description) StdoutLine: {'line': b'-- Up-to-date: /home/elizabeth/MREN203_Trover/install/trover_description/share/trover_description/worlds/models/aws_robomaker_residential_PortraitA_01/materials/textures/aws_PortraitA_02.png\n'}
[1.251966] (trover_description) StdoutLine: {'line': b'-- Up-to-date: /home/elizabeth/MREN203_Trover/install/trover_description/share/trover_description/worlds/models/aws_robomaker_residential_PortraitA_01/materials/textures/aws_PortraitA_01.png\n'}
[1.252169] (trover_description) StdoutLine: {'line': b'-- Up-to-date: /home/elizabeth/MREN203_Trover/install/trover_description/share/trover_description/worlds/models/aws_robomaker_residential_PortraitA_01/model.config\n'}
[1.252399] (trover_description) StdoutLine: {'line': b'-- Up-to-date: /home/elizabeth/MREN203_Trover/install/trover_description/share/trover_description/worlds/models/aws_robomaker_residential_PortraitA_01/meshes\n'}
[1.252553] (trover_description) StdoutLine: {'line': b'-- Up-to-date: /home/elizabeth/MREN203_Trover/install/trover_description/share/trover_description/worlds/models/aws_robomaker_residential_PortraitA_01/meshes/aws_PortraitA_01_collision.DAE\n'}
[1.252678] (trover_description) StdoutLine: {'line': b'-- Up-to-date: /home/elizabeth/MREN203_Trover/install/trover_description/share/trover_description/worlds/models/aws_robomaker_residential_PortraitA_01/meshes/aws_PortraitA_01_visual.DAE\n'}
[1.252796] (trover_description) StdoutLine: {'line': b'-- Up-to-date: /home/elizabeth/MREN203_Trover/install/trover_description/share/trover_description/worlds/models/aws_robomaker_residential_TV_02\n'}
[1.252911] (trover_description) StdoutLine: {'line': b'-- Up-to-date: /home/elizabeth/MREN203_Trover/install/trover_description/share/trover_description/worlds/models/aws_robomaker_residential_TV_02/model.sdf\n'}
[1.253027] (trover_description) StdoutLine: {'line': b'-- Up-to-date: /home/elizabeth/MREN203_Trover/install/trover_description/share/trover_description/worlds/models/aws_robomaker_residential_TV_02/materials\n'}
[1.253151] (trover_description) StdoutLine: {'line': b'-- Up-to-date: /home/elizabeth/MREN203_Trover/install/trover_description/share/trover_description/worlds/models/aws_robomaker_residential_TV_02/materials/textures\n'}
[1.253279] (trover_description) StdoutLine: {'line': b'-- Up-to-date: /home/elizabeth/MREN203_Trover/install/trover_description/share/trover_description/worlds/models/aws_robomaker_residential_TV_02/materials/textures/aws_TV_01.png\n'}
[1.253411] (trover_description) StdoutLine: {'line': b'-- Up-to-date: /home/elizabeth/MREN203_Trover/install/trover_description/share/trover_description/worlds/models/aws_robomaker_residential_TV_02/model.config\n'}
[1.253549] (trover_description) StdoutLine: {'line': b'-- Up-to-date: /home/elizabeth/MREN203_Trover/install/trover_description/share/trover_description/worlds/models/aws_robomaker_residential_TV_02/meshes\n'}
[1.253686] (trover_description) StdoutLine: {'line': b'-- Up-to-date: /home/elizabeth/MREN203_Trover/install/trover_description/share/trover_description/worlds/models/aws_robomaker_residential_TV_02/meshes/aws_TV_01_collision.DAE\n'}
[1.253783] (trover_description) StdoutLine: {'line': b'-- Up-to-date: /home/elizabeth/MREN203_Trover/install/trover_description/share/trover_description/worlds/models/aws_robomaker_residential_TV_02/meshes/aws_TV_01_visual.DAE\n'}
[1.253896] (trover_description) StdoutLine: {'line': b'-- Up-to-date: /home/elizabeth/MREN203_Trover/install/trover_description/share/trover_description/worlds/models/aws_robomaker_residential_Wardrobe_01\n'}
[1.253984] (trover_description) StdoutLine: {'line': b'-- Up-to-date: /home/elizabeth/MREN203_Trover/install/trover_description/share/trover_description/worlds/models/aws_robomaker_residential_Wardrobe_01/model.sdf\n'}
[1.254218] (trover_description) StdoutLine: {'line': b'-- Up-to-date: /home/elizabeth/MREN203_Trover/install/trover_description/share/trover_description/worlds/models/aws_robomaker_residential_Wardrobe_01/materials\n'}
[1.254369] (trover_description) StdoutLine: {'line': b'-- Up-to-date: /home/elizabeth/MREN203_Trover/install/trover_description/share/trover_description/worlds/models/aws_robomaker_residential_Wardrobe_01/materials/textures\n'}
[1.254505] (trover_description) StdoutLine: {'line': b'-- Up-to-date: /home/elizabeth/MREN203_Trover/install/trover_description/share/trover_description/worlds/models/aws_robomaker_residential_Wardrobe_01/materials/textures/aws_Wardrobe_01.png\n'}
[1.254701] (trover_description) StdoutLine: {'line': b'-- Up-to-date: /home/elizabeth/MREN203_Trover/install/trover_description/share/trover_description/worlds/models/aws_robomaker_residential_Wardrobe_01/model.config\n'}
[1.254849] (trover_description) StdoutLine: {'line': b'-- Up-to-date: /home/elizabeth/MREN203_Trover/install/trover_description/share/trover_description/worlds/models/aws_robomaker_residential_Wardrobe_01/meshes\n'}
[1.254993] (trover_description) StdoutLine: {'line': b'-- Up-to-date: /home/elizabeth/MREN203_Trover/install/trover_description/share/trover_description/worlds/models/aws_robomaker_residential_Wardrobe_01/meshes/aws_Wardrobe_01_visual.DAE\n'}
[1.255133] (trover_description) StdoutLine: {'line': b'-- Up-to-date: /home/elizabeth/MREN203_Trover/install/trover_description/share/trover_description/worlds/models/aws_robomaker_residential_Wardrobe_01/meshes/aws_Wardrobe_01_collision.DAE\n'}
[1.255272] (trover_description) StdoutLine: {'line': b'-- Up-to-date: /home/elizabeth/MREN203_Trover/install/trover_description/share/trover_description/worlds/models/aws_robomaker_residential_PortraitB_03\n'}
[1.255421] (trover_description) StdoutLine: {'line': b'-- Up-to-date: /home/elizabeth/MREN203_Trover/install/trover_description/share/trover_description/worlds/models/aws_robomaker_residential_PortraitB_03/model.sdf\n'}
[1.255595] (trover_description) StdoutLine: {'line': b'-- Up-to-date: /home/elizabeth/MREN203_Trover/install/trover_description/share/trover_description/worlds/models/aws_robomaker_residential_PortraitB_03/materials\n'}
[1.255740] (trover_description) StdoutLine: {'line': b'-- Up-to-date: /home/elizabeth/MREN203_Trover/install/trover_description/share/trover_description/worlds/models/aws_robomaker_residential_PortraitB_03/materials/textures\n'}
[1.255916] (trover_description) StdoutLine: {'line': b'-- Up-to-date: /home/elizabeth/MREN203_Trover/install/trover_description/share/trover_description/worlds/models/aws_robomaker_residential_PortraitB_03/materials/textures/aws_PortraitB_01.png\n'}
[1.256049] (trover_description) StdoutLine: {'line': b'-- Up-to-date: /home/elizabeth/MREN203_Trover/install/trover_description/share/trover_description/worlds/models/aws_robomaker_residential_PortraitB_03/materials/textures/PortraitB_03.jpg\n'}
[1.256229] (trover_description) StdoutLine: {'line': b'-- Up-to-date: /home/elizabeth/MREN203_Trover/install/trover_description/share/trover_description/worlds/models/aws_robomaker_residential_PortraitB_03/materials/textures/aws_PortraitB_02.png\n'}
[1.256330] (trover_description) StdoutLine: {'line': b'-- Up-to-date: /home/elizabeth/MREN203_Trover/install/trover_description/share/trover_description/worlds/models/aws_robomaker_residential_PortraitB_03/model.config\n'}
[1.256419] (trover_description) StdoutLine: {'line': b'-- Up-to-date: /home/elizabeth/MREN203_Trover/install/trover_description/share/trover_description/worlds/models/aws_robomaker_residential_PortraitB_03/meshes\n'}
[1.256528] (trover_description) StdoutLine: {'line': b'-- Up-to-date: /home/elizabeth/MREN203_Trover/install/trover_description/share/trover_description/worlds/models/aws_robomaker_residential_PortraitB_03/meshes/aws_PortraitB_01_collision.DAE\n'}
[1.256616] (trover_description) StdoutLine: {'line': b'-- Up-to-date: /home/elizabeth/MREN203_Trover/install/trover_description/share/trover_description/worlds/models/aws_robomaker_residential_PortraitB_03/meshes/aws_PortraitB_01_visual.DAE\n'}
[1.256701] (trover_description) StdoutLine: {'line': b'-- Up-to-date: /home/elizabeth/MREN203_Trover/install/trover_description/share/trover_description/worlds/models/aws_robomaker_residential_FoldingDoor_02\n'}
[1.256786] (trover_description) StdoutLine: {'line': b'-- Up-to-date: /home/elizabeth/MREN203_Trover/install/trover_description/share/trover_description/worlds/models/aws_robomaker_residential_FoldingDoor_02/model.sdf\n'}
[1.256870] (trover_description) StdoutLine: {'line': b'-- Up-to-date: /home/elizabeth/MREN203_Trover/install/trover_description/share/trover_description/worlds/models/aws_robomaker_residential_FoldingDoor_02/materials\n'}
[1.256974] (trover_description) StdoutLine: {'line': b'-- Up-to-date: /home/elizabeth/MREN203_Trover/install/trover_description/share/trover_description/worlds/models/aws_robomaker_residential_FoldingDoor_02/materials/textures\n'}
[1.257063] (trover_description) StdoutLine: {'line': b'-- Up-to-date: /home/elizabeth/MREN203_Trover/install/trover_description/share/trover_description/worlds/models/aws_robomaker_residential_FoldingDoor_02/materials/textures/aws_FoldingDoor_02.png\n'}
[1.257150] (trover_description) StdoutLine: {'line': b'-- Up-to-date: /home/elizabeth/MREN203_Trover/install/trover_description/share/trover_description/worlds/models/aws_robomaker_residential_FoldingDoor_02/model.config\n'}
[1.257236] (trover_description) StdoutLine: {'line': b'-- Up-to-date: /home/elizabeth/MREN203_Trover/install/trover_description/share/trover_description/worlds/models/aws_robomaker_residential_FoldingDoor_02/meshes\n'}
[1.257320] (trover_description) StdoutLine: {'line': b'-- Up-to-date: /home/elizabeth/MREN203_Trover/install/trover_description/share/trover_description/worlds/models/aws_robomaker_residential_FoldingDoor_02/meshes/aws_FoldingDoor_02_collision.DAE\n'}
[1.257406] (trover_description) StdoutLine: {'line': b'-- Up-to-date: /home/elizabeth/MREN203_Trover/install/trover_description/share/trover_description/worlds/models/aws_robomaker_residential_FoldingDoor_02/meshes/aws_FoldingDoor_02_visual.DAE\n'}
[1.257519] (trover_description) StdoutLine: {'line': b'-- Up-to-date: /home/elizabeth/MREN203_Trover/install/trover_description/share/trover_description/worlds/models/aws_robomaker_residential_PortraitB_01\n'}
[1.257605] (trover_description) StdoutLine: {'line': b'-- Up-to-date: /home/elizabeth/MREN203_Trover/install/trover_description/share/trover_description/worlds/models/aws_robomaker_residential_PortraitB_01/model.sdf\n'}
[1.257691] (trover_description) StdoutLine: {'line': b'-- Up-to-date: /home/elizabeth/MREN203_Trover/install/trover_description/share/trover_description/worlds/models/aws_robomaker_residential_PortraitB_01/materials\n'}
[1.257776] (trover_description) StdoutLine: {'line': b'-- Up-to-date: /home/elizabeth/MREN203_Trover/install/trover_description/share/trover_description/worlds/models/aws_robomaker_residential_PortraitB_01/materials/textures\n'}
[1.257862] (trover_description) StdoutLine: {'line': b'-- Up-to-date: /home/elizabeth/MREN203_Trover/install/trover_description/share/trover_description/worlds/models/aws_robomaker_residential_PortraitB_01/materials/textures/aws_PortraitB_01.png\n'}
[1.257959] (trover_description) StdoutLine: {'line': b'-- Up-to-date: /home/elizabeth/MREN203_Trover/install/trover_description/share/trover_description/worlds/models/aws_robomaker_residential_PortraitB_01/materials/textures/PortraitB_01.jpg\n'}
[1.258047] (trover_description) StdoutLine: {'line': b'-- Up-to-date: /home/elizabeth/MREN203_Trover/install/trover_description/share/trover_description/worlds/models/aws_robomaker_residential_PortraitB_01/materials/textures/aws_PortraitB_02.png\n'}
[1.258223] (trover_description) StdoutLine: {'line': b'-- Up-to-date: /home/elizabeth/MREN203_Trover/install/trover_description/share/trover_description/worlds/models/aws_robomaker_residential_PortraitB_01/model.config\n'}
[1.258320] (trover_description) StdoutLine: {'line': b'-- Up-to-date: /home/elizabeth/MREN203_Trover/install/trover_description/share/trover_description/worlds/models/aws_robomaker_residential_PortraitB_01/meshes\n'}
[1.258407] (trover_description) StdoutLine: {'line': b'-- Up-to-date: /home/elizabeth/MREN203_Trover/install/trover_description/share/trover_description/worlds/models/aws_robomaker_residential_PortraitB_01/meshes/aws_PortraitB_01_collision.DAE\n'}
[1.258528] (trover_description) StdoutLine: {'line': b'-- Up-to-date: /home/elizabeth/MREN203_Trover/install/trover_description/share/trover_description/worlds/models/aws_robomaker_residential_PortraitB_01/meshes/aws_PortraitB_01_visual.DAE\n'}
[1.258672] (trover_description) StdoutLine: {'line': b'-- Up-to-date: /home/elizabeth/MREN203_Trover/install/trover_description/share/trover_description/worlds/models/aws_robomaker_residential_Tableware_01\n'}
[1.258768] (trover_description) StdoutLine: {'line': b'-- Up-to-date: /home/elizabeth/MREN203_Trover/install/trover_description/share/trover_description/worlds/models/aws_robomaker_residential_Tableware_01/model.sdf\n'}
[1.258857] (trover_description) StdoutLine: {'line': b'-- Up-to-date: /home/elizabeth/MREN203_Trover/install/trover_description/share/trover_description/worlds/models/aws_robomaker_residential_Tableware_01/materials\n'}
[1.258943] (trover_description) StdoutLine: {'line': b'-- Up-to-date: /home/elizabeth/MREN203_Trover/install/trover_description/share/trover_description/worlds/models/aws_robomaker_residential_Tableware_01/materials/textures\n'}
[1.259030] (trover_description) StdoutLine: {'line': b'-- Up-to-date: /home/elizabeth/MREN203_Trover/install/trover_description/share/trover_description/worlds/models/aws_robomaker_residential_Tableware_01/materials/textures/aws_Tableware_01.png\n'}
[1.259118] (trover_description) StdoutLine: {'line': b'-- Up-to-date: /home/elizabeth/MREN203_Trover/install/trover_description/share/trover_description/worlds/models/aws_robomaker_residential_Tableware_01/model.config\n'}
[1.259205] (trover_description) StdoutLine: {'line': b'-- Up-to-date: /home/elizabeth/MREN203_Trover/install/trover_description/share/trover_description/worlds/models/aws_robomaker_residential_Tableware_01/meshes\n'}
[1.259290] (trover_description) StdoutLine: {'line': b'-- Up-to-date: /home/elizabeth/MREN203_Trover/install/trover_description/share/trover_description/worlds/models/aws_robomaker_residential_Tableware_01/meshes/aws_Tableware_01_visual.DAE\n'}
[1.262004] (trover_description) StdoutLine: {'line': b'-- Up-to-date: /home/elizabeth/MREN203_Trover/install/trover_description/share/trover_description/worlds/models/aws_robomaker_residential_Tableware_01/meshes/aws_Tableware_01_collision.DAE\n'}
[1.262300] (trover_description) StdoutLine: {'line': b'-- Up-to-date: /home/elizabeth/MREN203_Trover/install/trover_description/share/trover_description/worlds/models/aws_robomaker_residential_PortraitB_02\n'}
[1.262422] (trover_description) StdoutLine: {'line': b'-- Up-to-date: /home/elizabeth/MREN203_Trover/install/trover_description/share/trover_description/worlds/models/aws_robomaker_residential_PortraitB_02/model.sdf\n'}
[1.262516] (trover_description) StdoutLine: {'line': b'-- Up-to-date: /home/elizabeth/MREN203_Trover/install/trover_description/share/trover_description/worlds/models/aws_robomaker_residential_PortraitB_02/materials\n'}
[1.262604] (trover_description) StdoutLine: {'line': b'-- Up-to-date: /home/elizabeth/MREN203_Trover/install/trover_description/share/trover_description/worlds/models/aws_robomaker_residential_PortraitB_02/materials/textures\n'}
[1.262859] (trover_description) StdoutLine: {'line': b'-- Up-to-date: /home/elizabeth/MREN203_Trover/install/trover_description/share/trover_description/worlds/models/aws_robomaker_residential_PortraitB_02/materials/textures/aws_PortraitB_01.png\n'}
[1.262963] (trover_description) StdoutLine: {'line': b'-- Up-to-date: /home/elizabeth/MREN203_Trover/install/trover_description/share/trover_description/worlds/models/aws_robomaker_residential_PortraitB_02/materials/textures/PortraitB_02.jpg\n'}
[1.263054] (trover_description) StdoutLine: {'line': b'-- Up-to-date: /home/elizabeth/MREN203_Trover/install/trover_description/share/trover_description/worlds/models/aws_robomaker_residential_PortraitB_02/materials/textures/aws_PortraitB_02.png\n'}
[1.263151] (trover_description) StdoutLine: {'line': b'-- Up-to-date: /home/elizabeth/MREN203_Trover/install/trover_description/share/trover_description/worlds/models/aws_robomaker_residential_PortraitB_02/model.config\n'}
[1.263240] (trover_description) StdoutLine: {'line': b'-- Up-to-date: /home/elizabeth/MREN203_Trover/install/trover_description/share/trover_description/worlds/models/aws_robomaker_residential_PortraitB_02/meshes\n'}
[1.263327] (trover_description) StdoutLine: {'line': b'-- Up-to-date: /home/elizabeth/MREN203_Trover/install/trover_description/share/trover_description/worlds/models/aws_robomaker_residential_PortraitB_02/meshes/aws_PortraitB_01_collision.DAE\n'}
[1.263432] (trover_description) StdoutLine: {'line': b'-- Up-to-date: /home/elizabeth/MREN203_Trover/install/trover_description/share/trover_description/worlds/models/aws_robomaker_residential_PortraitB_02/meshes/aws_PortraitB_01_visual.DAE\n'}
[1.263521] (trover_description) StdoutLine: {'line': b'-- Up-to-date: /home/elizabeth/MREN203_Trover/install/trover_description/share/trover_description/worlds/models/aws_robomaker_residential_Dumbbell_01\n'}
[1.263608] (trover_description) StdoutLine: {'line': b'-- Up-to-date: /home/elizabeth/MREN203_Trover/install/trover_description/share/trover_description/worlds/models/aws_robomaker_residential_Dumbbell_01/model.sdf\n'}
[1.263695] (trover_description) StdoutLine: {'line': b'-- Up-to-date: /home/elizabeth/MREN203_Trover/install/trover_description/share/trover_description/worlds/models/aws_robomaker_residential_Dumbbell_01/materials\n'}
[1.263781] (trover_description) StdoutLine: {'line': b'-- Up-to-date: /home/elizabeth/MREN203_Trover/install/trover_description/share/trover_description/worlds/models/aws_robomaker_residential_Dumbbell_01/materials/textures\n'}
[1.263867] (trover_description) StdoutLine: {'line': b'-- Up-to-date: /home/elizabeth/MREN203_Trover/install/trover_description/share/trover_description/worlds/models/aws_robomaker_residential_Dumbbell_01/materials/textures/aws_Dumbbell_01.png\n'}
[1.264109] (trover_description) StdoutLine: {'line': b'-- Up-to-date: /home/elizabeth/MREN203_Trover/install/trover_description/share/trover_description/worlds/models/aws_robomaker_residential_Dumbbell_01/model.config\n'}
[1.264544] (trover_description) StdoutLine: {'line': b'-- Up-to-date: /home/elizabeth/MREN203_Trover/install/trover_description/share/trover_description/worlds/models/aws_robomaker_residential_Dumbbell_01/meshes\n'}
[1.265002] (trover_description) StdoutLine: {'line': b'-- Up-to-date: /home/elizabeth/MREN203_Trover/install/trover_description/share/trover_description/worlds/models/aws_robomaker_residential_Dumbbell_01/meshes/aws_Dumbbell_01_collision.DAE\n'}
[1.265338] (trover_description) StdoutLine: {'line': b'-- Up-to-date: /home/elizabeth/MREN203_Trover/install/trover_description/share/trover_description/worlds/models/aws_robomaker_residential_Dumbbell_01/meshes/aws_Dumbbell_01_visual.DAE\n'}
[1.265643] (trover_description) StdoutLine: {'line': b'-- Up-to-date: /home/elizabeth/MREN203_Trover/install/trover_description/share/trover_description/worlds/models/aws_robomaker_residential_DeskPortraitB_01\n'}
[1.266002] (trover_description) StdoutLine: {'line': b'-- Up-to-date: /home/elizabeth/MREN203_Trover/install/trover_description/share/trover_description/worlds/models/aws_robomaker_residential_DeskPortraitB_01/model.sdf\n'}
[1.266405] (trover_description) StdoutLine: {'line': b'-- Up-to-date: /home/elizabeth/MREN203_Trover/install/trover_description/share/trover_description/worlds/models/aws_robomaker_residential_DeskPortraitB_01/materials\n'}
[1.266761] (trover_description) StdoutLine: {'line': b'-- Up-to-date: /home/elizabeth/MREN203_Trover/install/trover_description/share/trover_description/worlds/models/aws_robomaker_residential_DeskPortraitB_01/materials/textures\n'}
[1.267104] (trover_description) StdoutLine: {'line': b'-- Up-to-date: /home/elizabeth/MREN203_Trover/install/trover_description/share/trover_description/worlds/models/aws_robomaker_residential_DeskPortraitB_01/materials/textures/DeskPortraitB_01.jpg\n'}
[1.267419] (trover_description) StdoutLine: {'line': b'-- Up-to-date: /home/elizabeth/MREN203_Trover/install/trover_description/share/trover_description/worlds/models/aws_robomaker_residential_DeskPortraitB_01/materials/textures/aws_DeskPortraitB_02.png\n'}
[1.267730] (trover_description) StdoutLine: {'line': b'-- Up-to-date: /home/elizabeth/MREN203_Trover/install/trover_description/share/trover_description/worlds/models/aws_robomaker_residential_DeskPortraitB_01/materials/textures/aws_DeskPortraitB_01.png\n'}
[1.268075] (trover_description) StdoutLine: {'line': b'-- Up-to-date: /home/elizabeth/MREN203_Trover/install/trover_description/share/trover_description/worlds/models/aws_robomaker_residential_DeskPortraitB_01/model.config\n'}
[1.268443] (trover_description) StdoutLine: {'line': b'-- Up-to-date: /home/elizabeth/MREN203_Trover/install/trover_description/share/trover_description/worlds/models/aws_robomaker_residential_DeskPortraitB_01/meshes\n'}
[1.268859] (trover_description) StdoutLine: {'line': b'-- Up-to-date: /home/elizabeth/MREN203_Trover/install/trover_description/share/trover_description/worlds/models/aws_robomaker_residential_DeskPortraitB_01/meshes/aws_DeskPortraitB_01_visual.DAE\n'}
[1.269491] (trover_description) StdoutLine: {'line': b'-- Up-to-date: /home/elizabeth/MREN203_Trover/install/trover_description/share/trover_description/worlds/models/aws_robomaker_residential_DeskPortraitB_01/meshes/aws_DeskPortraitB_01_collision.DAE\n'}
[1.270269] (trover_description) StdoutLine: {'line': b'-- Up-to-date: /home/elizabeth/MREN203_Trover/install/trover_description/share/trover_description/worlds/docs\n'}
[1.271031] (trover_description) StdoutLine: {'line': b'-- Up-to-date: /home/elizabeth/MREN203_Trover/install/trover_description/share/trover_description/worlds/docs/images\n'}
[1.271592] (trover_description) StdoutLine: {'line': b'-- Up-to-date: /home/elizabeth/MREN203_Trover/install/trover_description/share/trover_description/worlds/docs/images/nav_path_rviz_gazebo.png\n'}
[1.272369] (trover_description) StdoutLine: {'line': b'-- Up-to-date: /home/elizabeth/MREN203_Trover/install/trover_description/share/trover_description/worlds/docs/images/gazebo_01.png\n'}
[1.272704] (trover_description) StdoutLine: {'line': b'-- Up-to-date: /home/elizabeth/MREN203_Trover/install/trover_description/share/trover_description/worlds/docs/images/gzweb_aws_house.png\n'}
[1.273368] (trover_description) StdoutLine: {'line': b'-- Up-to-date: /home/elizabeth/MREN203_Trover/install/trover_description/share/trover_description/worlds/package.xml\n'}
[1.273962] (trover_description) StdoutLine: {'line': b'-- Up-to-date: /home/elizabeth/MREN203_Trover/install/trover_description/share/trover_description/worlds/LICENSE\n'}
[1.274142] (trover_description) StdoutLine: {'line': b'-- Up-to-date: /home/elizabeth/MREN203_Trover/install/trover_description/share/trover_description/worlds/routes\n'}
[1.275047] (trover_description) StdoutLine: {'line': b'-- Up-to-date: /home/elizabeth/MREN203_Trover/install/trover_description/share/trover_description/worlds/routes/route.yaml\n'}
[1.275372] (trover_description) StdoutLine: {'line': b'-- Up-to-date: /home/elizabeth/MREN203_Trover/install/trover_description/share/ament_index/resource_index/package_run_dependencies/trover_description\n'}
[1.276249] (trover_description) StdoutLine: {'line': b'-- Up-to-date: /home/elizabeth/MREN203_Trover/install/trover_description/share/ament_index/resource_index/parent_prefix_path/trover_description\n'}
[1.277334] (trover_description) StdoutLine: {'line': b'-- Up-to-date: /home/elizabeth/MREN203_Trover/install/trover_description/share/trover_description/environment/ament_prefix_path.sh\n'}
[1.277666] (trover_description) StdoutLine: {'line': b'-- Up-to-date: /home/elizabeth/MREN203_Trover/install/trover_description/share/trover_description/environment/ament_prefix_path.dsv\n'}
[1.278619] (trover_description) StdoutLine: {'line': b'-- Up-to-date: /home/elizabeth/MREN203_Trover/install/trover_description/share/trover_description/environment/path.sh\n'}
[1.278944] (trover_description) StdoutLine: {'line': b'-- Up-to-date: /home/elizabeth/MREN203_Trover/install/trover_description/share/trover_description/environment/path.dsv\n'}
[1.279688] (trover_description) StdoutLine: {'line': b'-- Up-to-date: /home/elizabeth/MREN203_Trover/install/trover_description/share/trover_description/local_setup.bash\n'}
[1.280777] (trover_description) StdoutLine: {'line': b'-- Up-to-date: /home/elizabeth/MREN203_Trover/install/trover_description/share/trover_description/local_setup.sh\n'}
[1.281408] (trover_description) StdoutLine: {'line': b'-- Up-to-date: /home/elizabeth/MREN203_Trover/install/trover_description/share/trover_description/local_setup.zsh\n'}
[1.282123] (trover_description) StdoutLine: {'line': b'-- Up-to-date: /home/elizabeth/MREN203_Trover/install/trover_description/share/trover_description/local_setup.dsv\n'}
[1.282493] (trover_description) StdoutLine: {'line': b'-- Installing: /home/elizabeth/MREN203_Trover/install/trover_description/share/trover_description/package.dsv\n'}
[1.284247] (trover_description) StdoutLine: {'line': b'-- Up-to-date: /home/elizabeth/MREN203_Trover/install/trover_description/share/ament_index/resource_index/packages/trover_description\n'}
[1.285386] (trover_description) StdoutLine: {'line': b'-- Up-to-date: /home/elizabeth/MREN203_Trover/install/trover_description/share/trover_description/cmake/trover_descriptionConfig.cmake\n'}
[1.285740] (trover_description) StdoutLine: {'line': b'-- Up-to-date: /home/elizabeth/MREN203_Trover/install/trover_description/share/trover_description/cmake/trover_descriptionConfig-version.cmake\n'}
[1.293195] (trover_description) StdoutLine: {'line': b'-- Up-to-date: /home/elizabeth/MREN203_Trover/install/trover_description/share/trover_description/package.xml\n'}
[1.306162] (-) TimerEvent: {}
[1.368634] (trover_description) CommandEnded: {'returncode': 0}
[1.407540] (-) TimerEvent: {}
[1.470065] (trover_description) JobEnded: {'identifier': 'trover_description', 'rc': 0}
[1.477520] (trover_slam) JobStarted: {'identifier': 'trover_slam'}
[1.509002] (-) TimerEvent: {}
[1.995377] (-) TimerEvent: {}
[2.098038] (-) TimerEvent: {}
[2.204067] (-) TimerEvent: {}
[2.231074] (trover_navigation) Command: {'cmd': ['/usr/bin/python3', '-W', 'ignore:setup.py install is deprecated', '-W', 'ignore:easy_install command is deprecated', 'setup.py', 'egg_info', '--egg-base', '../../build/trover_navigation', 'build', '--build-base', '/home/elizabeth/MREN203_Trover/build/trover_navigation/build', 'install', '--record', '/home/elizabeth/MREN203_Trover/build/trover_navigation/install.log', '--single-version-externally-managed', 'install_data'], 'cwd': '/home/elizabeth/MREN203_Trover/src/trover_navigation', 'env': {'LESSOPEN': '| /usr/bin/lesspipe %s', 'LANGUAGE': 'en_CA:en', 'USER': 'elizabeth', 'XDG_SESSION_TYPE': 'wayland', 'SHLVL': '1', 'LD_LIBRARY_PATH': '/usr/lib/x86_64-linux-gnu/gazebo-11/plugins:/opt/ros/humble/opt/rviz_ogre_vendor/lib:/opt/ros/humble/lib/x86_64-linux-gnu:/opt/ros/humble/lib', 'HOME': '/home/elizabeth', 'DESKTOP_SESSION': 'ubuntu', 'ROS_PYTHON_VERSION': '3', 'GNOME_SHELL_SESSION_MODE': 'ubuntu', 'GTK_MODULES': 'gail:atk-bridge', 'DBUS_STARTER_BUS_TYPE': 'session', 'SYSTEMD_EXEC_PID': '1257', 'DBUS_SESSION_BUS_ADDRESS': 'unix:path=/run/user/1000/bus,guid=2dbf2237aac09be4dbc99ef269b8521b', 'COLORTERM': 'truecolor', 'IM_CONFIG_PHASE': '1', 'WAYLAND_DISPLAY': 'wayland-0', 'COLCON_PREFIX_PATH': '/home/elizabeth/MREN203_Trover/install', 'ROS_DISTRO': 'humble', 'LOGNAME': 'elizabeth', '_': '/usr/bin/colcon', 'ROS_VERSION': '2', 'XDG_SESSION_CLASS': 'user', 'USERNAME': 'elizabeth', 'TERM': 'xterm-256color', 'GNOME_DESKTOP_SESSION_ID': 'this-is-deprecated', 'ROS_LOCALHOST_ONLY': '0', 'PATH': '/opt/ros/humble/bin:/usr/local/sbin:/usr/local/bin:/usr/sbin:/usr/bin:/sbin:/bin:/usr/games:/usr/local/games:/snap/bin:/snap/bin', 'SESSION_MANAGER': 'local/elizabeth-VirtualBox:@/tmp/.ICE-unix/1257,unix/elizabeth-VirtualBox:/tmp/.ICE-unix/1257', 'XDG_MENU_PREFIX': 'gnome-', 'GNOME_TERMINAL_SCREEN': '/org/gnome/Terminal/screen/96c42cd0_fe71_470b_8b03_ebc588a4676e', 'GNOME_SETUP_DISPLAY': ':1', 'XDG_RUNTIME_DIR': '/run/user/1000', 'DISPLAY': ':0', 'LANG': 'en_US.UTF-8', 'XDG_CURRENT_DESKTOP': 'ubuntu:GNOME', 'XMODIFIERS': '@im=ibus', 'XDG_SESSION_DESKTOP': 'ubuntu', 'XAUTHORITY': '/run/user/1000/.mutter-Xwaylandauth.UHXJM3', 'LS_COLORS': 'rs=0:di=01;34:ln=01;36:mh=00:pi=40;33:so=01;35:do=01;35:bd=40;33;01:cd=40;33;01:or=40;31;01:mi=00:su=37;41:sg=30;43:ca=30;41:tw=30;42:ow=34;42:st=37;44:ex=01;32:*.tar=01;31:*.tgz=01;31:*.arc=01;31:*.arj=01;31:*.taz=01;31:*.lha=01;31:*.lz4=01;31:*.lzh=01;31:*.lzma=01;31:*.tlz=01;31:*.txz=01;31:*.tzo=01;31:*.t7z=01;31:*.zip=01;31:*.z=01;31:*.dz=01;31:*.gz=01;31:*.lrz=01;31:*.lz=01;31:*.lzo=01;31:*.xz=01;31:*.zst=01;31:*.tzst=01;31:*.bz2=01;31:*.bz=01;31:*.tbz=01;31:*.tbz2=01;31:*.tz=01;31:*.deb=01;31:*.rpm=01;31:*.jar=01;31:*.war=01;31:*.ear=01;31:*.sar=01;31:*.rar=01;31:*.alz=01;31:*.ace=01;31:*.zoo=01;31:*.cpio=01;31:*.7z=01;31:*.rz=01;31:*.cab=01;31:*.wim=01;31:*.swm=01;31:*.dwm=01;31:*.esd=01;31:*.jpg=01;35:*.jpeg=01;35:*.mjpg=01;35:*.mjpeg=01;35:*.gif=01;35:*.bmp=01;35:*.pbm=01;35:*.pgm=01;35:*.ppm=01;35:*.tga=01;35:*.xbm=01;35:*.xpm=01;35:*.tif=01;35:*.tiff=01;35:*.png=01;35:*.svg=01;35:*.svgz=01;35:*.mng=01;35:*.pcx=01;35:*.mov=01;35:*.mpg=01;35:*.mpeg=01;35:*.m2v=01;35:*.mkv=01;35:*.webm=01;35:*.webp=01;35:*.ogm=01;35:*.mp4=01;35:*.m4v=01;35:*.mp4v=01;35:*.vob=01;35:*.qt=01;35:*.nuv=01;35:*.wmv=01;35:*.asf=01;35:*.rm=01;35:*.rmvb=01;35:*.flc=01;35:*.avi=01;35:*.fli=01;35:*.flv=01;35:*.gl=01;35:*.dl=01;35:*.xcf=01;35:*.xwd=01;35:*.yuv=01;35:*.cgm=01;35:*.emf=01;35:*.ogv=01;35:*.ogx=01;35:*.aac=00;36:*.au=00;36:*.flac=00;36:*.m4a=00;36:*.mid=00;36:*.midi=00;36:*.mka=00;36:*.mp3=00;36:*.mpc=00;36:*.ogg=00;36:*.ra=00;36:*.wav=00;36:*.oga=00;36:*.opus=00;36:*.spx=00;36:*.xspf=00;36:', 'GNOME_TERMINAL_SERVICE': ':1.112', 'SSH_AGENT_LAUNCHER': 'gnome-keyring', 'SSH_AUTH_SOCK': '/run/user/1000/keyring/ssh', 'AMENT_PREFIX_PATH': '/home/elizabeth/MREN203_Trover/install/trover_bringup:/home/elizabeth/MREN203_Trover/install/trover_state_estimation:/home/elizabeth/MREN203_Trover/install/trover_slam:/home/elizabeth/MREN203_Trover/install/trover_navigation:/home/elizabeth/MREN203_Trover/install/trover_drivers:/home/elizabeth/MREN203_Trover/install/trover_description:/home/elizabeth/MREN203_Trover/install/trover_communication:/opt/ros/humble', 'SHELL': '/bin/bash', 'QT_ACCESSIBILITY': '1', 'GDMSESSION': 'ubuntu', 'LESSCLOSE': '/usr/bin/lesspipe %s %s', 'QT_IM_MODULE': 'ibus', 'PWD': '/home/elizabeth/MREN203_Trover/build/trover_navigation', 'LC_ALL': 'en_US.UTF-8', 'XDG_CONFIG_DIRS': '/etc/xdg/xdg-ubuntu:/etc/xdg', 'DBUS_STARTER_ADDRESS': 'unix:path=/run/user/1000/bus,guid=2dbf2237aac09be4dbc99ef269b8521b', 'XDG_DATA_DIRS': '/usr/share/ubuntu:/usr/local/share/:/usr/share/:/var/lib/snapd/desktop', 'PYTHONPATH': '/home/elizabeth/MREN203_Trover/build/trover_navigation/prefix_override:/usr/lib/python3/dist-packages/colcon_core/task/python/colcon_distutils_commands:/home/elizabeth/MREN203_Trover/install/trover_navigation/lib/python3.10/site-packages:/home/elizabeth/MREN203_Trover/install/trover_state_estimation/lib/python3.10/site-packages:/home/elizabeth/MREN203_Trover/install/trover_slam/lib/python3.10/site-packages:/home/elizabeth/MREN203_Trover/install/trover_navigation/lib/python3.10/site-packages:/home/elizabeth/MREN203_Trover/install/trover_communication/lib/python3.10/site-packages:/opt/ros/humble/lib/python3.10/site-packages:/opt/ros/humble/local/lib/python3.10/dist-packages', 'COLCON': '1', 'VTE_VERSION': '6800', 'CMAKE_PREFIX_PATH': '/home/elizabeth/MREN203_Trover/install/trover_bringup:/home/elizabeth/MREN203_Trover/install/trover_drivers:/home/elizabeth/MREN203_Trover/install/trover_description'}, 'shell': False}
[2.310462] (-) TimerEvent: {}
[2.763035] (trover_navigation) StdoutLine: {'line': b'running egg_info\n'}
[2.763491] (-) TimerEvent: {}
[2.777233] (trover_navigation) StdoutLine: {'line': b'writing ../../build/trover_navigation/trover_navigation.egg-info/PKG-INFO\n'}
[2.793246] (trover_navigation) StdoutLine: {'line': b'writing dependency_links to ../../build/trover_navigation/trover_navigation.egg-info/dependency_links.txt\n'}
[2.837225] (trover_navigation) StdoutLine: {'line': b'writing entry points to ../../build/trover_navigation/trover_navigation.egg-info/entry_points.txt\n'}
[2.837544] (trover_navigation) StdoutLine: {'line': b'writing requirements to ../../build/trover_navigation/trover_navigation.egg-info/requires.txt\n'}
[2.841520] (trover_navigation) StdoutLine: {'line': b'writing top-level names to ../../build/trover_navigation/trover_navigation.egg-info/top_level.txt\n'}
[2.864233] (-) TimerEvent: {}
[2.879159] (trover_navigation) StdoutLine: {'line': b"reading manifest file '../../build/trover_navigation/trover_navigation.egg-info/SOURCES.txt'\n"}
[2.879546] (trover_navigation) StdoutLine: {'line': b"writing manifest file '../../build/trover_navigation/trover_navigation.egg-info/SOURCES.txt'\n"}
[2.879842] (trover_navigation) StdoutLine: {'line': b'running build\n'}
[2.880148] (trover_navigation) StdoutLine: {'line': b'running build_py\n'}
[2.881163] (trover_navigation) StdoutLine: {'line': b'running install\n'}
[2.882209] (trover_navigation) StdoutLine: {'line': b'running install_lib\n'}
[2.886221] (trover_navigation) StdoutLine: {'line': b'running install_data\n'}
[2.886523] (trover_navigation) StdoutLine: {'line': b'running install_egg_info\n'}
[2.891439] (trover_navigation) StdoutLine: {'line': b"removing '/home/elizabeth/MREN203_Trover/install/trover_navigation/lib/python3.10/site-packages/trover_navigation-0.0.0-py3.10.egg-info' (and everything under it)\n"}
[2.891790] (trover_navigation) StdoutLine: {'line': b'Copying ../../build/trover_navigation/trover_navigation.egg-info to /home/elizabeth/MREN203_Trover/install/trover_navigation/lib/python3.10/site-packages/trover_navigation-0.0.0-py3.10.egg-info\n'}
[2.894262] (trover_navigation) StdoutLine: {'line': b'running install_scripts\n'}
[2.936853] (trover_navigation) StdoutLine: {'line': b"writing list of installed files to '/home/elizabeth/MREN203_Trover/build/trover_navigation/install.log'\n"}
[3.036005] (trover_navigation) CommandEnded: {'returncode': 0}
[3.043796] (-) TimerEvent: {}
[3.124081] (trover_navigation) JobEnded: {'identifier': 'trover_navigation', 'rc': 0}
[3.131923] (trover_state_estimation) JobStarted: {'identifier': 'trover_state_estimation'}
[3.146367] (-) TimerEvent: {}
[3.213470] (trover_slam) Command: {'cmd': ['/usr/bin/python3', '-W', 'ignore:setup.py install is deprecated', '-W', 'ignore:easy_install command is deprecated', 'setup.py', 'egg_info', '--egg-base', '../../build/trover_slam', 'build', '--build-base', '/home/elizabeth/MREN203_Trover/build/trover_slam/build', 'install', '--record', '/home/elizabeth/MREN203_Trover/build/trover_slam/install.log', '--single-version-externally-managed', 'install_data'], 'cwd': '/home/elizabeth/MREN203_Trover/src/trover_slam', 'env': {'LESSOPEN': '| /usr/bin/lesspipe %s', 'LANGUAGE': 'en_CA:en', 'USER': 'elizabeth', 'XDG_SESSION_TYPE': 'wayland', 'SHLVL': '1', 'LD_LIBRARY_PATH': '/usr/lib/x86_64-linux-gnu/gazebo-11/plugins:/opt/ros/humble/opt/rviz_ogre_vendor/lib:/opt/ros/humble/lib/x86_64-linux-gnu:/opt/ros/humble/lib', 'HOME': '/home/elizabeth', 'DESKTOP_SESSION': 'ubuntu', 'ROS_PYTHON_VERSION': '3', 'GNOME_SHELL_SESSION_MODE': 'ubuntu', 'GTK_MODULES': 'gail:atk-bridge', 'DBUS_STARTER_BUS_TYPE': 'session', 'SYSTEMD_EXEC_PID': '1257', 'DBUS_SESSION_BUS_ADDRESS': 'unix:path=/run/user/1000/bus,guid=2dbf2237aac09be4dbc99ef269b8521b', 'COLORTERM': 'truecolor', 'IM_CONFIG_PHASE': '1', 'WAYLAND_DISPLAY': 'wayland-0', 'COLCON_PREFIX_PATH': '/home/elizabeth/MREN203_Trover/install', 'ROS_DISTRO': 'humble', 'LOGNAME': 'elizabeth', '_': '/usr/bin/colcon', 'ROS_VERSION': '2', 'XDG_SESSION_CLASS': 'user', 'USERNAME': 'elizabeth', 'TERM': 'xterm-256color', 'GNOME_DESKTOP_SESSION_ID': 'this-is-deprecated', 'ROS_LOCALHOST_ONLY': '0', 'PATH': '/opt/ros/humble/bin:/usr/local/sbin:/usr/local/bin:/usr/sbin:/usr/bin:/sbin:/bin:/usr/games:/usr/local/games:/snap/bin:/snap/bin', 'SESSION_MANAGER': 'local/elizabeth-VirtualBox:@/tmp/.ICE-unix/1257,unix/elizabeth-VirtualBox:/tmp/.ICE-unix/1257', 'XDG_MENU_PREFIX': 'gnome-', 'GNOME_TERMINAL_SCREEN': '/org/gnome/Terminal/screen/96c42cd0_fe71_470b_8b03_ebc588a4676e', 'GNOME_SETUP_DISPLAY': ':1', 'XDG_RUNTIME_DIR': '/run/user/1000', 'DISPLAY': ':0', 'LANG': 'en_US.UTF-8', 'XDG_CURRENT_DESKTOP': 'ubuntu:GNOME', 'XMODIFIERS': '@im=ibus', 'XDG_SESSION_DESKTOP': 'ubuntu', 'XAUTHORITY': '/run/user/1000/.mutter-Xwaylandauth.UHXJM3', 'LS_COLORS': 'rs=0:di=01;34:ln=01;36:mh=00:pi=40;33:so=01;35:do=01;35:bd=40;33;01:cd=40;33;01:or=40;31;01:mi=00:su=37;41:sg=30;43:ca=30;41:tw=30;42:ow=34;42:st=37;44:ex=01;32:*.tar=01;31:*.tgz=01;31:*.arc=01;31:*.arj=01;31:*.taz=01;31:*.lha=01;31:*.lz4=01;31:*.lzh=01;31:*.lzma=01;31:*.tlz=01;31:*.txz=01;31:*.tzo=01;31:*.t7z=01;31:*.zip=01;31:*.z=01;31:*.dz=01;31:*.gz=01;31:*.lrz=01;31:*.lz=01;31:*.lzo=01;31:*.xz=01;31:*.zst=01;31:*.tzst=01;31:*.bz2=01;31:*.bz=01;31:*.tbz=01;31:*.tbz2=01;31:*.tz=01;31:*.deb=01;31:*.rpm=01;31:*.jar=01;31:*.war=01;31:*.ear=01;31:*.sar=01;31:*.rar=01;31:*.alz=01;31:*.ace=01;31:*.zoo=01;31:*.cpio=01;31:*.7z=01;31:*.rz=01;31:*.cab=01;31:*.wim=01;31:*.swm=01;31:*.dwm=01;31:*.esd=01;31:*.jpg=01;35:*.jpeg=01;35:*.mjpg=01;35:*.mjpeg=01;35:*.gif=01;35:*.bmp=01;35:*.pbm=01;35:*.pgm=01;35:*.ppm=01;35:*.tga=01;35:*.xbm=01;35:*.xpm=01;35:*.tif=01;35:*.tiff=01;35:*.png=01;35:*.svg=01;35:*.svgz=01;35:*.mng=01;35:*.pcx=01;35:*.mov=01;35:*.mpg=01;35:*.mpeg=01;35:*.m2v=01;35:*.mkv=01;35:*.webm=01;35:*.webp=01;35:*.ogm=01;35:*.mp4=01;35:*.m4v=01;35:*.mp4v=01;35:*.vob=01;35:*.qt=01;35:*.nuv=01;35:*.wmv=01;35:*.asf=01;35:*.rm=01;35:*.rmvb=01;35:*.flc=01;35:*.avi=01;35:*.fli=01;35:*.flv=01;35:*.gl=01;35:*.dl=01;35:*.xcf=01;35:*.xwd=01;35:*.yuv=01;35:*.cgm=01;35:*.emf=01;35:*.ogv=01;35:*.ogx=01;35:*.aac=00;36:*.au=00;36:*.flac=00;36:*.m4a=00;36:*.mid=00;36:*.midi=00;36:*.mka=00;36:*.mp3=00;36:*.mpc=00;36:*.ogg=00;36:*.ra=00;36:*.wav=00;36:*.oga=00;36:*.opus=00;36:*.spx=00;36:*.xspf=00;36:', 'GNOME_TERMINAL_SERVICE': ':1.112', 'SSH_AGENT_LAUNCHER': 'gnome-keyring', 'SSH_AUTH_SOCK': '/run/user/1000/keyring/ssh', 'AMENT_PREFIX_PATH': '/home/elizabeth/MREN203_Trover/install/trover_bringup:/home/elizabeth/MREN203_Trover/install/trover_state_estimation:/home/elizabeth/MREN203_Trover/install/trover_slam:/home/elizabeth/MREN203_Trover/install/trover_navigation:/home/elizabeth/MREN203_Trover/install/trover_drivers:/home/elizabeth/MREN203_Trover/install/trover_description:/home/elizabeth/MREN203_Trover/install/trover_communication:/opt/ros/humble', 'SHELL': '/bin/bash', 'QT_ACCESSIBILITY': '1', 'GDMSESSION': 'ubuntu', 'LESSCLOSE': '/usr/bin/lesspipe %s %s', 'QT_IM_MODULE': 'ibus', 'PWD': '/home/elizabeth/MREN203_Trover/build/trover_slam', 'LC_ALL': 'en_US.UTF-8', 'XDG_CONFIG_DIRS': '/etc/xdg/xdg-ubuntu:/etc/xdg', 'DBUS_STARTER_ADDRESS': 'unix:path=/run/user/1000/bus,guid=2dbf2237aac09be4dbc99ef269b8521b', 'XDG_DATA_DIRS': '/usr/share/ubuntu:/usr/local/share/:/usr/share/:/var/lib/snapd/desktop', 'PYTHONPATH': '/home/elizabeth/MREN203_Trover/build/trover_slam/prefix_override:/usr/lib/python3/dist-packages/colcon_core/task/python/colcon_distutils_commands:/home/elizabeth/MREN203_Trover/install/trover_slam/lib/python3.10/site-packages:/home/elizabeth/MREN203_Trover/install/trover_state_estimation/lib/python3.10/site-packages:/home/elizabeth/MREN203_Trover/install/trover_slam/lib/python3.10/site-packages:/home/elizabeth/MREN203_Trover/install/trover_navigation/lib/python3.10/site-packages:/home/elizabeth/MREN203_Trover/install/trover_communication/lib/python3.10/site-packages:/opt/ros/humble/lib/python3.10/site-packages:/opt/ros/humble/local/lib/python3.10/dist-packages', 'COLCON': '1', 'VTE_VERSION': '6800', 'CMAKE_PREFIX_PATH': '/home/elizabeth/MREN203_Trover/install/trover_bringup:/home/elizabeth/MREN203_Trover/install/trover_drivers:/home/elizabeth/MREN203_Trover/install/trover_description'}, 'shell': False}
[3.738323] (trover_slam) StdoutLine: {'line': b'running egg_info\n'}
[3.738907] (-) TimerEvent: {}
[3.747508] (trover_slam) StdoutLine: {'line': b'writing ../../build/trover_slam/trover_slam.egg-info/PKG-INFO\n'}
[3.755102] (trover_slam) StdoutLine: {'line': b'writing dependency_links to ../../build/trover_slam/trover_slam.egg-info/dependency_links.txt\n'}
[3.755936] (trover_slam) StdoutLine: {'line': b'writing entry points to ../../build/trover_slam/trover_slam.egg-info/entry_points.txt\n'}
[3.771544] (trover_slam) StdoutLine: {'line': b'writing requirements to ../../build/trover_slam/trover_slam.egg-info/requires.txt\n'}
[3.772206] (trover_slam) StdoutLine: {'line': b'writing top-level names to ../../build/trover_slam/trover_slam.egg-info/top_level.txt\n'}
[3.817842] (trover_slam) StdoutLine: {'line': b"reading manifest file '../../build/trover_slam/trover_slam.egg-info/SOURCES.txt'\n"}
[3.819720] (trover_slam) StdoutLine: {'line': b"writing manifest file '../../build/trover_slam/trover_slam.egg-info/SOURCES.txt'\n"}
[3.819869] (trover_slam) StdoutLine: {'line': b'running build\n'}
[3.827348] (trover_slam) StdoutLine: {'line': b'running build_py\n'}
[3.827648] (trover_slam) StdoutLine: {'line': b'running install\n'}
[3.827766] (trover_slam) StdoutLine: {'line': b'running install_lib\n'}
[3.828783] (trover_slam) StdoutLine: {'line': b'running install_data\n'}
[3.829589] (trover_slam) StdoutLine: {'line': b'running install_egg_info\n'}
[3.856659] (trover_slam) StdoutLine: {'line': b"removing '/home/elizabeth/MREN203_Trover/install/trover_slam/lib/python3.10/site-packages/trover_slam-0.0.0-py3.10.egg-info' (and everything under it)\n"}
[3.856943] (-) TimerEvent: {}
[3.857317] (trover_slam) StdoutLine: {'line': b'Copying ../../build/trover_slam/trover_slam.egg-info to /home/elizabeth/MREN203_Trover/install/trover_slam/lib/python3.10/site-packages/trover_slam-0.0.0-py3.10.egg-info\n'}
[3.857457] (trover_slam) StdoutLine: {'line': b'running install_scripts\n'}
[3.957776] (-) TimerEvent: {}
[3.958403] (trover_slam) StdoutLine: {'line': b"writing list of installed files to '/home/elizabeth/MREN203_Trover/build/trover_slam/install.log'\n"}
[4.048241] (trover_slam) CommandEnded: {'returncode': 0}
[4.065728] (-) TimerEvent: {}
[4.150549] (trover_slam) JobEnded: {'identifier': 'trover_slam', 'rc': 0}
[4.154648] (trover_communication) JobStarted: {'identifier': 'trover_communication'}
[4.170032] (-) TimerEvent: {}
[4.585557] (-) TimerEvent: {}
[4.766353] (-) TimerEvent: {}
[4.874333] (trover_state_estimation) Command: {'cmd': ['/usr/bin/python3', '-W', 'ignore:setup.py install is deprecated', '-W', 'ignore:easy_install command is deprecated', 'setup.py', 'egg_info', '--egg-base', '../../build/trover_state_estimation', 'build', '--build-base', '/home/elizabeth/MREN203_Trover/build/trover_state_estimation/build', 'install', '--record', '/home/elizabeth/MREN203_Trover/build/trover_state_estimation/install.log', '--single-version-externally-managed', 'install_data'], 'cwd': '/home/elizabeth/MREN203_Trover/src/trover_state_estimation', 'env': {'LESSOPEN': '| /usr/bin/lesspipe %s', 'LANGUAGE': 'en_CA:en', 'USER': 'elizabeth', 'XDG_SESSION_TYPE': 'wayland', 'SHLVL': '1', 'LD_LIBRARY_PATH': '/usr/lib/x86_64-linux-gnu/gazebo-11/plugins:/opt/ros/humble/opt/rviz_ogre_vendor/lib:/opt/ros/humble/lib/x86_64-linux-gnu:/opt/ros/humble/lib', 'HOME': '/home/elizabeth', 'DESKTOP_SESSION': 'ubuntu', 'ROS_PYTHON_VERSION': '3', 'GNOME_SHELL_SESSION_MODE': 'ubuntu', 'GTK_MODULES': 'gail:atk-bridge', 'DBUS_STARTER_BUS_TYPE': 'session', 'SYSTEMD_EXEC_PID': '1257', 'DBUS_SESSION_BUS_ADDRESS': 'unix:path=/run/user/1000/bus,guid=2dbf2237aac09be4dbc99ef269b8521b', 'COLORTERM': 'truecolor', 'IM_CONFIG_PHASE': '1', 'WAYLAND_DISPLAY': 'wayland-0', 'COLCON_PREFIX_PATH': '/home/elizabeth/MREN203_Trover/install', 'ROS_DISTRO': 'humble', 'LOGNAME': 'elizabeth', '_': '/usr/bin/colcon', 'ROS_VERSION': '2', 'XDG_SESSION_CLASS': 'user', 'USERNAME': 'elizabeth', 'TERM': 'xterm-256color', 'GNOME_DESKTOP_SESSION_ID': 'this-is-deprecated', 'ROS_LOCALHOST_ONLY': '0', 'PATH': '/opt/ros/humble/bin:/usr/local/sbin:/usr/local/bin:/usr/sbin:/usr/bin:/sbin:/bin:/usr/games:/usr/local/games:/snap/bin:/snap/bin', 'SESSION_MANAGER': 'local/elizabeth-VirtualBox:@/tmp/.ICE-unix/1257,unix/elizabeth-VirtualBox:/tmp/.ICE-unix/1257', 'XDG_MENU_PREFIX': 'gnome-', 'GNOME_TERMINAL_SCREEN': '/org/gnome/Terminal/screen/96c42cd0_fe71_470b_8b03_ebc588a4676e', 'GNOME_SETUP_DISPLAY': ':1', 'XDG_RUNTIME_DIR': '/run/user/1000', 'DISPLAY': ':0', 'LANG': 'en_US.UTF-8', 'XDG_CURRENT_DESKTOP': 'ubuntu:GNOME', 'XMODIFIERS': '@im=ibus', 'XDG_SESSION_DESKTOP': 'ubuntu', 'XAUTHORITY': '/run/user/1000/.mutter-Xwaylandauth.UHXJM3', 'LS_COLORS': 'rs=0:di=01;34:ln=01;36:mh=00:pi=40;33:so=01;35:do=01;35:bd=40;33;01:cd=40;33;01:or=40;31;01:mi=00:su=37;41:sg=30;43:ca=30;41:tw=30;42:ow=34;42:st=37;44:ex=01;32:*.tar=01;31:*.tgz=01;31:*.arc=01;31:*.arj=01;31:*.taz=01;31:*.lha=01;31:*.lz4=01;31:*.lzh=01;31:*.lzma=01;31:*.tlz=01;31:*.txz=01;31:*.tzo=01;31:*.t7z=01;31:*.zip=01;31:*.z=01;31:*.dz=01;31:*.gz=01;31:*.lrz=01;31:*.lz=01;31:*.lzo=01;31:*.xz=01;31:*.zst=01;31:*.tzst=01;31:*.bz2=01;31:*.bz=01;31:*.tbz=01;31:*.tbz2=01;31:*.tz=01;31:*.deb=01;31:*.rpm=01;31:*.jar=01;31:*.war=01;31:*.ear=01;31:*.sar=01;31:*.rar=01;31:*.alz=01;31:*.ace=01;31:*.zoo=01;31:*.cpio=01;31:*.7z=01;31:*.rz=01;31:*.cab=01;31:*.wim=01;31:*.swm=01;31:*.dwm=01;31:*.esd=01;31:*.jpg=01;35:*.jpeg=01;35:*.mjpg=01;35:*.mjpeg=01;35:*.gif=01;35:*.bmp=01;35:*.pbm=01;35:*.pgm=01;35:*.ppm=01;35:*.tga=01;35:*.xbm=01;35:*.xpm=01;35:*.tif=01;35:*.tiff=01;35:*.png=01;35:*.svg=01;35:*.svgz=01;35:*.mng=01;35:*.pcx=01;35:*.mov=01;35:*.mpg=01;35:*.mpeg=01;35:*.m2v=01;35:*.mkv=01;35:*.webm=01;35:*.webp=01;35:*.ogm=01;35:*.mp4=01;35:*.m4v=01;35:*.mp4v=01;35:*.vob=01;35:*.qt=01;35:*.nuv=01;35:*.wmv=01;35:*.asf=01;35:*.rm=01;35:*.rmvb=01;35:*.flc=01;35:*.avi=01;35:*.fli=01;35:*.flv=01;35:*.gl=01;35:*.dl=01;35:*.xcf=01;35:*.xwd=01;35:*.yuv=01;35:*.cgm=01;35:*.emf=01;35:*.ogv=01;35:*.ogx=01;35:*.aac=00;36:*.au=00;36:*.flac=00;36:*.m4a=00;36:*.mid=00;36:*.midi=00;36:*.mka=00;36:*.mp3=00;36:*.mpc=00;36:*.ogg=00;36:*.ra=00;36:*.wav=00;36:*.oga=00;36:*.opus=00;36:*.spx=00;36:*.xspf=00;36:', 'GNOME_TERMINAL_SERVICE': ':1.112', 'SSH_AGENT_LAUNCHER': 'gnome-keyring', 'SSH_AUTH_SOCK': '/run/user/1000/keyring/ssh', 'AMENT_PREFIX_PATH': '/home/elizabeth/MREN203_Trover/install/trover_bringup:/home/elizabeth/MREN203_Trover/install/trover_state_estimation:/home/elizabeth/MREN203_Trover/install/trover_slam:/home/elizabeth/MREN203_Trover/install/trover_navigation:/home/elizabeth/MREN203_Trover/install/trover_drivers:/home/elizabeth/MREN203_Trover/install/trover_description:/home/elizabeth/MREN203_Trover/install/trover_communication:/opt/ros/humble', 'SHELL': '/bin/bash', 'QT_ACCESSIBILITY': '1', 'GDMSESSION': 'ubuntu', 'LESSCLOSE': '/usr/bin/lesspipe %s %s', 'QT_IM_MODULE': 'ibus', 'PWD': '/home/elizabeth/MREN203_Trover/build/trover_state_estimation', 'LC_ALL': 'en_US.UTF-8', 'XDG_CONFIG_DIRS': '/etc/xdg/xdg-ubuntu:/etc/xdg', 'DBUS_STARTER_ADDRESS': 'unix:path=/run/user/1000/bus,guid=2dbf2237aac09be4dbc99ef269b8521b', 'XDG_DATA_DIRS': '/usr/share/ubuntu:/usr/local/share/:/usr/share/:/var/lib/snapd/desktop', 'PYTHONPATH': '/home/elizabeth/MREN203_Trover/build/trover_state_estimation/prefix_override:/usr/lib/python3/dist-packages/colcon_core/task/python/colcon_distutils_commands:/home/elizabeth/MREN203_Trover/install/trover_state_estimation/lib/python3.10/site-packages:/home/elizabeth/MREN203_Trover/install/trover_state_estimation/lib/python3.10/site-packages:/home/elizabeth/MREN203_Trover/install/trover_slam/lib/python3.10/site-packages:/home/elizabeth/MREN203_Trover/install/trover_navigation/lib/python3.10/site-packages:/home/elizabeth/MREN203_Trover/install/trover_communication/lib/python3.10/site-packages:/opt/ros/humble/lib/python3.10/site-packages:/opt/ros/humble/local/lib/python3.10/dist-packages', 'COLCON': '1', 'VTE_VERSION': '6800', 'CMAKE_PREFIX_PATH': '/home/elizabeth/MREN203_Trover/install/trover_bringup:/home/elizabeth/MREN203_Trover/install/trover_drivers:/home/elizabeth/MREN203_Trover/install/trover_description'}, 'shell': False}
[4.876375] (-) TimerEvent: {}
[4.981362] (-) TimerEvent: {}
[5.384385] (-) TimerEvent: {}
[5.393629] (trover_state_estimation) StdoutLine: {'line': b'running egg_info\n'}
[5.396017] (trover_state_estimation) StdoutLine: {'line': b'writing ../../build/trover_state_estimation/trover_state_estimation.egg-info/PKG-INFO\n'}
[5.417548] (trover_state_estimation) StdoutLine: {'line': b'writing dependency_links to ../../build/trover_state_estimation/trover_state_estimation.egg-info/dependency_links.txt\n'}
[5.440764] (trover_state_estimation) StdoutLine: {'line': b'writing entry points to ../../build/trover_state_estimation/trover_state_estimation.egg-info/entry_points.txt\n'}
[5.447699] (trover_state_estimation) StdoutLine: {'line': b'writing requirements to ../../build/trover_state_estimation/trover_state_estimation.egg-info/requires.txt\n'}
[5.448894] (trover_state_estimation) StdoutLine: {'line': b'writing top-level names to ../../build/trover_state_estimation/trover_state_estimation.egg-info/top_level.txt\n'}
[5.464154] (trover_state_estimation) StdoutLine: {'line': b"reading manifest file '../../build/trover_state_estimation/trover_state_estimation.egg-info/SOURCES.txt'\n"}
[5.464878] (trover_state_estimation) StdoutLine: {'line': b"writing manifest file '../../build/trover_state_estimation/trover_state_estimation.egg-info/SOURCES.txt'\n"}
[5.470617] (trover_state_estimation) StdoutLine: {'line': b'running build\n'}
[5.472042] (trover_state_estimation) StdoutLine: {'line': b'running build_py\n'}
[5.472568] (trover_state_estimation) StdoutLine: {'line': b'running install\n'}
[5.473887] (trover_state_estimation) StdoutLine: {'line': b'running install_lib\n'}
[5.477704] (trover_state_estimation) StdoutLine: {'line': b'running install_data\n'}
[5.479073] (trover_state_estimation) StdoutLine: {'line': b'running install_egg_info\n'}
[5.484991] (trover_state_estimation) StdoutLine: {'line': b"removing '/home/elizabeth/MREN203_Trover/install/trover_state_estimation/lib/python3.10/site-packages/trover_state_estimation-0.0.0-py3.10.egg-info' (and everything under it)\n"}
[5.485236] (-) TimerEvent: {}
[5.485704] (trover_state_estimation) StdoutLine: {'line': b'Copying ../../build/trover_state_estimation/trover_state_estimation.egg-info to /home/elizabeth/MREN203_Trover/install/trover_state_estimation/lib/python3.10/site-packages/trover_state_estimation-0.0.0-py3.10.egg-info\n'}
[5.488115] (trover_state_estimation) StdoutLine: {'line': b'running install_scripts\n'}
[5.538062] (trover_state_estimation) StdoutLine: {'line': b"writing list of installed files to '/home/elizabeth/MREN203_Trover/build/trover_state_estimation/install.log'\n"}
[5.663160] (trover_state_estimation) CommandEnded: {'returncode': 0}
[5.664067] (-) TimerEvent: {}
[5.749571] (trover_state_estimation) JobEnded: {'identifier': 'trover_state_estimation', 'rc': 0}
[5.760446] (trover_drivers) JobStarted: {'identifier': 'trover_drivers'}
[5.770305] (-) TimerEvent: {}
[5.852180] (trover_drivers) JobProgress: {'identifier': 'trover_drivers', 'progress': 'cmake'}
[5.856075] (trover_drivers) JobProgress: {'identifier': 'trover_drivers', 'progress': 'build'}
[5.858233] (trover_drivers) Command: {'cmd': ['/usr/bin/cmake', '--build', '/home/elizabeth/MREN203_Trover/build/trover_drivers', '--', '-j2', '-l2'], 'cwd': '/home/elizabeth/MREN203_Trover/build/trover_drivers', 'env': OrderedDict([('LESSOPEN', '| /usr/bin/lesspipe %s'), ('LANGUAGE', 'en_CA:en'), ('USER', 'elizabeth'), ('XDG_SESSION_TYPE', 'wayland'), ('SHLVL', '1'), ('LD_LIBRARY_PATH', '/usr/lib/x86_64-linux-gnu/gazebo-11/plugins:/opt/ros/humble/opt/rviz_ogre_vendor/lib:/opt/ros/humble/lib/x86_64-linux-gnu:/opt/ros/humble/lib'), ('HOME', '/home/elizabeth'), ('DESKTOP_SESSION', 'ubuntu'), ('ROS_PYTHON_VERSION', '3'), ('GNOME_SHELL_SESSION_MODE', 'ubuntu'), ('GTK_MODULES', 'gail:atk-bridge'), ('DBUS_STARTER_BUS_TYPE', 'session'), ('SYSTEMD_EXEC_PID', '1257'), ('DBUS_SESSION_BUS_ADDRESS', 'unix:path=/run/user/1000/bus,guid=2dbf2237aac09be4dbc99ef269b8521b'), ('COLORTERM', 'truecolor'), ('IM_CONFIG_PHASE', '1'), ('WAYLAND_DISPLAY', 'wayland-0'), ('COLCON_PREFIX_PATH', '/home/elizabeth/MREN203_Trover/install'), ('ROS_DISTRO', 'humble'), ('LOGNAME', 'elizabeth'), ('_', '/usr/bin/colcon'), ('ROS_VERSION', '2'), ('XDG_SESSION_CLASS', 'user'), ('USERNAME', 'elizabeth'), ('TERM', 'xterm-256color'), ('GNOME_DESKTOP_SESSION_ID', 'this-is-deprecated'), ('ROS_LOCALHOST_ONLY', '0'), ('PATH', '/opt/ros/humble/bin:/usr/local/sbin:/usr/local/bin:/usr/sbin:/usr/bin:/sbin:/bin:/usr/games:/usr/local/games:/snap/bin:/snap/bin'), ('SESSION_MANAGER', 'local/elizabeth-VirtualBox:@/tmp/.ICE-unix/1257,unix/elizabeth-VirtualBox:/tmp/.ICE-unix/1257'), ('XDG_MENU_PREFIX', 'gnome-'), ('GNOME_TERMINAL_SCREEN', '/org/gnome/Terminal/screen/96c42cd0_fe71_470b_8b03_ebc588a4676e'), ('GNOME_SETUP_DISPLAY', ':1'), ('XDG_RUNTIME_DIR', '/run/user/1000'), ('DISPLAY', ':0'), ('LANG', 'en_US.UTF-8'), ('XDG_CURRENT_DESKTOP', 'ubuntu:GNOME'), ('XMODIFIERS', '@im=ibus'), ('XDG_SESSION_DESKTOP', 'ubuntu'), ('XAUTHORITY', '/run/user/1000/.mutter-Xwaylandauth.UHXJM3'), ('LS_COLORS', 'rs=0:di=01;34:ln=01;36:mh=00:pi=40;33:so=01;35:do=01;35:bd=40;33;01:cd=40;33;01:or=40;31;01:mi=00:su=37;41:sg=30;43:ca=30;41:tw=30;42:ow=34;42:st=37;44:ex=01;32:*.tar=01;31:*.tgz=01;31:*.arc=01;31:*.arj=01;31:*.taz=01;31:*.lha=01;31:*.lz4=01;31:*.lzh=01;31:*.lzma=01;31:*.tlz=01;31:*.txz=01;31:*.tzo=01;31:*.t7z=01;31:*.zip=01;31:*.z=01;31:*.dz=01;31:*.gz=01;31:*.lrz=01;31:*.lz=01;31:*.lzo=01;31:*.xz=01;31:*.zst=01;31:*.tzst=01;31:*.bz2=01;31:*.bz=01;31:*.tbz=01;31:*.tbz2=01;31:*.tz=01;31:*.deb=01;31:*.rpm=01;31:*.jar=01;31:*.war=01;31:*.ear=01;31:*.sar=01;31:*.rar=01;31:*.alz=01;31:*.ace=01;31:*.zoo=01;31:*.cpio=01;31:*.7z=01;31:*.rz=01;31:*.cab=01;31:*.wim=01;31:*.swm=01;31:*.dwm=01;31:*.esd=01;31:*.jpg=01;35:*.jpeg=01;35:*.mjpg=01;35:*.mjpeg=01;35:*.gif=01;35:*.bmp=01;35:*.pbm=01;35:*.pgm=01;35:*.ppm=01;35:*.tga=01;35:*.xbm=01;35:*.xpm=01;35:*.tif=01;35:*.tiff=01;35:*.png=01;35:*.svg=01;35:*.svgz=01;35:*.mng=01;35:*.pcx=01;35:*.mov=01;35:*.mpg=01;35:*.mpeg=01;35:*.m2v=01;35:*.mkv=01;35:*.webm=01;35:*.webp=01;35:*.ogm=01;35:*.mp4=01;35:*.m4v=01;35:*.mp4v=01;35:*.vob=01;35:*.qt=01;35:*.nuv=01;35:*.wmv=01;35:*.asf=01;35:*.rm=01;35:*.rmvb=01;35:*.flc=01;35:*.avi=01;35:*.fli=01;35:*.flv=01;35:*.gl=01;35:*.dl=01;35:*.xcf=01;35:*.xwd=01;35:*.yuv=01;35:*.cgm=01;35:*.emf=01;35:*.ogv=01;35:*.ogx=01;35:*.aac=00;36:*.au=00;36:*.flac=00;36:*.m4a=00;36:*.mid=00;36:*.midi=00;36:*.mka=00;36:*.mp3=00;36:*.mpc=00;36:*.ogg=00;36:*.ra=00;36:*.wav=00;36:*.oga=00;36:*.opus=00;36:*.spx=00;36:*.xspf=00;36:'), ('GNOME_TERMINAL_SERVICE', ':1.112'), ('SSH_AGENT_LAUNCHER', 'gnome-keyring'), ('SSH_AUTH_SOCK', '/run/user/1000/keyring/ssh'), ('AMENT_PREFIX_PATH', '/home/elizabeth/MREN203_Trover/install/trover_bringup:/home/elizabeth/MREN203_Trover/install/trover_state_estimation:/home/elizabeth/MREN203_Trover/install/trover_slam:/home/elizabeth/MREN203_Trover/install/trover_navigation:/home/elizabeth/MREN203_Trover/install/trover_drivers:/home/elizabeth/MREN203_Trover/install/trover_description:/home/elizabeth/MREN203_Trover/install/trover_communication:/opt/ros/humble'), ('SHELL', '/bin/bash'), ('QT_ACCESSIBILITY', '1'), ('GDMSESSION', 'ubuntu'), ('LESSCLOSE', '/usr/bin/lesspipe %s %s'), ('QT_IM_MODULE', 'ibus'), ('PWD', '/home/elizabeth/MREN203_Trover/build/trover_drivers'), ('LC_ALL', 'en_US.UTF-8'), ('XDG_CONFIG_DIRS', '/etc/xdg/xdg-ubuntu:/etc/xdg'), ('DBUS_STARTER_ADDRESS', 'unix:path=/run/user/1000/bus,guid=2dbf2237aac09be4dbc99ef269b8521b'), ('XDG_DATA_DIRS', '/usr/share/ubuntu:/usr/local/share/:/usr/share/:/var/lib/snapd/desktop'), ('PYTHONPATH', '/home/elizabeth/MREN203_Trover/install/trover_state_estimation/lib/python3.10/site-packages:/home/elizabeth/MREN203_Trover/install/trover_slam/lib/python3.10/site-packages:/home/elizabeth/MREN203_Trover/install/trover_navigation/lib/python3.10/site-packages:/home/elizabeth/MREN203_Trover/install/trover_communication/lib/python3.10/site-packages:/opt/ros/humble/lib/python3.10/site-packages:/opt/ros/humble/local/lib/python3.10/dist-packages'), ('COLCON', '1'), ('VTE_VERSION', '6800'), ('CMAKE_PREFIX_PATH', '/home/elizabeth/MREN203_Trover/install/trover_bringup:/home/elizabeth/MREN203_Trover/install/trover_drivers:/home/elizabeth/MREN203_Trover/install/trover_description:/home/elizabeth/MREN203_Trover/install/trover_state_estimation:/home/elizabeth/MREN203_Trover/install/trover_slam:/home/elizabeth/MREN203_Trover/install/trover_navigation:/home/elizabeth/MREN203_Trover/install/trover_communication:/opt/ros/humble')]), 'shell': False}
[5.875826] (-) TimerEvent: {}
[5.887924] (trover_communication) Command: {'cmd': ['/usr/bin/python3', '-W', 'ignore:setup.py install is deprecated', '-W', 'ignore:easy_install command is deprecated', 'setup.py', 'egg_info', '--egg-base', '../../build/trover_communication', 'build', '--build-base', '/home/elizabeth/MREN203_Trover/build/trover_communication/build', 'install', '--record', '/home/elizabeth/MREN203_Trover/build/trover_communication/install.log', '--single-version-externally-managed', 'install_data'], 'cwd': '/home/elizabeth/MREN203_Trover/src/trover_communication', 'env': {'LESSOPEN': '| /usr/bin/lesspipe %s', 'LANGUAGE': 'en_CA:en', 'USER': 'elizabeth', 'XDG_SESSION_TYPE': 'wayland', 'SHLVL': '1', 'LD_LIBRARY_PATH': '/usr/lib/x86_64-linux-gnu/gazebo-11/plugins:/opt/ros/humble/opt/rviz_ogre_vendor/lib:/opt/ros/humble/lib/x86_64-linux-gnu:/opt/ros/humble/lib', 'HOME': '/home/elizabeth', 'DESKTOP_SESSION': 'ubuntu', 'ROS_PYTHON_VERSION': '3', 'GNOME_SHELL_SESSION_MODE': 'ubuntu', 'GTK_MODULES': 'gail:atk-bridge', 'DBUS_STARTER_BUS_TYPE': 'session', 'SYSTEMD_EXEC_PID': '1257', 'DBUS_SESSION_BUS_ADDRESS': 'unix:path=/run/user/1000/bus,guid=2dbf2237aac09be4dbc99ef269b8521b', 'COLORTERM': 'truecolor', 'IM_CONFIG_PHASE': '1', 'WAYLAND_DISPLAY': 'wayland-0', 'COLCON_PREFIX_PATH': '/home/elizabeth/MREN203_Trover/install', 'ROS_DISTRO': 'humble', 'LOGNAME': 'elizabeth', '_': '/usr/bin/colcon', 'ROS_VERSION': '2', 'XDG_SESSION_CLASS': 'user', 'USERNAME': 'elizabeth', 'TERM': 'xterm-256color', 'GNOME_DESKTOP_SESSION_ID': 'this-is-deprecated', 'ROS_LOCALHOST_ONLY': '0', 'PATH': '/opt/ros/humble/bin:/usr/local/sbin:/usr/local/bin:/usr/sbin:/usr/bin:/sbin:/bin:/usr/games:/usr/local/games:/snap/bin:/snap/bin', 'SESSION_MANAGER': 'local/elizabeth-VirtualBox:@/tmp/.ICE-unix/1257,unix/elizabeth-VirtualBox:/tmp/.ICE-unix/1257', 'XDG_MENU_PREFIX': 'gnome-', 'GNOME_TERMINAL_SCREEN': '/org/gnome/Terminal/screen/96c42cd0_fe71_470b_8b03_ebc588a4676e', 'GNOME_SETUP_DISPLAY': ':1', 'XDG_RUNTIME_DIR': '/run/user/1000', 'DISPLAY': ':0', 'LANG': 'en_US.UTF-8', 'XDG_CURRENT_DESKTOP': 'ubuntu:GNOME', 'XMODIFIERS': '@im=ibus', 'XDG_SESSION_DESKTOP': 'ubuntu', 'XAUTHORITY': '/run/user/1000/.mutter-Xwaylandauth.UHXJM3', 'LS_COLORS': 'rs=0:di=01;34:ln=01;36:mh=00:pi=40;33:so=01;35:do=01;35:bd=40;33;01:cd=40;33;01:or=40;31;01:mi=00:su=37;41:sg=30;43:ca=30;41:tw=30;42:ow=34;42:st=37;44:ex=01;32:*.tar=01;31:*.tgz=01;31:*.arc=01;31:*.arj=01;31:*.taz=01;31:*.lha=01;31:*.lz4=01;31:*.lzh=01;31:*.lzma=01;31:*.tlz=01;31:*.txz=01;31:*.tzo=01;31:*.t7z=01;31:*.zip=01;31:*.z=01;31:*.dz=01;31:*.gz=01;31:*.lrz=01;31:*.lz=01;31:*.lzo=01;31:*.xz=01;31:*.zst=01;31:*.tzst=01;31:*.bz2=01;31:*.bz=01;31:*.tbz=01;31:*.tbz2=01;31:*.tz=01;31:*.deb=01;31:*.rpm=01;31:*.jar=01;31:*.war=01;31:*.ear=01;31:*.sar=01;31:*.rar=01;31:*.alz=01;31:*.ace=01;31:*.zoo=01;31:*.cpio=01;31:*.7z=01;31:*.rz=01;31:*.cab=01;31:*.wim=01;31:*.swm=01;31:*.dwm=01;31:*.esd=01;31:*.jpg=01;35:*.jpeg=01;35:*.mjpg=01;35:*.mjpeg=01;35:*.gif=01;35:*.bmp=01;35:*.pbm=01;35:*.pgm=01;35:*.ppm=01;35:*.tga=01;35:*.xbm=01;35:*.xpm=01;35:*.tif=01;35:*.tiff=01;35:*.png=01;35:*.svg=01;35:*.svgz=01;35:*.mng=01;35:*.pcx=01;35:*.mov=01;35:*.mpg=01;35:*.mpeg=01;35:*.m2v=01;35:*.mkv=01;35:*.webm=01;35:*.webp=01;35:*.ogm=01;35:*.mp4=01;35:*.m4v=01;35:*.mp4v=01;35:*.vob=01;35:*.qt=01;35:*.nuv=01;35:*.wmv=01;35:*.asf=01;35:*.rm=01;35:*.rmvb=01;35:*.flc=01;35:*.avi=01;35:*.fli=01;35:*.flv=01;35:*.gl=01;35:*.dl=01;35:*.xcf=01;35:*.xwd=01;35:*.yuv=01;35:*.cgm=01;35:*.emf=01;35:*.ogv=01;35:*.ogx=01;35:*.aac=00;36:*.au=00;36:*.flac=00;36:*.m4a=00;36:*.mid=00;36:*.midi=00;36:*.mka=00;36:*.mp3=00;36:*.mpc=00;36:*.ogg=00;36:*.ra=00;36:*.wav=00;36:*.oga=00;36:*.opus=00;36:*.spx=00;36:*.xspf=00;36:', 'GNOME_TERMINAL_SERVICE': ':1.112', 'SSH_AGENT_LAUNCHER': 'gnome-keyring', 'SSH_AUTH_SOCK': '/run/user/1000/keyring/ssh', 'AMENT_PREFIX_PATH': '/home/elizabeth/MREN203_Trover/install/trover_bringup:/home/elizabeth/MREN203_Trover/install/trover_state_estimation:/home/elizabeth/MREN203_Trover/install/trover_slam:/home/elizabeth/MREN203_Trover/install/trover_navigation:/home/elizabeth/MREN203_Trover/install/trover_drivers:/home/elizabeth/MREN203_Trover/install/trover_description:/home/elizabeth/MREN203_Trover/install/trover_communication:/opt/ros/humble', 'SHELL': '/bin/bash', 'QT_ACCESSIBILITY': '1', 'GDMSESSION': 'ubuntu', 'LESSCLOSE': '/usr/bin/lesspipe %s %s', 'QT_IM_MODULE': 'ibus', 'PWD': '/home/elizabeth/MREN203_Trover/build/trover_communication', 'LC_ALL': 'en_US.UTF-8', 'XDG_CONFIG_DIRS': '/etc/xdg/xdg-ubuntu:/etc/xdg', 'DBUS_STARTER_ADDRESS': 'unix:path=/run/user/1000/bus,guid=2dbf2237aac09be4dbc99ef269b8521b', 'XDG_DATA_DIRS': '/usr/share/ubuntu:/usr/local/share/:/usr/share/:/var/lib/snapd/desktop', 'PYTHONPATH': '/home/elizabeth/MREN203_Trover/build/trover_communication/prefix_override:/usr/lib/python3/dist-packages/colcon_core/task/python/colcon_distutils_commands:/home/elizabeth/MREN203_Trover/install/trover_communication/lib/python3.10/site-packages:/home/elizabeth/MREN203_Trover/install/trover_state_estimation/lib/python3.10/site-packages:/home/elizabeth/MREN203_Trover/install/trover_slam/lib/python3.10/site-packages:/home/elizabeth/MREN203_Trover/install/trover_navigation/lib/python3.10/site-packages:/home/elizabeth/MREN203_Trover/install/trover_communication/lib/python3.10/site-packages:/opt/ros/humble/lib/python3.10/site-packages:/opt/ros/humble/local/lib/python3.10/dist-packages', 'COLCON': '1', 'VTE_VERSION': '6800', 'CMAKE_PREFIX_PATH': '/home/elizabeth/MREN203_Trover/install/trover_bringup:/home/elizabeth/MREN203_Trover/install/trover_drivers:/home/elizabeth/MREN203_Trover/install/trover_description'}, 'shell': False}
[5.979876] (-) TimerEvent: {}
[6.067450] (trover_drivers) CommandEnded: {'returncode': 0}
[6.077670] (-) TimerEvent: {}
[6.081753] (trover_drivers) JobProgress: {'identifier': 'trover_drivers', 'progress': 'install'}
[6.081861] (trover_drivers) Command: {'cmd': ['/usr/bin/cmake', '--install', '/home/elizabeth/MREN203_Trover/build/trover_drivers'], 'cwd': '/home/elizabeth/MREN203_Trover/build/trover_drivers', 'env': OrderedDict([('LESSOPEN', '| /usr/bin/lesspipe %s'), ('LANGUAGE', 'en_CA:en'), ('USER', 'elizabeth'), ('XDG_SESSION_TYPE', 'wayland'), ('SHLVL', '1'), ('LD_LIBRARY_PATH', '/usr/lib/x86_64-linux-gnu/gazebo-11/plugins:/opt/ros/humble/opt/rviz_ogre_vendor/lib:/opt/ros/humble/lib/x86_64-linux-gnu:/opt/ros/humble/lib'), ('HOME', '/home/elizabeth'), ('DESKTOP_SESSION', 'ubuntu'), ('ROS_PYTHON_VERSION', '3'), ('GNOME_SHELL_SESSION_MODE', 'ubuntu'), ('GTK_MODULES', 'gail:atk-bridge'), ('DBUS_STARTER_BUS_TYPE', 'session'), ('SYSTEMD_EXEC_PID', '1257'), ('DBUS_SESSION_BUS_ADDRESS', 'unix:path=/run/user/1000/bus,guid=2dbf2237aac09be4dbc99ef269b8521b'), ('COLORTERM', 'truecolor'), ('IM_CONFIG_PHASE', '1'), ('WAYLAND_DISPLAY', 'wayland-0'), ('COLCON_PREFIX_PATH', '/home/elizabeth/MREN203_Trover/install'), ('ROS_DISTRO', 'humble'), ('LOGNAME', 'elizabeth'), ('_', '/usr/bin/colcon'), ('ROS_VERSION', '2'), ('XDG_SESSION_CLASS', 'user'), ('USERNAME', 'elizabeth'), ('TERM', 'xterm-256color'), ('GNOME_DESKTOP_SESSION_ID', 'this-is-deprecated'), ('ROS_LOCALHOST_ONLY', '0'), ('PATH', '/opt/ros/humble/bin:/usr/local/sbin:/usr/local/bin:/usr/sbin:/usr/bin:/sbin:/bin:/usr/games:/usr/local/games:/snap/bin:/snap/bin'), ('SESSION_MANAGER', 'local/elizabeth-VirtualBox:@/tmp/.ICE-unix/1257,unix/elizabeth-VirtualBox:/tmp/.ICE-unix/1257'), ('XDG_MENU_PREFIX', 'gnome-'), ('GNOME_TERMINAL_SCREEN', '/org/gnome/Terminal/screen/96c42cd0_fe71_470b_8b03_ebc588a4676e'), ('GNOME_SETUP_DISPLAY', ':1'), ('XDG_RUNTIME_DIR', '/run/user/1000'), ('DISPLAY', ':0'), ('LANG', 'en_US.UTF-8'), ('XDG_CURRENT_DESKTOP', 'ubuntu:GNOME'), ('XMODIFIERS', '@im=ibus'), ('XDG_SESSION_DESKTOP', 'ubuntu'), ('XAUTHORITY', '/run/user/1000/.mutter-Xwaylandauth.UHXJM3'), ('LS_COLORS', 'rs=0:di=01;34:ln=01;36:mh=00:pi=40;33:so=01;35:do=01;35:bd=40;33;01:cd=40;33;01:or=40;31;01:mi=00:su=37;41:sg=30;43:ca=30;41:tw=30;42:ow=34;42:st=37;44:ex=01;32:*.tar=01;31:*.tgz=01;31:*.arc=01;31:*.arj=01;31:*.taz=01;31:*.lha=01;31:*.lz4=01;31:*.lzh=01;31:*.lzma=01;31:*.tlz=01;31:*.txz=01;31:*.tzo=01;31:*.t7z=01;31:*.zip=01;31:*.z=01;31:*.dz=01;31:*.gz=01;31:*.lrz=01;31:*.lz=01;31:*.lzo=01;31:*.xz=01;31:*.zst=01;31:*.tzst=01;31:*.bz2=01;31:*.bz=01;31:*.tbz=01;31:*.tbz2=01;31:*.tz=01;31:*.deb=01;31:*.rpm=01;31:*.jar=01;31:*.war=01;31:*.ear=01;31:*.sar=01;31:*.rar=01;31:*.alz=01;31:*.ace=01;31:*.zoo=01;31:*.cpio=01;31:*.7z=01;31:*.rz=01;31:*.cab=01;31:*.wim=01;31:*.swm=01;31:*.dwm=01;31:*.esd=01;31:*.jpg=01;35:*.jpeg=01;35:*.mjpg=01;35:*.mjpeg=01;35:*.gif=01;35:*.bmp=01;35:*.pbm=01;35:*.pgm=01;35:*.ppm=01;35:*.tga=01;35:*.xbm=01;35:*.xpm=01;35:*.tif=01;35:*.tiff=01;35:*.png=01;35:*.svg=01;35:*.svgz=01;35:*.mng=01;35:*.pcx=01;35:*.mov=01;35:*.mpg=01;35:*.mpeg=01;35:*.m2v=01;35:*.mkv=01;35:*.webm=01;35:*.webp=01;35:*.ogm=01;35:*.mp4=01;35:*.m4v=01;35:*.mp4v=01;35:*.vob=01;35:*.qt=01;35:*.nuv=01;35:*.wmv=01;35:*.asf=01;35:*.rm=01;35:*.rmvb=01;35:*.flc=01;35:*.avi=01;35:*.fli=01;35:*.flv=01;35:*.gl=01;35:*.dl=01;35:*.xcf=01;35:*.xwd=01;35:*.yuv=01;35:*.cgm=01;35:*.emf=01;35:*.ogv=01;35:*.ogx=01;35:*.aac=00;36:*.au=00;36:*.flac=00;36:*.m4a=00;36:*.mid=00;36:*.midi=00;36:*.mka=00;36:*.mp3=00;36:*.mpc=00;36:*.ogg=00;36:*.ra=00;36:*.wav=00;36:*.oga=00;36:*.opus=00;36:*.spx=00;36:*.xspf=00;36:'), ('GNOME_TERMINAL_SERVICE', ':1.112'), ('SSH_AGENT_LAUNCHER', 'gnome-keyring'), ('SSH_AUTH_SOCK', '/run/user/1000/keyring/ssh'), ('AMENT_PREFIX_PATH', '/home/elizabeth/MREN203_Trover/install/trover_bringup:/home/elizabeth/MREN203_Trover/install/trover_state_estimation:/home/elizabeth/MREN203_Trover/install/trover_slam:/home/elizabeth/MREN203_Trover/install/trover_navigation:/home/elizabeth/MREN203_Trover/install/trover_drivers:/home/elizabeth/MREN203_Trover/install/trover_description:/home/elizabeth/MREN203_Trover/install/trover_communication:/opt/ros/humble'), ('SHELL', '/bin/bash'), ('QT_ACCESSIBILITY', '1'), ('GDMSESSION', 'ubuntu'), ('LESSCLOSE', '/usr/bin/lesspipe %s %s'), ('QT_IM_MODULE', 'ibus'), ('PWD', '/home/elizabeth/MREN203_Trover/build/trover_drivers'), ('LC_ALL', 'en_US.UTF-8'), ('XDG_CONFIG_DIRS', '/etc/xdg/xdg-ubuntu:/etc/xdg'), ('DBUS_STARTER_ADDRESS', 'unix:path=/run/user/1000/bus,guid=2dbf2237aac09be4dbc99ef269b8521b'), ('XDG_DATA_DIRS', '/usr/share/ubuntu:/usr/local/share/:/usr/share/:/var/lib/snapd/desktop'), ('PYTHONPATH', '/home/elizabeth/MREN203_Trover/install/trover_state_estimation/lib/python3.10/site-packages:/home/elizabeth/MREN203_Trover/install/trover_slam/lib/python3.10/site-packages:/home/elizabeth/MREN203_Trover/install/trover_navigation/lib/python3.10/site-packages:/home/elizabeth/MREN203_Trover/install/trover_communication/lib/python3.10/site-packages:/opt/ros/humble/lib/python3.10/site-packages:/opt/ros/humble/local/lib/python3.10/dist-packages'), ('COLCON', '1'), ('VTE_VERSION', '6800'), ('CMAKE_PREFIX_PATH', '/home/elizabeth/MREN203_Trover/install/trover_bringup:/home/elizabeth/MREN203_Trover/install/trover_drivers:/home/elizabeth/MREN203_Trover/install/trover_description:/home/elizabeth/MREN203_Trover/install/trover_state_estimation:/home/elizabeth/MREN203_Trover/install/trover_slam:/home/elizabeth/MREN203_Trover/install/trover_navigation:/home/elizabeth/MREN203_Trover/install/trover_communication:/opt/ros/humble')]), 'shell': False}
[6.128765] (trover_drivers) StdoutLine: {'line': b'-- Install configuration: ""\n'}
[6.129439] (trover_drivers) StdoutLine: {'line': b'-- Up-to-date: /home/elizabeth/MREN203_Trover/install/trover_drivers/share/ament_index/resource_index/package_run_dependencies/trover_drivers\n'}
[6.129550] (trover_drivers) StdoutLine: {'line': b'-- Up-to-date: /home/elizabeth/MREN203_Trover/install/trover_drivers/share/ament_index/resource_index/parent_prefix_path/trover_drivers\n'}
[6.129625] (trover_drivers) StdoutLine: {'line': b'-- Up-to-date: /home/elizabeth/MREN203_Trover/install/trover_drivers/share/trover_drivers/environment/ament_prefix_path.sh\n'}
[6.129697] (trover_drivers) StdoutLine: {'line': b'-- Up-to-date: /home/elizabeth/MREN203_Trover/install/trover_drivers/share/trover_drivers/environment/ament_prefix_path.dsv\n'}
[6.129768] (trover_drivers) StdoutLine: {'line': b'-- Up-to-date: /home/elizabeth/MREN203_Trover/install/trover_drivers/share/trover_drivers/environment/path.sh\n'}
[6.129839] (trover_drivers) StdoutLine: {'line': b'-- Up-to-date: /home/elizabeth/MREN203_Trover/install/trover_drivers/share/trover_drivers/environment/path.dsv\n'}
[6.129908] (trover_drivers) StdoutLine: {'line': b'-- Up-to-date: /home/elizabeth/MREN203_Trover/install/trover_drivers/share/trover_drivers/local_setup.bash\n'}
[6.129991] (trover_drivers) StdoutLine: {'line': b'-- Up-to-date: /home/elizabeth/MREN203_Trover/install/trover_drivers/share/trover_drivers/local_setup.sh\n'}
[6.130099] (trover_drivers) StdoutLine: {'line': b'-- Up-to-date: /home/elizabeth/MREN203_Trover/install/trover_drivers/share/trover_drivers/local_setup.zsh\n'}
[6.130203] (trover_drivers) StdoutLine: {'line': b'-- Up-to-date: /home/elizabeth/MREN203_Trover/install/trover_drivers/share/trover_drivers/local_setup.dsv\n'}
[6.130284] (trover_drivers) StdoutLine: {'line': b'-- Installing: /home/elizabeth/MREN203_Trover/install/trover_drivers/share/trover_drivers/package.dsv\n'}
[6.130924] (trover_drivers) StdoutLine: {'line': b'-- Up-to-date: /home/elizabeth/MREN203_Trover/install/trover_drivers/share/ament_index/resource_index/packages/trover_drivers\n'}
[6.131106] (trover_drivers) StdoutLine: {'line': b'-- Up-to-date: /home/elizabeth/MREN203_Trover/install/trover_drivers/share/trover_drivers/cmake/trover_driversConfig.cmake\n'}
[6.131214] (trover_drivers) StdoutLine: {'line': b'-- Up-to-date: /home/elizabeth/MREN203_Trover/install/trover_drivers/share/trover_drivers/cmake/trover_driversConfig-version.cmake\n'}
[6.131318] (trover_drivers) StdoutLine: {'line': b'-- Up-to-date: /home/elizabeth/MREN203_Trover/install/trover_drivers/share/trover_drivers/package.xml\n'}
[6.138940] (trover_drivers) CommandEnded: {'returncode': 0}
[6.182206] (-) TimerEvent: {}
[6.199399] (trover_drivers) JobEnded: {'identifier': 'trover_drivers', 'rc': 0}
[6.202306] (trover_bringup) JobStarted: {'identifier': 'trover_bringup'}
[6.252609] (trover_bringup) JobProgress: {'identifier': 'trover_bringup', 'progress': 'cmake'}
[6.530560] (-) TimerEvent: {}
[6.549047] (trover_bringup) JobProgress: {'identifier': 'trover_bringup', 'progress': 'build'}
[6.549171] (trover_bringup) Command: {'cmd': ['/usr/bin/cmake', '--build', '/home/elizabeth/MREN203_Trover/build/trover_bringup', '--', '-j2', '-l2'], 'cwd': '/home/elizabeth/MREN203_Trover/build/trover_bringup', 'env': OrderedDict([('LESSOPEN', '| /usr/bin/lesspipe %s'), ('LANGUAGE', 'en_CA:en'), ('USER', 'elizabeth'), ('XDG_SESSION_TYPE', 'wayland'), ('SHLVL', '1'), ('LD_LIBRARY_PATH', '/usr/lib/x86_64-linux-gnu/gazebo-11/plugins:/opt/ros/humble/opt/rviz_ogre_vendor/lib:/opt/ros/humble/lib/x86_64-linux-gnu:/opt/ros/humble/lib'), ('HOME', '/home/elizabeth'), ('DESKTOP_SESSION', 'ubuntu'), ('ROS_PYTHON_VERSION', '3'), ('GNOME_SHELL_SESSION_MODE', 'ubuntu'), ('GTK_MODULES', 'gail:atk-bridge'), ('DBUS_STARTER_BUS_TYPE', 'session'), ('SYSTEMD_EXEC_PID', '1257'), ('DBUS_SESSION_BUS_ADDRESS', 'unix:path=/run/user/1000/bus,guid=2dbf2237aac09be4dbc99ef269b8521b'), ('COLORTERM', 'truecolor'), ('IM_CONFIG_PHASE', '1'), ('WAYLAND_DISPLAY', 'wayland-0'), ('COLCON_PREFIX_PATH', '/home/elizabeth/MREN203_Trover/install'), ('ROS_DISTRO', 'humble'), ('LOGNAME', 'elizabeth'), ('_', '/usr/bin/colcon'), ('ROS_VERSION', '2'), ('XDG_SESSION_CLASS', 'user'), ('USERNAME', 'elizabeth'), ('TERM', 'xterm-256color'), ('GNOME_DESKTOP_SESSION_ID', 'this-is-deprecated'), ('ROS_LOCALHOST_ONLY', '0'), ('PATH', '/opt/ros/humble/bin:/usr/local/sbin:/usr/local/bin:/usr/sbin:/usr/bin:/sbin:/bin:/usr/games:/usr/local/games:/snap/bin:/snap/bin'), ('SESSION_MANAGER', 'local/elizabeth-VirtualBox:@/tmp/.ICE-unix/1257,unix/elizabeth-VirtualBox:/tmp/.ICE-unix/1257'), ('XDG_MENU_PREFIX', 'gnome-'), ('GNOME_TERMINAL_SCREEN', '/org/gnome/Terminal/screen/96c42cd0_fe71_470b_8b03_ebc588a4676e'), ('GNOME_SETUP_DISPLAY', ':1'), ('XDG_RUNTIME_DIR', '/run/user/1000'), ('DISPLAY', ':0'), ('LANG', 'en_US.UTF-8'), ('XDG_CURRENT_DESKTOP', 'ubuntu:GNOME'), ('XMODIFIERS', '@im=ibus'), ('XDG_SESSION_DESKTOP', 'ubuntu'), ('XAUTHORITY', '/run/user/1000/.mutter-Xwaylandauth.UHXJM3'), ('LS_COLORS', 'rs=0:di=01;34:ln=01;36:mh=00:pi=40;33:so=01;35:do=01;35:bd=40;33;01:cd=40;33;01:or=40;31;01:mi=00:su=37;41:sg=30;43:ca=30;41:tw=30;42:ow=34;42:st=37;44:ex=01;32:*.tar=01;31:*.tgz=01;31:*.arc=01;31:*.arj=01;31:*.taz=01;31:*.lha=01;31:*.lz4=01;31:*.lzh=01;31:*.lzma=01;31:*.tlz=01;31:*.txz=01;31:*.tzo=01;31:*.t7z=01;31:*.zip=01;31:*.z=01;31:*.dz=01;31:*.gz=01;31:*.lrz=01;31:*.lz=01;31:*.lzo=01;31:*.xz=01;31:*.zst=01;31:*.tzst=01;31:*.bz2=01;31:*.bz=01;31:*.tbz=01;31:*.tbz2=01;31:*.tz=01;31:*.deb=01;31:*.rpm=01;31:*.jar=01;31:*.war=01;31:*.ear=01;31:*.sar=01;31:*.rar=01;31:*.alz=01;31:*.ace=01;31:*.zoo=01;31:*.cpio=01;31:*.7z=01;31:*.rz=01;31:*.cab=01;31:*.wim=01;31:*.swm=01;31:*.dwm=01;31:*.esd=01;31:*.jpg=01;35:*.jpeg=01;35:*.mjpg=01;35:*.mjpeg=01;35:*.gif=01;35:*.bmp=01;35:*.pbm=01;35:*.pgm=01;35:*.ppm=01;35:*.tga=01;35:*.xbm=01;35:*.xpm=01;35:*.tif=01;35:*.tiff=01;35:*.png=01;35:*.svg=01;35:*.svgz=01;35:*.mng=01;35:*.pcx=01;35:*.mov=01;35:*.mpg=01;35:*.mpeg=01;35:*.m2v=01;35:*.mkv=01;35:*.webm=01;35:*.webp=01;35:*.ogm=01;35:*.mp4=01;35:*.m4v=01;35:*.mp4v=01;35:*.vob=01;35:*.qt=01;35:*.nuv=01;35:*.wmv=01;35:*.asf=01;35:*.rm=01;35:*.rmvb=01;35:*.flc=01;35:*.avi=01;35:*.fli=01;35:*.flv=01;35:*.gl=01;35:*.dl=01;35:*.xcf=01;35:*.xwd=01;35:*.yuv=01;35:*.cgm=01;35:*.emf=01;35:*.ogv=01;35:*.ogx=01;35:*.aac=00;36:*.au=00;36:*.flac=00;36:*.m4a=00;36:*.mid=00;36:*.midi=00;36:*.mka=00;36:*.mp3=00;36:*.mpc=00;36:*.ogg=00;36:*.ra=00;36:*.wav=00;36:*.oga=00;36:*.opus=00;36:*.spx=00;36:*.xspf=00;36:'), ('GNOME_TERMINAL_SERVICE', ':1.112'), ('SSH_AGENT_LAUNCHER', 'gnome-keyring'), ('SSH_AUTH_SOCK', '/run/user/1000/keyring/ssh'), ('AMENT_PREFIX_PATH', '/home/elizabeth/MREN203_Trover/install/trover_state_estimation:/home/elizabeth/MREN203_Trover/install/trover_slam:/home/elizabeth/MREN203_Trover/install/trover_navigation:/home/elizabeth/MREN203_Trover/install/trover_bringup:/home/elizabeth/MREN203_Trover/install/trover_drivers:/home/elizabeth/MREN203_Trover/install/trover_description:/home/elizabeth/MREN203_Trover/install/trover_communication:/opt/ros/humble'), ('SHELL', '/bin/bash'), ('QT_ACCESSIBILITY', '1'), ('GDMSESSION', 'ubuntu'), ('LESSCLOSE', '/usr/bin/lesspipe %s %s'), ('QT_IM_MODULE', 'ibus'), ('PWD', '/home/elizabeth/MREN203_Trover/build/trover_bringup'), ('LC_ALL', 'en_US.UTF-8'), ('XDG_CONFIG_DIRS', '/etc/xdg/xdg-ubuntu:/etc/xdg'), ('DBUS_STARTER_ADDRESS', 'unix:path=/run/user/1000/bus,guid=2dbf2237aac09be4dbc99ef269b8521b'), ('XDG_DATA_DIRS', '/usr/share/ubuntu:/usr/local/share/:/usr/share/:/var/lib/snapd/desktop'), ('PYTHONPATH', '/home/elizabeth/MREN203_Trover/install/trover_state_estimation/lib/python3.10/site-packages:/home/elizabeth/MREN203_Trover/install/trover_slam/lib/python3.10/site-packages:/home/elizabeth/MREN203_Trover/install/trover_navigation/lib/python3.10/site-packages:/home/elizabeth/MREN203_Trover/install/trover_communication/lib/python3.10/site-packages:/opt/ros/humble/lib/python3.10/site-packages:/opt/ros/humble/local/lib/python3.10/dist-packages'), ('COLCON', '1'), ('VTE_VERSION', '6800'), ('CMAKE_PREFIX_PATH', '/home/elizabeth/MREN203_Trover/install/trover_description:/home/elizabeth/MREN203_Trover/install/trover_bringup:/home/elizabeth/MREN203_Trover/install/trover_drivers:/home/elizabeth/MREN203_Trover/install/trover_state_estimation:/home/elizabeth/MREN203_Trover/install/trover_slam:/home/elizabeth/MREN203_Trover/install/trover_navigation:/home/elizabeth/MREN203_Trover/install/trover_communication:/opt/ros/humble')]), 'shell': False}
[6.561005] (trover_communication) StdoutLine: {'line': b'running egg_info\n'}
[6.561545] (trover_communication) StdoutLine: {'line': b'writing ../../build/trover_communication/trover_communication.egg-info/PKG-INFO\n'}
[6.561683] (trover_communication) StdoutLine: {'line': b'writing dependency_links to ../../build/trover_communication/trover_communication.egg-info/dependency_links.txt\n'}
[6.561779] (trover_communication) StdoutLine: {'line': b'writing entry points to ../../build/trover_communication/trover_communication.egg-info/entry_points.txt\n'}
[6.561870] (trover_communication) StdoutLine: {'line': b'writing requirements to ../../build/trover_communication/trover_communication.egg-info/requires.txt\n'}
[6.561959] (trover_communication) StdoutLine: {'line': b'writing top-level names to ../../build/trover_communication/trover_communication.egg-info/top_level.txt\n'}
[6.603200] (trover_communication) StdoutLine: {'line': b"reading manifest file '../../build/trover_communication/trover_communication.egg-info/SOURCES.txt'\n"}
[6.612706] (trover_communication) StdoutLine: {'line': b"writing manifest file '../../build/trover_communication/trover_communication.egg-info/SOURCES.txt'\n"}
[6.619130] (trover_communication) StdoutLine: {'line': b'running build\n'}
[6.622715] (trover_communication) StdoutLine: {'line': b'running build_py\n'}
[6.625258] (trover_communication) StdoutLine: {'line': b'running install\n'}
[6.633335] (-) TimerEvent: {}
[6.637077] (trover_communication) StdoutLine: {'line': b'running install_lib\n'}
[6.662253] (trover_communication) StdoutLine: {'line': b'running install_data\n'}
[6.681260] (trover_communication) StdoutLine: {'line': b'running install_egg_info\n'}
[6.708611] (trover_communication) StdoutLine: {'line': b"removing '/home/elizabeth/MREN203_Trover/install/trover_communication/lib/python3.10/site-packages/trover_communication-0.0.0-py3.10.egg-info' (and everything under it)\n"}
[6.708888] (trover_communication) StdoutLine: {'line': b'Copying ../../build/trover_communication/trover_communication.egg-info to /home/elizabeth/MREN203_Trover/install/trover_communication/lib/python3.10/site-packages/trover_communication-0.0.0-py3.10.egg-info\n'}
[6.708975] (trover_communication) StdoutLine: {'line': b'running install_scripts\n'}
[6.735988] (-) TimerEvent: {}
[6.782344] (trover_communication) StdoutLine: {'line': b'Installing trover_serial_comm script to /home/elizabeth/MREN203_Trover/install/trover_communication/lib/trover_communication\n'}
[6.785817] (trover_communication) StdoutLine: {'line': b"writing list of installed files to '/home/elizabeth/MREN203_Trover/build/trover_communication/install.log'\n"}
[6.818978] (trover_bringup) CommandEnded: {'returncode': 0}
[6.820571] (trover_bringup) JobProgress: {'identifier': 'trover_bringup', 'progress': 'install'}
[6.821010] (trover_bringup) Command: {'cmd': ['/usr/bin/cmake', '--install', '/home/elizabeth/MREN203_Trover/build/trover_bringup'], 'cwd': '/home/elizabeth/MREN203_Trover/build/trover_bringup', 'env': OrderedDict([('LESSOPEN', '| /usr/bin/lesspipe %s'), ('LANGUAGE', 'en_CA:en'), ('USER', 'elizabeth'), ('XDG_SESSION_TYPE', 'wayland'), ('SHLVL', '1'), ('LD_LIBRARY_PATH', '/usr/lib/x86_64-linux-gnu/gazebo-11/plugins:/opt/ros/humble/opt/rviz_ogre_vendor/lib:/opt/ros/humble/lib/x86_64-linux-gnu:/opt/ros/humble/lib'), ('HOME', '/home/elizabeth'), ('DESKTOP_SESSION', 'ubuntu'), ('ROS_PYTHON_VERSION', '3'), ('GNOME_SHELL_SESSION_MODE', 'ubuntu'), ('GTK_MODULES', 'gail:atk-bridge'), ('DBUS_STARTER_BUS_TYPE', 'session'), ('SYSTEMD_EXEC_PID', '1257'), ('DBUS_SESSION_BUS_ADDRESS', 'unix:path=/run/user/1000/bus,guid=2dbf2237aac09be4dbc99ef269b8521b'), ('COLORTERM', 'truecolor'), ('IM_CONFIG_PHASE', '1'), ('WAYLAND_DISPLAY', 'wayland-0'), ('COLCON_PREFIX_PATH', '/home/elizabeth/MREN203_Trover/install'), ('ROS_DISTRO', 'humble'), ('LOGNAME', 'elizabeth'), ('_', '/usr/bin/colcon'), ('ROS_VERSION', '2'), ('XDG_SESSION_CLASS', 'user'), ('USERNAME', 'elizabeth'), ('TERM', 'xterm-256color'), ('GNOME_DESKTOP_SESSION_ID', 'this-is-deprecated'), ('ROS_LOCALHOST_ONLY', '0'), ('PATH', '/opt/ros/humble/bin:/usr/local/sbin:/usr/local/bin:/usr/sbin:/usr/bin:/sbin:/bin:/usr/games:/usr/local/games:/snap/bin:/snap/bin'), ('SESSION_MANAGER', 'local/elizabeth-VirtualBox:@/tmp/.ICE-unix/1257,unix/elizabeth-VirtualBox:/tmp/.ICE-unix/1257'), ('XDG_MENU_PREFIX', 'gnome-'), ('GNOME_TERMINAL_SCREEN', '/org/gnome/Terminal/screen/96c42cd0_fe71_470b_8b03_ebc588a4676e'), ('GNOME_SETUP_DISPLAY', ':1'), ('XDG_RUNTIME_DIR', '/run/user/1000'), ('DISPLAY', ':0'), ('LANG', 'en_US.UTF-8'), ('XDG_CURRENT_DESKTOP', 'ubuntu:GNOME'), ('XMODIFIERS', '@im=ibus'), ('XDG_SESSION_DESKTOP', 'ubuntu'), ('XAUTHORITY', '/run/user/1000/.mutter-Xwaylandauth.UHXJM3'), ('LS_COLORS', 'rs=0:di=01;34:ln=01;36:mh=00:pi=40;33:so=01;35:do=01;35:bd=40;33;01:cd=40;33;01:or=40;31;01:mi=00:su=37;41:sg=30;43:ca=30;41:tw=30;42:ow=34;42:st=37;44:ex=01;32:*.tar=01;31:*.tgz=01;31:*.arc=01;31:*.arj=01;31:*.taz=01;31:*.lha=01;31:*.lz4=01;31:*.lzh=01;31:*.lzma=01;31:*.tlz=01;31:*.txz=01;31:*.tzo=01;31:*.t7z=01;31:*.zip=01;31:*.z=01;31:*.dz=01;31:*.gz=01;31:*.lrz=01;31:*.lz=01;31:*.lzo=01;31:*.xz=01;31:*.zst=01;31:*.tzst=01;31:*.bz2=01;31:*.bz=01;31:*.tbz=01;31:*.tbz2=01;31:*.tz=01;31:*.deb=01;31:*.rpm=01;31:*.jar=01;31:*.war=01;31:*.ear=01;31:*.sar=01;31:*.rar=01;31:*.alz=01;31:*.ace=01;31:*.zoo=01;31:*.cpio=01;31:*.7z=01;31:*.rz=01;31:*.cab=01;31:*.wim=01;31:*.swm=01;31:*.dwm=01;31:*.esd=01;31:*.jpg=01;35:*.jpeg=01;35:*.mjpg=01;35:*.mjpeg=01;35:*.gif=01;35:*.bmp=01;35:*.pbm=01;35:*.pgm=01;35:*.ppm=01;35:*.tga=01;35:*.xbm=01;35:*.xpm=01;35:*.tif=01;35:*.tiff=01;35:*.png=01;35:*.svg=01;35:*.svgz=01;35:*.mng=01;35:*.pcx=01;35:*.mov=01;35:*.mpg=01;35:*.mpeg=01;35:*.m2v=01;35:*.mkv=01;35:*.webm=01;35:*.webp=01;35:*.ogm=01;35:*.mp4=01;35:*.m4v=01;35:*.mp4v=01;35:*.vob=01;35:*.qt=01;35:*.nuv=01;35:*.wmv=01;35:*.asf=01;35:*.rm=01;35:*.rmvb=01;35:*.flc=01;35:*.avi=01;35:*.fli=01;35:*.flv=01;35:*.gl=01;35:*.dl=01;35:*.xcf=01;35:*.xwd=01;35:*.yuv=01;35:*.cgm=01;35:*.emf=01;35:*.ogv=01;35:*.ogx=01;35:*.aac=00;36:*.au=00;36:*.flac=00;36:*.m4a=00;36:*.mid=00;36:*.midi=00;36:*.mka=00;36:*.mp3=00;36:*.mpc=00;36:*.ogg=00;36:*.ra=00;36:*.wav=00;36:*.oga=00;36:*.opus=00;36:*.spx=00;36:*.xspf=00;36:'), ('GNOME_TERMINAL_SERVICE', ':1.112'), ('SSH_AGENT_LAUNCHER', 'gnome-keyring'), ('SSH_AUTH_SOCK', '/run/user/1000/keyring/ssh'), ('AMENT_PREFIX_PATH', '/home/elizabeth/MREN203_Trover/install/trover_state_estimation:/home/elizabeth/MREN203_Trover/install/trover_slam:/home/elizabeth/MREN203_Trover/install/trover_navigation:/home/elizabeth/MREN203_Trover/install/trover_bringup:/home/elizabeth/MREN203_Trover/install/trover_drivers:/home/elizabeth/MREN203_Trover/install/trover_description:/home/elizabeth/MREN203_Trover/install/trover_communication:/opt/ros/humble'), ('SHELL', '/bin/bash'), ('QT_ACCESSIBILITY', '1'), ('GDMSESSION', 'ubuntu'), ('LESSCLOSE', '/usr/bin/lesspipe %s %s'), ('QT_IM_MODULE', 'ibus'), ('PWD', '/home/elizabeth/MREN203_Trover/build/trover_bringup'), ('LC_ALL', 'en_US.UTF-8'), ('XDG_CONFIG_DIRS', '/etc/xdg/xdg-ubuntu:/etc/xdg'), ('DBUS_STARTER_ADDRESS', 'unix:path=/run/user/1000/bus,guid=2dbf2237aac09be4dbc99ef269b8521b'), ('XDG_DATA_DIRS', '/usr/share/ubuntu:/usr/local/share/:/usr/share/:/var/lib/snapd/desktop'), ('PYTHONPATH', '/home/elizabeth/MREN203_Trover/install/trover_state_estimation/lib/python3.10/site-packages:/home/elizabeth/MREN203_Trover/install/trover_slam/lib/python3.10/site-packages:/home/elizabeth/MREN203_Trover/install/trover_navigation/lib/python3.10/site-packages:/home/elizabeth/MREN203_Trover/install/trover_communication/lib/python3.10/site-packages:/opt/ros/humble/lib/python3.10/site-packages:/opt/ros/humble/local/lib/python3.10/dist-packages'), ('COLCON', '1'), ('VTE_VERSION', '6800'), ('CMAKE_PREFIX_PATH', '/home/elizabeth/MREN203_Trover/install/trover_description:/home/elizabeth/MREN203_Trover/install/trover_bringup:/home/elizabeth/MREN203_Trover/install/trover_drivers:/home/elizabeth/MREN203_Trover/install/trover_state_estimation:/home/elizabeth/MREN203_Trover/install/trover_slam:/home/elizabeth/MREN203_Trover/install/trover_navigation:/home/elizabeth/MREN203_Trover/install/trover_communication:/opt/ros/humble')]), 'shell': False}
[6.839381] (-) TimerEvent: {}
[6.862071] (trover_bringup) StdoutLine: {'line': b'-- Install configuration: ""\n'}
[6.863137] (trover_bringup) StdoutLine: {'line': b'-- Up-to-date: /home/elizabeth/MREN203_Trover/install/trover_bringup/share/trover_bringup//launch\n'}
[6.863896] (trover_bringup) StdoutLine: {'line': b'-- Up-to-date: /home/elizabeth/MREN203_Trover/install/trover_bringup/share/trover_bringup//launch/simulated_robot.launch.py\n'}
[6.864242] (trover_bringup) StdoutLine: {'line': b'-- Up-to-date: /home/elizabeth/MREN203_Trover/install/trover_bringup/share/trover_bringup//launch/no_gazebo.launch.py\n'}
[6.864674] (trover_bringup) StdoutLine: {'line': b'-- Up-to-date: /home/elizabeth/MREN203_Trover/install/trover_bringup/share/trover_bringup//launch/real_robot.launch.py\n'}
[6.864864] (trover_bringup) StdoutLine: {'line': b'-- Up-to-date: /home/elizabeth/MREN203_Trover/install/trover_bringup/share/ament_index/resource_index/package_run_dependencies/trover_bringup\n'}
[6.865252] (trover_bringup) StdoutLine: {'line': b'-- Up-to-date: /home/elizabeth/MREN203_Trover/install/trover_bringup/share/ament_index/resource_index/parent_prefix_path/trover_bringup\n'}
[6.865653] (trover_bringup) StdoutLine: {'line': b'-- Up-to-date: /home/elizabeth/MREN203_Trover/install/trover_bringup/share/trover_bringup/environment/ament_prefix_path.sh\n'}
[6.865833] (trover_bringup) StdoutLine: {'line': b'-- Up-to-date: /home/elizabeth/MREN203_Trover/install/trover_bringup/share/trover_bringup/environment/ament_prefix_path.dsv\n'}
[6.866226] (trover_bringup) StdoutLine: {'line': b'-- Up-to-date: /home/elizabeth/MREN203_Trover/install/trover_bringup/share/trover_bringup/environment/path.sh\n'}
[6.866412] (trover_bringup) StdoutLine: {'line': b'-- Up-to-date: /home/elizabeth/MREN203_Trover/install/trover_bringup/share/trover_bringup/environment/path.dsv\n'}
[6.866719] (trover_bringup) StdoutLine: {'line': b'-- Up-to-date: /home/elizabeth/MREN203_Trover/install/trover_bringup/share/trover_bringup/local_setup.bash\n'}
[6.867294] (trover_bringup) StdoutLine: {'line': b'-- Up-to-date: /home/elizabeth/MREN203_Trover/install/trover_bringup/share/trover_bringup/local_setup.sh\n'}
[6.867668] (trover_bringup) StdoutLine: {'line': b'-- Up-to-date: /home/elizabeth/MREN203_Trover/install/trover_bringup/share/trover_bringup/local_setup.zsh\n'}
[6.868001] (trover_bringup) StdoutLine: {'line': b'-- Up-to-date: /home/elizabeth/MREN203_Trover/install/trover_bringup/share/trover_bringup/local_setup.dsv\n'}
[6.868749] (trover_bringup) StdoutLine: {'line': b'-- Installing: /home/elizabeth/MREN203_Trover/install/trover_bringup/share/trover_bringup/package.dsv\n'}
[6.868978] (trover_bringup) StdoutLine: {'line': b'-- Up-to-date: /home/elizabeth/MREN203_Trover/install/trover_bringup/share/ament_index/resource_index/packages/trover_bringup\n'}
[6.878521] (trover_communication) CommandEnded: {'returncode': 0}
[6.879148] (trover_bringup) StdoutLine: {'line': b'-- Up-to-date: /home/elizabeth/MREN203_Trover/install/trover_bringup/share/trover_bringup/cmake/trover_bringupConfig.cmake\n'}
[6.879363] (trover_bringup) StdoutLine: {'line': b'-- Up-to-date: /home/elizabeth/MREN203_Trover/install/trover_bringup/share/trover_bringup/cmake/trover_bringupConfig-version.cmake\n'}
[6.879465] (trover_bringup) StdoutLine: {'line': b'-- Up-to-date: /home/elizabeth/MREN203_Trover/install/trover_bringup/share/trover_bringup/package.xml\n'}
[6.916433] (trover_communication) JobEnded: {'identifier': 'trover_communication', 'rc': 0}
[6.923428] (trover_bringup) CommandEnded: {'returncode': 0}
[6.944882] (-) TimerEvent: {}
[7.008522] (trover_bringup) JobEnded: {'identifier': 'trover_bringup', 'rc': 0}
[7.015970] (-) EventReactorShutdown: {}
