[0.000000] (-) TimerEvent: {}
[0.001858] (trover_communication) JobQueued: {'identifier': 'trover_communication', 'dependencies': OrderedDict()}
[0.005178] (trover_description) JobQueued: {'identifier': 'trover_description', 'dependencies': OrderedDict()}
[0.005366] (trover_drivers) JobQueued: {'identifier': 'trover_drivers', 'dependencies': OrderedDict()}
[0.005403] (trover_navigation) JobQueued: {'identifier': 'trover_navigation', 'dependencies': OrderedDict()}
[0.005428] (trover_slam) JobQueued: {'identifier': 'trover_slam', 'dependencies': OrderedDict()}
[0.005451] (trover_state_estimation) JobQueued: {'identifier': 'trover_state_estimation', 'dependencies': OrderedDict()}
[0.005474] (trover_bringup) JobQueued: {'identifier': 'trover_bringup', 'dependencies': OrderedDict([('trover_description', '/home/elizabeth/MREN203_Trover/install/trover_description'), ('trover_navigation', '/home/elizabeth/MREN203_Trover/install/trover_navigation'), ('trover_slam', '/home/elizabeth/MREN203_Trover/install/trover_slam'), ('trover_state_estimation', '/home/elizabeth/MREN203_Trover/install/trover_state_estimation')])}
[0.005513] (trover_description) JobStarted: {'identifier': 'trover_description'}
[0.081550] (trover_navigation) JobStarted: {'identifier': 'trover_navigation'}
[0.093722] (-) TimerEvent: {}
[0.141013] (trover_description) JobProgress: {'identifier': 'trover_description', 'progress': 'cmake'}
[0.151347] (trover_description) JobProgress: {'identifier': 'trover_description', 'progress': 'build'}
[0.155287] (trover_description) Command: {'cmd': ['/usr/bin/cmake', '--build', '/home/elizabeth/MREN203_Trover/build/trover_description', '--', '-j2', '-l2'], 'cwd': '/home/elizabeth/MREN203_Trover/build/trover_description', 'env': OrderedDict([('LESSOPEN', '| /usr/bin/lesspipe %s'), ('LANGUAGE', 'en_CA:en'), ('USER', 'elizabeth'), ('XDG_SESSION_TYPE', 'wayland'), ('SHLVL', '1'), ('LD_LIBRARY_PATH', '/usr/lib/x86_64-linux-gnu/gazebo-11/plugins:/opt/ros/humble/opt/rviz_ogre_vendor/lib:/opt/ros/humble/lib/x86_64-linux-gnu:/opt/ros/humble/lib'), ('HOME', '/home/elizabeth'), ('DESKTOP_SESSION', 'ubuntu'), ('ROS_PYTHON_VERSION', '3'), ('GNOME_SHELL_SESSION_MODE', 'ubuntu'), ('GTK_MODULES', 'gail:atk-bridge'), ('DBUS_STARTER_BUS_TYPE', 'session'), ('SYSTEMD_EXEC_PID', '1257'), ('DBUS_SESSION_BUS_ADDRESS', 'unix:path=/run/user/1000/bus,guid=2dbf2237aac09be4dbc99ef269b8521b'), ('COLORTERM', 'truecolor'), ('IM_CONFIG_PHASE', '1'), ('WAYLAND_DISPLAY', 'wayland-0'), ('COLCON_PREFIX_PATH', '/home/elizabeth/MREN203_Trover/install'), ('ROS_DISTRO', 'humble'), ('LOGNAME', 'elizabeth'), ('_', '/usr/bin/colcon'), ('ROS_VERSION', '2'), ('XDG_SESSION_CLASS', 'user'), ('USERNAME', 'elizabeth'), ('TERM', 'xterm-256color'), ('GNOME_DESKTOP_SESSION_ID', 'this-is-deprecated'), ('ROS_LOCALHOST_ONLY', '0'), ('PATH', '/opt/ros/humble/bin:/usr/local/sbin:/usr/local/bin:/usr/sbin:/usr/bin:/sbin:/bin:/usr/games:/usr/local/games:/snap/bin:/snap/bin'), ('SESSION_MANAGER', 'local/elizabeth-VirtualBox:@/tmp/.ICE-unix/1257,unix/elizabeth-VirtualBox:/tmp/.ICE-unix/1257'), ('XDG_MENU_PREFIX', 'gnome-'), ('GNOME_TERMINAL_SCREEN', '/org/gnome/Terminal/screen/96c42cd0_fe71_470b_8b03_ebc588a4676e'), ('GNOME_SETUP_DISPLAY', ':1'), ('XDG_RUNTIME_DIR', '/run/user/1000'), ('DISPLAY', ':0'), ('LANG', 'en_US.UTF-8'), ('XDG_CURRENT_DESKTOP', 'ubuntu:GNOME'), ('XMODIFIERS', '@im=ibus'), ('XDG_SESSION_DESKTOP', 'ubuntu'), ('XAUTHORITY', '/run/user/1000/.mutter-Xwaylandauth.UHXJM3'), ('LS_COLORS', 'rs=0:di=01;34:ln=01;36:mh=00:pi=40;33:so=01;35:do=01;35:bd=40;33;01:cd=40;33;01:or=40;31;01:mi=00:su=37;41:sg=30;43:ca=30;41:tw=30;42:ow=34;42:st=37;44:ex=01;32:*.tar=01;31:*.tgz=01;31:*.arc=01;31:*.arj=01;31:*.taz=01;31:*.lha=01;31:*.lz4=01;31:*.lzh=01;31:*.lzma=01;31:*.tlz=01;31:*.txz=01;31:*.tzo=01;31:*.t7z=01;31:*.zip=01;31:*.z=01;31:*.dz=01;31:*.gz=01;31:*.lrz=01;31:*.lz=01;31:*.lzo=01;31:*.xz=01;31:*.zst=01;31:*.tzst=01;31:*.bz2=01;31:*.bz=01;31:*.tbz=01;31:*.tbz2=01;31:*.tz=01;31:*.deb=01;31:*.rpm=01;31:*.jar=01;31:*.war=01;31:*.ear=01;31:*.sar=01;31:*.rar=01;31:*.alz=01;31:*.ace=01;31:*.zoo=01;31:*.cpio=01;31:*.7z=01;31:*.rz=01;31:*.cab=01;31:*.wim=01;31:*.swm=01;31:*.dwm=01;31:*.esd=01;31:*.jpg=01;35:*.jpeg=01;35:*.mjpg=01;35:*.mjpeg=01;35:*.gif=01;35:*.bmp=01;35:*.pbm=01;35:*.pgm=01;35:*.ppm=01;35:*.tga=01;35:*.xbm=01;35:*.xpm=01;35:*.tif=01;35:*.tiff=01;35:*.png=01;35:*.svg=01;35:*.svgz=01;35:*.mng=01;35:*.pcx=01;35:*.mov=01;35:*.mpg=01;35:*.mpeg=01;35:*.m2v=01;35:*.mkv=01;35:*.webm=01;35:*.webp=01;35:*.ogm=01;35:*.mp4=01;35:*.m4v=01;35:*.mp4v=01;35:*.vob=01;35:*.qt=01;35:*.nuv=01;35:*.wmv=01;35:*.asf=01;35:*.rm=01;35:*.rmvb=01;35:*.flc=01;35:*.avi=01;35:*.fli=01;35:*.flv=01;35:*.gl=01;35:*.dl=01;35:*.xcf=01;35:*.xwd=01;35:*.yuv=01;35:*.cgm=01;35:*.emf=01;35:*.ogv=01;35:*.ogx=01;35:*.aac=00;36:*.au=00;36:*.flac=00;36:*.m4a=00;36:*.mid=00;36:*.midi=00;36:*.mka=00;36:*.mp3=00;36:*.mpc=00;36:*.ogg=00;36:*.ra=00;36:*.wav=00;36:*.oga=00;36:*.opus=00;36:*.spx=00;36:*.xspf=00;36:'), ('GNOME_TERMINAL_SERVICE', ':1.112'), ('SSH_AGENT_LAUNCHER', 'gnome-keyring'), ('SSH_AUTH_SOCK', '/run/user/1000/keyring/ssh'), ('AMENT_PREFIX_PATH', '/home/elizabeth/MREN203_Trover/install/trover_bringup:/home/elizabeth/MREN203_Trover/install/trover_state_estimation:/home/elizabeth/MREN203_Trover/install/trover_slam:/home/elizabeth/MREN203_Trover/install/trover_navigation:/home/elizabeth/MREN203_Trover/install/trover_drivers:/home/elizabeth/MREN203_Trover/install/trover_description:/home/elizabeth/MREN203_Trover/install/trover_communication:/opt/ros/humble'), ('SHELL', '/bin/bash'), ('QT_ACCESSIBILITY', '1'), ('GDMSESSION', 'ubuntu'), ('LESSCLOSE', '/usr/bin/lesspipe %s %s'), ('QT_IM_MODULE', 'ibus'), ('PWD', '/home/elizabeth/MREN203_Trover/build/trover_description'), ('LC_ALL', 'en_US.UTF-8'), ('XDG_CONFIG_DIRS', '/etc/xdg/xdg-ubuntu:/etc/xdg'), ('DBUS_STARTER_ADDRESS', 'unix:path=/run/user/1000/bus,guid=2dbf2237aac09be4dbc99ef269b8521b'), ('XDG_DATA_DIRS', '/usr/share/ubuntu:/usr/local/share/:/usr/share/:/var/lib/snapd/desktop'), ('PYTHONPATH', '/home/elizabeth/MREN203_Trover/install/trover_state_estimation/lib/python3.10/site-packages:/home/elizabeth/MREN203_Trover/install/trover_slam/lib/python3.10/site-packages:/home/elizabeth/MREN203_Trover/install/trover_navigation/lib/python3.10/site-packages:/home/elizabeth/MREN203_Trover/install/trover_communication/lib/python3.10/site-packages:/opt/ros/humble/lib/python3.10/site-packages:/opt/ros/humble/local/lib/python3.10/dist-packages'), ('COLCON', '1'), ('VTE_VERSION', '6800'), ('CMAKE_PREFIX_PATH', '/home/elizabeth/MREN203_Trover/install/trover_bringup:/home/elizabeth/MREN203_Trover/install/trover_drivers:/home/elizabeth/MREN203_Trover/install/trover_description:/home/elizabeth/MREN203_Trover/install/trover_state_estimation:/home/elizabeth/MREN203_Trover/install/trover_slam:/home/elizabeth/MREN203_Trover/install/trover_navigation:/home/elizabeth/MREN203_Trover/install/trover_communication:/opt/ros/humble')]), 'shell': False}
[0.194445] (-) TimerEvent: {}
[0.296010] (-) TimerEvent: {}
[0.397482] (-) TimerEvent: {}
[0.500611] (-) TimerEvent: {}
[0.603426] (-) TimerEvent: {}
[0.705613] (-) TimerEvent: {}
[0.807377] (-) TimerEvent: {}
[0.912613] (-) TimerEvent: {}
[1.060438] (-) TimerEvent: {}
[1.169536] (-) TimerEvent: {}
[1.249508] (trover_description) CommandEnded: {'returncode': 0}
[1.263240] (trover_description) JobProgress: {'identifier': 'trover_description', 'progress': 'install'}
[1.270413] (-) TimerEvent: {}
[1.310388] (trover_description) Command: {'cmd': ['/usr/bin/cmake', '--install', '/home/elizabeth/MREN203_Trover/build/trover_description'], 'cwd': '/home/elizabeth/MREN203_Trover/build/trover_description', 'env': OrderedDict([('LESSOPEN', '| /usr/bin/lesspipe %s'), ('LANGUAGE', 'en_CA:en'), ('USER', 'elizabeth'), ('XDG_SESSION_TYPE', 'wayland'), ('SHLVL', '1'), ('LD_LIBRARY_PATH', '/usr/lib/x86_64-linux-gnu/gazebo-11/plugins:/opt/ros/humble/opt/rviz_ogre_vendor/lib:/opt/ros/humble/lib/x86_64-linux-gnu:/opt/ros/humble/lib'), ('HOME', '/home/elizabeth'), ('DESKTOP_SESSION', 'ubuntu'), ('ROS_PYTHON_VERSION', '3'), ('GNOME_SHELL_SESSION_MODE', 'ubuntu'), ('GTK_MODULES', 'gail:atk-bridge'), ('DBUS_STARTER_BUS_TYPE', 'session'), ('SYSTEMD_EXEC_PID', '1257'), ('DBUS_SESSION_BUS_ADDRESS', 'unix:path=/run/user/1000/bus,guid=2dbf2237aac09be4dbc99ef269b8521b'), ('COLORTERM', 'truecolor'), ('IM_CONFIG_PHASE', '1'), ('WAYLAND_DISPLAY', 'wayland-0'), ('COLCON_PREFIX_PATH', '/home/elizabeth/MREN203_Trover/install'), ('ROS_DISTRO', 'humble'), ('LOGNAME', 'elizabeth'), ('_', '/usr/bin/colcon'), ('ROS_VERSION', '2'), ('XDG_SESSION_CLASS', 'user'), ('USERNAME', 'elizabeth'), ('TERM', 'xterm-256color'), ('GNOME_DESKTOP_SESSION_ID', 'this-is-deprecated'), ('ROS_LOCALHOST_ONLY', '0'), ('PATH', '/opt/ros/humble/bin:/usr/local/sbin:/usr/local/bin:/usr/sbin:/usr/bin:/sbin:/bin:/usr/games:/usr/local/games:/snap/bin:/snap/bin'), ('SESSION_MANAGER', 'local/elizabeth-VirtualBox:@/tmp/.ICE-unix/1257,unix/elizabeth-VirtualBox:/tmp/.ICE-unix/1257'), ('XDG_MENU_PREFIX', 'gnome-'), ('GNOME_TERMINAL_SCREEN', '/org/gnome/Terminal/screen/96c42cd0_fe71_470b_8b03_ebc588a4676e'), ('GNOME_SETUP_DISPLAY', ':1'), ('XDG_RUNTIME_DIR', '/run/user/1000'), ('DISPLAY', ':0'), ('LANG', 'en_US.UTF-8'), ('XDG_CURRENT_DESKTOP', 'ubuntu:GNOME'), ('XMODIFIERS', '@im=ibus'), ('XDG_SESSION_DESKTOP', 'ubuntu'), ('XAUTHORITY', '/run/user/1000/.mutter-Xwaylandauth.UHXJM3'), ('LS_COLORS', 'rs=0:di=01;34:ln=01;36:mh=00:pi=40;33:so=01;35:do=01;35:bd=40;33;01:cd=40;33;01:or=40;31;01:mi=00:su=37;41:sg=30;43:ca=30;41:tw=30;42:ow=34;42:st=37;44:ex=01;32:*.tar=01;31:*.tgz=01;31:*.arc=01;31:*.arj=01;31:*.taz=01;31:*.lha=01;31:*.lz4=01;31:*.lzh=01;31:*.lzma=01;31:*.tlz=01;31:*.txz=01;31:*.tzo=01;31:*.t7z=01;31:*.zip=01;31:*.z=01;31:*.dz=01;31:*.gz=01;31:*.lrz=01;31:*.lz=01;31:*.lzo=01;31:*.xz=01;31:*.zst=01;31:*.tzst=01;31:*.bz2=01;31:*.bz=01;31:*.tbz=01;31:*.tbz2=01;31:*.tz=01;31:*.deb=01;31:*.rpm=01;31:*.jar=01;31:*.war=01;31:*.ear=01;31:*.sar=01;31:*.rar=01;31:*.alz=01;31:*.ace=01;31:*.zoo=01;31:*.cpio=01;31:*.7z=01;31:*.rz=01;31:*.cab=01;31:*.wim=01;31:*.swm=01;31:*.dwm=01;31:*.esd=01;31:*.jpg=01;35:*.jpeg=01;35:*.mjpg=01;35:*.mjpeg=01;35:*.gif=01;35:*.bmp=01;35:*.pbm=01;35:*.pgm=01;35:*.ppm=01;35:*.tga=01;35:*.xbm=01;35:*.xpm=01;35:*.tif=01;35:*.tiff=01;35:*.png=01;35:*.svg=01;35:*.svgz=01;35:*.mng=01;35:*.pcx=01;35:*.mov=01;35:*.mpg=01;35:*.mpeg=01;35:*.m2v=01;35:*.mkv=01;35:*.webm=01;35:*.webp=01;35:*.ogm=01;35:*.mp4=01;35:*.m4v=01;35:*.mp4v=01;35:*.vob=01;35:*.qt=01;35:*.nuv=01;35:*.wmv=01;35:*.asf=01;35:*.rm=01;35:*.rmvb=01;35:*.flc=01;35:*.avi=01;35:*.fli=01;35:*.flv=01;35:*.gl=01;35:*.dl=01;35:*.xcf=01;35:*.xwd=01;35:*.yuv=01;35:*.cgm=01;35:*.emf=01;35:*.ogv=01;35:*.ogx=01;35:*.aac=00;36:*.au=00;36:*.flac=00;36:*.m4a=00;36:*.mid=00;36:*.midi=00;36:*.mka=00;36:*.mp3=00;36:*.mpc=00;36:*.ogg=00;36:*.ra=00;36:*.wav=00;36:*.oga=00;36:*.opus=00;36:*.spx=00;36:*.xspf=00;36:'), ('GNOME_TERMINAL_SERVICE', ':1.112'), ('SSH_AGENT_LAUNCHER', 'gnome-keyring'), ('SSH_AUTH_SOCK', '/run/user/1000/keyring/ssh'), ('AMENT_PREFIX_PATH', '/home/elizabeth/MREN203_Trover/install/trover_bringup:/home/elizabeth/MREN203_Trover/install/trover_state_estimation:/home/elizabeth/MREN203_Trover/install/trover_slam:/home/elizabeth/MREN203_Trover/install/trover_navigation:/home/elizabeth/MREN203_Trover/install/trover_drivers:/home/elizabeth/MREN203_Trover/install/trover_description:/home/elizabeth/MREN203_Trover/install/trover_communication:/opt/ros/humble'), ('SHELL', '/bin/bash'), ('QT_ACCESSIBILITY', '1'), ('GDMSESSION', 'ubuntu'), ('LESSCLOSE', '/usr/bin/lesspipe %s %s'), ('QT_IM_MODULE', 'ibus'), ('PWD', '/home/elizabeth/MREN203_Trover/build/trover_description'), ('LC_ALL', 'en_US.UTF-8'), ('XDG_CONFIG_DIRS', '/etc/xdg/xdg-ubuntu:/etc/xdg'), ('DBUS_STARTER_ADDRESS', 'unix:path=/run/user/1000/bus,guid=2dbf2237aac09be4dbc99ef269b8521b'), ('XDG_DATA_DIRS', '/usr/share/ubuntu:/usr/local/share/:/usr/share/:/var/lib/snapd/desktop'), ('PYTHONPATH', '/home/elizabeth/MREN203_Trover/install/trover_state_estimation/lib/python3.10/site-packages:/home/elizabeth/MREN203_Trover/install/trover_slam/lib/python3.10/site-packages:/home/elizabeth/MREN203_Trover/install/trover_navigation/lib/python3.10/site-packages:/home/elizabeth/MREN203_Trover/install/trover_communication/lib/python3.10/site-packages:/opt/ros/humble/lib/python3.10/site-packages:/opt/ros/humble/local/lib/python3.10/dist-packages'), ('COLCON', '1'), ('VTE_VERSION', '6800'), ('CMAKE_PREFIX_PATH', '/home/elizabeth/MREN203_Trover/install/trover_bringup:/home/elizabeth/MREN203_Trover/install/trover_drivers:/home/elizabeth/MREN203_Trover/install/trover_description:/home/elizabeth/MREN203_Trover/install/trover_state_estimation:/home/elizabeth/MREN203_Trover/install/trover_slam:/home/elizabeth/MREN203_Trover/install/trover_navigation:/home/elizabeth/MREN203_Trover/install/trover_communication:/opt/ros/humble')]), 'shell': False}
[1.361249] (trover_description) StdoutLine: {'line': b'-- Install configuration: ""\n'}
[1.369032] (trover_description) StdoutLine: {'line': b'-- Up-to-date: /home/elizabeth/MREN203_Trover/install/trover_description/share/trover_description/urdf\n'}
[1.369346] (trover_description) StdoutLine: {'line': b'-- Up-to-date: /home/elizabeth/MREN203_Trover/install/trover_description/share/trover_description/urdf/trover_description.urdf.xacro\n'}
[1.369523] (trover_description) StdoutLine: {'line': b'-- Up-to-date: /home/elizabeth/MREN203_Trover/install/trover_description/share/trover_description/launch\n'}
[1.369654] (trover_description) StdoutLine: {'line': b'-- Up-to-date: /home/elizabeth/MREN203_Trover/install/trover_description/share/trover_description/launch/test_sensors.launch.py\n'}
[1.369758] (trover_description) StdoutLine: {'line': b'-- Up-to-date: /home/elizabeth/MREN203_Trover/install/trover_description/share/trover_description/launch/display.launch.py\n'}
[1.369851] (trover_description) StdoutLine: {'line': b'-- Up-to-date: /home/elizabeth/MREN203_Trover/install/trover_description/share/trover_description/launch/gazebo.launch.py\n'}
[1.369939] (trover_description) StdoutLine: {'line': b'-- Up-to-date: /home/elizabeth/MREN203_Trover/install/trover_description/share/trover_description/rviz\n'}
[1.370027] (trover_description) StdoutLine: {'line': b'-- Up-to-date: /home/elizabeth/MREN203_Trover/install/trover_description/share/trover_description/rviz/default.rviz\n'}
[1.370113] (trover_description) StdoutLine: {'line': b'-- Up-to-date: /home/elizabeth/MREN203_Trover/install/trover_description/share/trover_description/rviz/default_nav.rviz\n'}
[1.370185] (trover_description) StdoutLine: {'line': b'-- Up-to-date: /home/elizabeth/MREN203_Trover/install/trover_description/share/trover_description/worlds\n'}
[1.370508] (-) TimerEvent: {}
[1.374392] (trover_description) StdoutLine: {'line': b'-- Up-to-date: /home/elizabeth/MREN203_Trover/install/trover_description/share/trover_description/worlds/launch\n'}
[1.374958] (trover_description) StdoutLine: {'line': b'-- Up-to-date: /home/elizabeth/MREN203_Trover/install/trover_description/share/trover_description/worlds/launch/small_house.launch\n'}
[1.375124] (trover_description) StdoutLine: {'line': b'-- Up-to-date: /home/elizabeth/MREN203_Trover/install/trover_description/share/trover_description/worlds/launch/view_small_house.launch\n'}
[1.375592] (trover_description) StdoutLine: {'line': b'-- Up-to-date: /home/elizabeth/MREN203_Trover/install/trover_description/share/trover_description/worlds/worlds\n'}
[1.375695] (trover_description) StdoutLine: {'line': b'-- Up-to-date: /home/elizabeth/MREN203_Trover/install/trover_description/share/trover_description/worlds/worlds/small_house.world\n'}
[1.375789] (trover_description) StdoutLine: {'line': b'-- Up-to-date: /home/elizabeth/MREN203_Trover/install/trover_description/share/trover_description/worlds/maps\n'}
[1.375966] (trover_description) StdoutLine: {'line': b'-- Up-to-date: /home/elizabeth/MREN203_Trover/install/trover_description/share/trover_description/worlds/maps/turtlebot3_waffle_pi\n'}
[1.376075] (trover_description) StdoutLine: {'line': b'-- Up-to-date: /home/elizabeth/MREN203_Trover/install/trover_description/share/trover_description/worlds/maps/turtlebot3_waffle_pi/map.yaml\n'}
[1.376237] (trover_description) StdoutLine: {'line': b'-- Up-to-date: /home/elizabeth/MREN203_Trover/install/trover_description/share/trover_description/worlds/maps/turtlebot3_waffle_pi/map.pgm\n'}
[1.376367] (trover_description) StdoutLine: {'line': b'-- Up-to-date: /home/elizabeth/MREN203_Trover/install/trover_description/share/trover_description/worlds/photos\n'}
[1.376459] (trover_description) StdoutLine: {'line': b'-- Up-to-date: /home/elizabeth/MREN203_Trover/install/trover_description/share/trover_description/worlds/photos/DeskPortraitD_03.jpg\n'}
[1.376562] (trover_description) StdoutLine: {'line': b'-- Up-to-date: /home/elizabeth/MREN203_Trover/install/trover_description/share/trover_description/worlds/photos/DeskPortraitB_01.jpg\n'}
[1.376653] (trover_description) StdoutLine: {'line': b'-- Up-to-date: /home/elizabeth/MREN203_Trover/install/trover_description/share/trover_description/worlds/photos/PortraitD_01.jpg\n'}
[1.376743] (trover_description) StdoutLine: {'line': b'-- Up-to-date: /home/elizabeth/MREN203_Trover/install/trover_description/share/trover_description/worlds/photos/DeskPortraitC_01.jpg\n'}
[1.376831] (trover_description) StdoutLine: {'line': b'-- Up-to-date: /home/elizabeth/MREN203_Trover/install/trover_description/share/trover_description/worlds/photos/PortraitD_02.jpg\n'}
[1.377030] (trover_description) StdoutLine: {'line': b'-- Up-to-date: /home/elizabeth/MREN203_Trover/install/trover_description/share/trover_description/worlds/photos/PortraitA_01.jpg\n'}
[1.377134] (trover_description) StdoutLine: {'line': b'-- Up-to-date: /home/elizabeth/MREN203_Trover/install/trover_description/share/trover_description/worlds/photos/DeskPortraitB_02.jpg\n'}
[1.377225] (trover_description) StdoutLine: {'line': b'-- Up-to-date: /home/elizabeth/MREN203_Trover/install/trover_description/share/trover_description/worlds/photos/PortraitB_02.jpg\n'}
[1.377313] (trover_description) StdoutLine: {'line': b'-- Up-to-date: /home/elizabeth/MREN203_Trover/install/trover_description/share/trover_description/worlds/photos/PortraitB_01.jpg\n'}
[1.377400] (trover_description) StdoutLine: {'line': b'-- Up-to-date: /home/elizabeth/MREN203_Trover/install/trover_description/share/trover_description/worlds/photos/PortraitB_03.jpg\n'}
[1.377488] (trover_description) StdoutLine: {'line': b'-- Up-to-date: /home/elizabeth/MREN203_Trover/install/trover_description/share/trover_description/worlds/photos/DeskPortraitA_02.jpg\n'}
[1.377576] (trover_description) StdoutLine: {'line': b'-- Up-to-date: /home/elizabeth/MREN203_Trover/install/trover_description/share/trover_description/worlds/photos/DeskPortraitC_02.jpg\n'}
[1.377666] (trover_description) StdoutLine: {'line': b'-- Up-to-date: /home/elizabeth/MREN203_Trover/install/trover_description/share/trover_description/worlds/photos/DeskPortraitD_04.jpg\n'}
[1.377786] (trover_description) StdoutLine: {'line': b'-- Up-to-date: /home/elizabeth/MREN203_Trover/install/trover_description/share/trover_description/worlds/photos/PortraitE_01.jpg\n'}
[1.381836] (trover_description) StdoutLine: {'line': b'-- Up-to-date: /home/elizabeth/MREN203_Trover/install/trover_description/share/trover_description/worlds/photos/DeskPortraitD_01.jpg\n'}
[1.382076] (trover_description) StdoutLine: {'line': b'-- Up-to-date: /home/elizabeth/MREN203_Trover/install/trover_description/share/trover_description/worlds/photos/DeskPortraitD_02.jpg\n'}
[1.382177] (trover_description) StdoutLine: {'line': b'-- Up-to-date: /home/elizabeth/MREN203_Trover/install/trover_description/share/trover_description/worlds/photos/PortraitC_01.jpg\n'}
[1.382267] (trover_description) StdoutLine: {'line': b'-- Up-to-date: /home/elizabeth/MREN203_Trover/install/trover_description/share/trover_description/worlds/photos/DeskPortraitA_01.jpg\n'}
[1.382358] (trover_description) StdoutLine: {'line': b'-- Up-to-date: /home/elizabeth/MREN203_Trover/install/trover_description/share/trover_description/worlds/photos/PortraitE_02.jpg\n'}
[1.382446] (trover_description) StdoutLine: {'line': b'-- Up-to-date: /home/elizabeth/MREN203_Trover/install/trover_description/share/trover_description/worlds/photos/PortraitA_02.jpg\n'}
[1.382558] (trover_description) StdoutLine: {'line': b'-- Up-to-date: /home/elizabeth/MREN203_Trover/install/trover_description/share/trover_description/worlds/CMakeLists.txt\n'}
[1.382648] (trover_description) StdoutLine: {'line': b'-- Up-to-date: /home/elizabeth/MREN203_Trover/install/trover_description/share/trover_description/worlds/README.md\n'}
[1.382842] (trover_description) StdoutLine: {'line': b'-- Up-to-date: /home/elizabeth/MREN203_Trover/install/trover_description/share/trover_description/worlds/CONTRIBUTING.md\n'}
[1.382955] (trover_description) StdoutLine: {'line': b'-- Up-to-date: /home/elizabeth/MREN203_Trover/install/trover_description/share/trover_description/worlds/CODE_OF_CONDUCT.md\n'}
[1.383047] (trover_description) StdoutLine: {'line': b'-- Up-to-date: /home/elizabeth/MREN203_Trover/install/trover_description/share/trover_description/worlds/models\n'}
[1.383136] (trover_description) StdoutLine: {'line': b'-- Up-to-date: /home/elizabeth/MREN203_Trover/install/trover_description/share/trover_description/worlds/models/aws_robomaker_residential_RoomWall_01\n'}
[1.383645] (trover_description) StdoutLine: {'line': b'-- Up-to-date: /home/elizabeth/MREN203_Trover/install/trover_description/share/trover_description/worlds/models/aws_robomaker_residential_RoomWall_01/model.sdf\n'}
[1.383820] (trover_description) StdoutLine: {'line': b'-- Up-to-date: /home/elizabeth/MREN203_Trover/install/trover_description/share/trover_description/worlds/models/aws_robomaker_residential_RoomWall_01/materials\n'}
[1.383929] (trover_description) StdoutLine: {'line': b'-- Up-to-date: /home/elizabeth/MREN203_Trover/install/trover_description/share/trover_description/worlds/models/aws_robomaker_residential_RoomWall_01/materials/textures\n'}
[1.384023] (trover_description) StdoutLine: {'line': b'-- Up-to-date: /home/elizabeth/MREN203_Trover/install/trover_description/share/trover_description/worlds/models/aws_robomaker_residential_RoomWall_01/materials/textures/aws_RoomWall_01.png\n'}
[1.384140] (trover_description) StdoutLine: {'line': b'-- Up-to-date: /home/elizabeth/MREN203_Trover/install/trover_description/share/trover_description/worlds/models/aws_robomaker_residential_RoomWall_01/model.config\n'}
[1.384234] (trover_description) StdoutLine: {'line': b'-- Up-to-date: /home/elizabeth/MREN203_Trover/install/trover_description/share/trover_description/worlds/models/aws_robomaker_residential_RoomWall_01/meshes\n'}
[1.392932] (trover_description) StdoutLine: {'line': b'-- Up-to-date: /home/elizabeth/MREN203_Trover/install/trover_description/share/trover_description/worlds/models/aws_robomaker_residential_RoomWall_01/meshes/aws_RoomWall_01_visual.DAE\n'}
[1.393260] (trover_description) StdoutLine: {'line': b'-- Up-to-date: /home/elizabeth/MREN203_Trover/install/trover_description/share/trover_description/worlds/models/aws_robomaker_residential_RoomWall_01/meshes/aws_RoomWall_01_collision.DAE\n'}
[1.393381] (trover_description) StdoutLine: {'line': b'-- Up-to-date: /home/elizabeth/MREN203_Trover/install/trover_description/share/trover_description/worlds/models/aws_robomaker_residential_TVCabinet_01\n'}
[1.393478] (trover_description) StdoutLine: {'line': b'-- Up-to-date: /home/elizabeth/MREN203_Trover/install/trover_description/share/trover_description/worlds/models/aws_robomaker_residential_TVCabinet_01/model.sdf\n'}
[1.393570] (trover_description) StdoutLine: {'line': b'-- Up-to-date: /home/elizabeth/MREN203_Trover/install/trover_description/share/trover_description/worlds/models/aws_robomaker_residential_TVCabinet_01/materials\n'}
[1.393660] (trover_description) StdoutLine: {'line': b'-- Up-to-date: /home/elizabeth/MREN203_Trover/install/trover_description/share/trover_description/worlds/models/aws_robomaker_residential_TVCabinet_01/materials/textures\n'}
[1.393750] (trover_description) StdoutLine: {'line': b'-- Up-to-date: /home/elizabeth/MREN203_Trover/install/trover_description/share/trover_description/worlds/models/aws_robomaker_residential_TVCabinet_01/materials/textures/aws_TVCabinet_01.png\n'}
[1.393864] (trover_description) StdoutLine: {'line': b'-- Up-to-date: /home/elizabeth/MREN203_Trover/install/trover_description/share/trover_description/worlds/models/aws_robomaker_residential_TVCabinet_01/model.config\n'}
[1.393952] (trover_description) StdoutLine: {'line': b'-- Up-to-date: /home/elizabeth/MREN203_Trover/install/trover_description/share/trover_description/worlds/models/aws_robomaker_residential_TVCabinet_01/meshes\n'}
[1.394134] (trover_description) StdoutLine: {'line': b'-- Up-to-date: /home/elizabeth/MREN203_Trover/install/trover_description/share/trover_description/worlds/models/aws_robomaker_residential_TVCabinet_01/meshes/aws_TVCabinet_01_visual.DAE\n'}
[1.394240] (trover_description) StdoutLine: {'line': b'-- Up-to-date: /home/elizabeth/MREN203_Trover/install/trover_description/share/trover_description/worlds/models/aws_robomaker_residential_TVCabinet_01/meshes/aws_TVCabinet_01_collision.DAE\n'}
[1.394332] (trover_description) StdoutLine: {'line': b'-- Up-to-date: /home/elizabeth/MREN203_Trover/install/trover_description/share/trover_description/worlds/models/aws_robomaker_residential_PortraitD_01\n'}
[1.394422] (trover_description) StdoutLine: {'line': b'-- Up-to-date: /home/elizabeth/MREN203_Trover/install/trover_description/share/trover_description/worlds/models/aws_robomaker_residential_PortraitD_01/model.sdf\n'}
[1.394510] (trover_description) StdoutLine: {'line': b'-- Up-to-date: /home/elizabeth/MREN203_Trover/install/trover_description/share/trover_description/worlds/models/aws_robomaker_residential_PortraitD_01/materials\n'}
[1.394600] (trover_description) StdoutLine: {'line': b'-- Up-to-date: /home/elizabeth/MREN203_Trover/install/trover_description/share/trover_description/worlds/models/aws_robomaker_residential_PortraitD_01/materials/textures\n'}
[1.394688] (trover_description) StdoutLine: {'line': b'-- Up-to-date: /home/elizabeth/MREN203_Trover/install/trover_description/share/trover_description/worlds/models/aws_robomaker_residential_PortraitD_01/materials/textures/PortraitD_01.jpg\n'}
[1.394777] (trover_description) StdoutLine: {'line': b'-- Up-to-date: /home/elizabeth/MREN203_Trover/install/trover_description/share/trover_description/worlds/models/aws_robomaker_residential_PortraitD_01/materials/textures/aws_PortraitD_02.png\n'}
[1.394978] (trover_description) StdoutLine: {'line': b'-- Up-to-date: /home/elizabeth/MREN203_Trover/install/trover_description/share/trover_description/worlds/models/aws_robomaker_residential_PortraitD_01/materials/textures/aws_PortraitD_01.png\n'}
[1.395880] (trover_description) StdoutLine: {'line': b'-- Up-to-date: /home/elizabeth/MREN203_Trover/install/trover_description/share/trover_description/worlds/models/aws_robomaker_residential_PortraitD_01/model.config\n'}
[1.395993] (trover_description) StdoutLine: {'line': b'-- Up-to-date: /home/elizabeth/MREN203_Trover/install/trover_description/share/trover_description/worlds/models/aws_robomaker_residential_PortraitD_01/meshes\n'}
[1.396088] (trover_description) StdoutLine: {'line': b'-- Up-to-date: /home/elizabeth/MREN203_Trover/install/trover_description/share/trover_description/worlds/models/aws_robomaker_residential_PortraitD_01/meshes/aws_PortraitD_01_collision.DAE\n'}
[1.396252] (trover_description) StdoutLine: {'line': b'-- Up-to-date: /home/elizabeth/MREN203_Trover/install/trover_description/share/trover_description/worlds/models/aws_robomaker_residential_PortraitD_01/meshes/aws_PortraitD_01_visual.DAE\n'}
[1.396350] (trover_description) StdoutLine: {'line': b'-- Up-to-date: /home/elizabeth/MREN203_Trover/install/trover_description/share/trover_description/worlds/models/aws_robomaker_residential_Chandelier_01\n'}
[1.396441] (trover_description) StdoutLine: {'line': b'-- Up-to-date: /home/elizabeth/MREN203_Trover/install/trover_description/share/trover_description/worlds/models/aws_robomaker_residential_Chandelier_01/model.sdf\n'}
[1.396655] (trover_description) StdoutLine: {'line': b'-- Up-to-date: /home/elizabeth/MREN203_Trover/install/trover_description/share/trover_description/worlds/models/aws_robomaker_residential_Chandelier_01/materials\n'}
[1.396812] (trover_description) StdoutLine: {'line': b'-- Up-to-date: /home/elizabeth/MREN203_Trover/install/trover_description/share/trover_description/worlds/models/aws_robomaker_residential_Chandelier_01/materials/textures\n'}
[1.396911] (trover_description) StdoutLine: {'line': b'-- Up-to-date: /home/elizabeth/MREN203_Trover/install/trover_description/share/trover_description/worlds/models/aws_robomaker_residential_Chandelier_01/materials/textures/aws_Chandelier_01.png\n'}
[1.397003] (trover_description) StdoutLine: {'line': b'-- Up-to-date: /home/elizabeth/MREN203_Trover/install/trover_description/share/trover_description/worlds/models/aws_robomaker_residential_Chandelier_01/model.config\n'}
[1.397093] (trover_description) StdoutLine: {'line': b'-- Up-to-date: /home/elizabeth/MREN203_Trover/install/trover_description/share/trover_description/worlds/models/aws_robomaker_residential_Chandelier_01/meshes\n'}
[1.397183] (trover_description) StdoutLine: {'line': b'-- Up-to-date: /home/elizabeth/MREN203_Trover/install/trover_description/share/trover_description/worlds/models/aws_robomaker_residential_Chandelier_01/meshes/aws_Chandelier_01.DAE\n'}
[1.397275] (trover_description) StdoutLine: {'line': b'-- Up-to-date: /home/elizabeth/MREN203_Trover/install/trover_description/share/trover_description/worlds/models/aws_robomaker_residential_Chandelier_01/meshes/aws_Chandelier_01_collision.DAE\n'}
[1.397365] (trover_description) StdoutLine: {'line': b'-- Up-to-date: /home/elizabeth/MREN203_Trover/install/trover_description/share/trover_description/worlds/models/aws_robomaker_residential_Chandelier_01/meshes/aws_Chandelier_01_visual.DAE\n'}
[1.397478] (trover_description) StdoutLine: {'line': b'-- Up-to-date: /home/elizabeth/MREN203_Trover/install/trover_description/share/trover_description/worlds/models/aws_robomaker_residential_AirconditionerB_01\n'}
[1.397648] (trover_description) StdoutLine: {'line': b'-- Up-to-date: /home/elizabeth/MREN203_Trover/install/trover_description/share/trover_description/worlds/models/aws_robomaker_residential_AirconditionerB_01/model.sdf\n'}
[1.397753] (trover_description) StdoutLine: {'line': b'-- Up-to-date: /home/elizabeth/MREN203_Trover/install/trover_description/share/trover_description/worlds/models/aws_robomaker_residential_AirconditionerB_01/materials\n'}
[1.397845] (trover_description) StdoutLine: {'line': b'-- Up-to-date: /home/elizabeth/MREN203_Trover/install/trover_description/share/trover_description/worlds/models/aws_robomaker_residential_AirconditionerB_01/materials/textures\n'}
[1.397937] (trover_description) StdoutLine: {'line': b'-- Up-to-date: /home/elizabeth/MREN203_Trover/install/trover_description/share/trover_description/worlds/models/aws_robomaker_residential_AirconditionerB_01/materials/textures/aws_AirconditionerB_01.png\n'}
[1.398029] (trover_description) StdoutLine: {'line': b'-- Up-to-date: /home/elizabeth/MREN203_Trover/install/trover_description/share/trover_description/worlds/models/aws_robomaker_residential_AirconditionerB_01/model.config\n'}
[1.398119] (trover_description) StdoutLine: {'line': b'-- Up-to-date: /home/elizabeth/MREN203_Trover/install/trover_description/share/trover_description/worlds/models/aws_robomaker_residential_AirconditionerB_01/meshes\n'}
[1.398209] (trover_description) StdoutLine: {'line': b'-- Up-to-date: /home/elizabeth/MREN203_Trover/install/trover_description/share/trover_description/worlds/models/aws_robomaker_residential_AirconditionerB_01/meshes/aws_AirconditionerB_01_collision.DAE\n'}
[1.398299] (trover_description) StdoutLine: {'line': b'-- Up-to-date: /home/elizabeth/MREN203_Trover/install/trover_description/share/trover_description/worlds/models/aws_robomaker_residential_AirconditionerB_01/meshes/aws_AirconditionerB_01_visual.DAE\n'}
[1.398390] (trover_description) StdoutLine: {'line': b'-- Up-to-date: /home/elizabeth/MREN203_Trover/install/trover_description/share/trover_description/worlds/models/aws_robomaker_residential_SecurityCamera_01\n'}
[1.398479] (trover_description) StdoutLine: {'line': b'-- Up-to-date: /home/elizabeth/MREN203_Trover/install/trover_description/share/trover_description/worlds/models/aws_robomaker_residential_SecurityCamera_01/model.sdf\n'}
[1.398595] (trover_description) StdoutLine: {'line': b'-- Up-to-date: /home/elizabeth/MREN203_Trover/install/trover_description/share/trover_description/worlds/models/aws_robomaker_residential_SecurityCamera_01/materials\n'}
[1.398688] (trover_description) StdoutLine: {'line': b'-- Up-to-date: /home/elizabeth/MREN203_Trover/install/trover_description/share/trover_description/worlds/models/aws_robomaker_residential_SecurityCamera_01/materials/textures\n'}
[1.398777] (trover_description) StdoutLine: {'line': b'-- Up-to-date: /home/elizabeth/MREN203_Trover/install/trover_description/share/trover_description/worlds/models/aws_robomaker_residential_SecurityCamera_01/materials/textures/aws_SecurityCamera_01.png\n'}
[1.398867] (trover_description) StdoutLine: {'line': b'-- Up-to-date: /home/elizabeth/MREN203_Trover/install/trover_description/share/trover_description/worlds/models/aws_robomaker_residential_SecurityCamera_01/model.config\n'}
[1.398955] (trover_description) StdoutLine: {'line': b'-- Up-to-date: /home/elizabeth/MREN203_Trover/install/trover_description/share/trover_description/worlds/models/aws_robomaker_residential_SecurityCamera_01/meshes\n'}
[1.399043] (trover_description) StdoutLine: {'line': b'-- Up-to-date: /home/elizabeth/MREN203_Trover/install/trover_description/share/trover_description/worlds/models/aws_robomaker_residential_SecurityCamera_01/meshes/aws_SecurityCamera_01_visual.DAE\n'}
[1.399244] (trover_description) StdoutLine: {'line': b'-- Up-to-date: /home/elizabeth/MREN203_Trover/install/trover_description/share/trover_description/worlds/models/aws_robomaker_residential_SecurityCamera_01/meshes/aws_SecurityCamera_01_collision.DAE\n'}
[1.399341] (trover_description) StdoutLine: {'line': b'-- Up-to-date: /home/elizabeth/MREN203_Trover/install/trover_description/share/trover_description/worlds/models/aws_robomaker_residential_RoomCeiling_01\n'}
[1.399439] (trover_description) StdoutLine: {'line': b'-- Up-to-date: /home/elizabeth/MREN203_Trover/install/trover_description/share/trover_description/worlds/models/aws_robomaker_residential_RoomCeiling_01/model.sdf\n'}
[1.399529] (trover_description) StdoutLine: {'line': b'-- Up-to-date: /home/elizabeth/MREN203_Trover/install/trover_description/share/trover_description/worlds/models/aws_robomaker_residential_RoomCeiling_01/materials\n'}
[1.399618] (trover_description) StdoutLine: {'line': b'-- Up-to-date: /home/elizabeth/MREN203_Trover/install/trover_description/share/trover_description/worlds/models/aws_robomaker_residential_RoomCeiling_01/materials/textures\n'}
[1.399707] (trover_description) StdoutLine: {'line': b'-- Up-to-date: /home/elizabeth/MREN203_Trover/install/trover_description/share/trover_description/worlds/models/aws_robomaker_residential_RoomCeiling_01/materials/textures/aws_RoomCeiling_01.png\n'}
[1.399797] (trover_description) StdoutLine: {'line': b'-- Up-to-date: /home/elizabeth/MREN203_Trover/install/trover_description/share/trover_description/worlds/models/aws_robomaker_residential_RoomCeiling_01/model.config\n'}
[1.400326] (trover_description) StdoutLine: {'line': b'-- Up-to-date: /home/elizabeth/MREN203_Trover/install/trover_description/share/trover_description/worlds/models/aws_robomaker_residential_RoomCeiling_01/meshes\n'}
[1.400441] (trover_description) StdoutLine: {'line': b'-- Up-to-date: /home/elizabeth/MREN203_Trover/install/trover_description/share/trover_description/worlds/models/aws_robomaker_residential_RoomCeiling_01/meshes/aws_RoomCeiling_01_visual.DAE\n'}
[1.400533] (trover_description) StdoutLine: {'line': b'-- Up-to-date: /home/elizabeth/MREN203_Trover/install/trover_description/share/trover_description/worlds/models/aws_robomaker_residential_RoomCeiling_01/meshes/aws_RoomCeiling_01_collision.DAE\n'}
[1.400623] (trover_description) StdoutLine: {'line': b'-- Up-to-date: /home/elizabeth/MREN203_Trover/install/trover_description/share/trover_description/worlds/models/aws_robomaker_residential_DeskPortraitC_01\n'}
[1.400726] (trover_description) StdoutLine: {'line': b'-- Up-to-date: /home/elizabeth/MREN203_Trover/install/trover_description/share/trover_description/worlds/models/aws_robomaker_residential_DeskPortraitC_01/model.sdf\n'}
[1.400817] (trover_description) StdoutLine: {'line': b'-- Up-to-date: /home/elizabeth/MREN203_Trover/install/trover_description/share/trover_description/worlds/models/aws_robomaker_residential_DeskPortraitC_01/materials\n'}
[1.400907] (trover_description) StdoutLine: {'line': b'-- Up-to-date: /home/elizabeth/MREN203_Trover/install/trover_description/share/trover_description/worlds/models/aws_robomaker_residential_DeskPortraitC_01/materials/textures\n'}
[1.400997] (trover_description) StdoutLine: {'line': b'-- Up-to-date: /home/elizabeth/MREN203_Trover/install/trover_description/share/trover_description/worlds/models/aws_robomaker_residential_DeskPortraitC_01/materials/textures/DeskPortraitC_01.jpg\n'}
[1.401173] (trover_description) StdoutLine: {'line': b'-- Up-to-date: /home/elizabeth/MREN203_Trover/install/trover_description/share/trover_description/worlds/models/aws_robomaker_residential_DeskPortraitC_01/materials/textures/aws_DeskPortraitC_01.png\n'}
[1.401299] (trover_description) StdoutLine: {'line': b'-- Up-to-date: /home/elizabeth/MREN203_Trover/install/trover_description/share/trover_description/worlds/models/aws_robomaker_residential_DeskPortraitC_01/materials/textures/aws_DeskPortraitC_02.png\n'}
[1.401397] (trover_description) StdoutLine: {'line': b'-- Up-to-date: /home/elizabeth/MREN203_Trover/install/trover_description/share/trover_description/worlds/models/aws_robomaker_residential_DeskPortraitC_01/model.config\n'}
[1.401494] (trover_description) StdoutLine: {'line': b'-- Up-to-date: /home/elizabeth/MREN203_Trover/install/trover_description/share/trover_description/worlds/models/aws_robomaker_residential_DeskPortraitC_01/meshes\n'}
[1.401584] (trover_description) StdoutLine: {'line': b'-- Up-to-date: /home/elizabeth/MREN203_Trover/install/trover_description/share/trover_description/worlds/models/aws_robomaker_residential_DeskPortraitC_01/meshes/aws_DeskPortraitC_01_collision.DAE\n'}
[1.401673] (trover_description) StdoutLine: {'line': b'-- Up-to-date: /home/elizabeth/MREN203_Trover/install/trover_description/share/trover_description/worlds/models/aws_robomaker_residential_DeskPortraitC_01/meshes/aws_DeskPortraitC_01_visual.DAE\n'}
[1.401763] (trover_description) StdoutLine: {'line': b'-- Up-to-date: /home/elizabeth/MREN203_Trover/install/trover_description/share/trover_description/worlds/models/aws_robomaker_residential_SofaC_01\n'}
[1.401853] (trover_description) StdoutLine: {'line': b'-- Up-to-date: /home/elizabeth/MREN203_Trover/install/trover_description/share/trover_description/worlds/models/aws_robomaker_residential_SofaC_01/model.sdf\n'}
[1.401942] (trover_description) StdoutLine: {'line': b'-- Up-to-date: /home/elizabeth/MREN203_Trover/install/trover_description/share/trover_description/worlds/models/aws_robomaker_residential_SofaC_01/materials\n'}
[1.402200] (trover_description) StdoutLine: {'line': b'-- Up-to-date: /home/elizabeth/MREN203_Trover/install/trover_description/share/trover_description/worlds/models/aws_robomaker_residential_SofaC_01/materials/textures\n'}
[1.402342] (trover_description) StdoutLine: {'line': b'-- Up-to-date: /home/elizabeth/MREN203_Trover/install/trover_description/share/trover_description/worlds/models/aws_robomaker_residential_SofaC_01/materials/textures/aws_SofaC_01.png\n'}
[1.402441] (trover_description) StdoutLine: {'line': b'-- Up-to-date: /home/elizabeth/MREN203_Trover/install/trover_description/share/trover_description/worlds/models/aws_robomaker_residential_SofaC_01/model.config\n'}
[1.402532] (trover_description) StdoutLine: {'line': b'-- Up-to-date: /home/elizabeth/MREN203_Trover/install/trover_description/share/trover_description/worlds/models/aws_robomaker_residential_SofaC_01/meshes\n'}
[1.402623] (trover_description) StdoutLine: {'line': b'-- Up-to-date: /home/elizabeth/MREN203_Trover/install/trover_description/share/trover_description/worlds/models/aws_robomaker_residential_SofaC_01/meshes/aws_SofaC_01_visual.DAE\n'}
[1.407757] (trover_description) StdoutLine: {'line': b'-- Up-to-date: /home/elizabeth/MREN203_Trover/install/trover_description/share/trover_description/worlds/models/aws_robomaker_residential_SofaC_01/meshes/aws_SofaC_01_collision.DAE\n'}
[1.412612] (trover_description) StdoutLine: {'line': b'-- Up-to-date: /home/elizabeth/MREN203_Trover/install/trover_description/share/trover_description/worlds/models/aws_robomaker_residential_ChairD_01\n'}
[1.417209] (trover_description) StdoutLine: {'line': b'-- Up-to-date: /home/elizabeth/MREN203_Trover/install/trover_description/share/trover_description/worlds/models/aws_robomaker_residential_ChairD_01/model.sdf\n'}
[1.417863] (trover_description) StdoutLine: {'line': b'-- Up-to-date: /home/elizabeth/MREN203_Trover/install/trover_description/share/trover_description/worlds/models/aws_robomaker_residential_ChairD_01/materials\n'}
[1.418426] (trover_description) StdoutLine: {'line': b'-- Up-to-date: /home/elizabeth/MREN203_Trover/install/trover_description/share/trover_description/worlds/models/aws_robomaker_residential_ChairD_01/materials/textures\n'}
[1.418546] (trover_description) StdoutLine: {'line': b'-- Up-to-date: /home/elizabeth/MREN203_Trover/install/trover_description/share/trover_description/worlds/models/aws_robomaker_residential_ChairD_01/materials/textures/aws_ChairD_01.png\n'}
[1.420642] (trover_description) StdoutLine: {'line': b'-- Up-to-date: /home/elizabeth/MREN203_Trover/install/trover_description/share/trover_description/worlds/models/aws_robomaker_residential_ChairD_01/model.config\n'}
[1.420749] (trover_description) StdoutLine: {'line': b'-- Up-to-date: /home/elizabeth/MREN203_Trover/install/trover_description/share/trover_description/worlds/models/aws_robomaker_residential_ChairD_01/meshes\n'}
[1.420842] (trover_description) StdoutLine: {'line': b'-- Up-to-date: /home/elizabeth/MREN203_Trover/install/trover_description/share/trover_description/worlds/models/aws_robomaker_residential_ChairD_01/meshes/aws_ChairD_01_visual.DAE\n'}
[1.420931] (trover_description) StdoutLine: {'line': b'-- Up-to-date: /home/elizabeth/MREN203_Trover/install/trover_description/share/trover_description/worlds/models/aws_robomaker_residential_ChairD_01/meshes/aws_ChairD_01_collision.DAE\n'}
[1.421044] (trover_description) StdoutLine: {'line': b'-- Up-to-date: /home/elizabeth/MREN203_Trover/install/trover_description/share/trover_description/worlds/models/aws_robomaker_residential_CookingBench_01\n'}
[1.421134] (trover_description) StdoutLine: {'line': b'-- Up-to-date: /home/elizabeth/MREN203_Trover/install/trover_description/share/trover_description/worlds/models/aws_robomaker_residential_CookingBench_01/model.sdf\n'}
[1.421341] (trover_description) StdoutLine: {'line': b'-- Up-to-date: /home/elizabeth/MREN203_Trover/install/trover_description/share/trover_description/worlds/models/aws_robomaker_residential_CookingBench_01/materials\n'}
[1.421457] (trover_description) StdoutLine: {'line': b'-- Up-to-date: /home/elizabeth/MREN203_Trover/install/trover_description/share/trover_description/worlds/models/aws_robomaker_residential_CookingBench_01/materials/textures\n'}
[1.421549] (trover_description) StdoutLine: {'line': b'-- Up-to-date: /home/elizabeth/MREN203_Trover/install/trover_description/share/trover_description/worlds/models/aws_robomaker_residential_CookingBench_01/materials/textures/aws_CookingBench_01.png\n'}
[1.421637] (trover_description) StdoutLine: {'line': b'-- Up-to-date: /home/elizabeth/MREN203_Trover/install/trover_description/share/trover_description/worlds/models/aws_robomaker_residential_CookingBench_01/model.config\n'}
[1.421724] (trover_description) StdoutLine: {'line': b'-- Up-to-date: /home/elizabeth/MREN203_Trover/install/trover_description/share/trover_description/worlds/models/aws_robomaker_residential_CookingBench_01/meshes\n'}
[1.421811] (trover_description) StdoutLine: {'line': b'-- Up-to-date: /home/elizabeth/MREN203_Trover/install/trover_description/share/trover_description/worlds/models/aws_robomaker_residential_CookingBench_01/meshes/aws_CookingBench_01_collision.DAE\n'}
[1.422058] (trover_description) StdoutLine: {'line': b'-- Up-to-date: /home/elizabeth/MREN203_Trover/install/trover_description/share/trover_description/worlds/models/aws_robomaker_residential_CookingBench_01/meshes/aws_CookingBench_01_visual.DAE\n'}
[1.422470] (trover_description) StdoutLine: {'line': b'-- Up-to-date: /home/elizabeth/MREN203_Trover/install/trover_description/share/trover_description/worlds/models/aws_robomaker_residential_CookingBench_01/meshes/aws_CookingBench_01.DAE\n'}
[1.422770] (trover_description) StdoutLine: {'line': b'-- Up-to-date: /home/elizabeth/MREN203_Trover/install/trover_description/share/trover_description/worlds/models/aws_robomaker_residential_DeskPortraitA_01\n'}
[1.423115] (trover_description) StdoutLine: {'line': b'-- Up-to-date: /home/elizabeth/MREN203_Trover/install/trover_description/share/trover_description/worlds/models/aws_robomaker_residential_DeskPortraitA_01/model.sdf\n'}
[1.429796] (trover_description) StdoutLine: {'line': b'-- Up-to-date: /home/elizabeth/MREN203_Trover/install/trover_description/share/trover_description/worlds/models/aws_robomaker_residential_DeskPortraitA_01/materials\n'}
[1.431609] (trover_description) StdoutLine: {'line': b'-- Up-to-date: /home/elizabeth/MREN203_Trover/install/trover_description/share/trover_description/worlds/models/aws_robomaker_residential_DeskPortraitA_01/materials/textures\n'}
[1.436054] (trover_description) StdoutLine: {'line': b'-- Up-to-date: /home/elizabeth/MREN203_Trover/install/trover_description/share/trover_description/worlds/models/aws_robomaker_residential_DeskPortraitA_01/materials/textures/aws_DeskPortraitA_02.png\n'}
[1.436257] (trover_description) StdoutLine: {'line': b'-- Up-to-date: /home/elizabeth/MREN203_Trover/install/trover_description/share/trover_description/worlds/models/aws_robomaker_residential_DeskPortraitA_01/materials/textures/aws_DeskPortraitA_01.png\n'}
[1.436339] (trover_description) StdoutLine: {'line': b'-- Up-to-date: /home/elizabeth/MREN203_Trover/install/trover_description/share/trover_description/worlds/models/aws_robomaker_residential_DeskPortraitA_01/materials/textures/DeskPortraitA_01.jpg\n'}
[1.436416] (trover_description) StdoutLine: {'line': b'-- Up-to-date: /home/elizabeth/MREN203_Trover/install/trover_description/share/trover_description/worlds/models/aws_robomaker_residential_DeskPortraitA_01/model.config\n'}
[1.436560] (trover_description) StdoutLine: {'line': b'-- Up-to-date: /home/elizabeth/MREN203_Trover/install/trover_description/share/trover_description/worlds/models/aws_robomaker_residential_DeskPortraitA_01/meshes\n'}
[1.436644] (trover_description) StdoutLine: {'line': b'-- Up-to-date: /home/elizabeth/MREN203_Trover/install/trover_description/share/trover_description/worlds/models/aws_robomaker_residential_DeskPortraitA_01/meshes/aws_DeskPortraitA_01_visual.DAE\n'}
[1.436721] (trover_description) StdoutLine: {'line': b'-- Up-to-date: /home/elizabeth/MREN203_Trover/install/trover_description/share/trover_description/worlds/models/aws_robomaker_residential_DeskPortraitA_01/meshes/aws_DeskPortraitA_01_collision.DAE\n'}
[1.436796] (trover_description) StdoutLine: {'line': b'-- Up-to-date: /home/elizabeth/MREN203_Trover/install/trover_description/share/trover_description/worlds/models/aws_robomaker_residential_Handle_01\n'}
[1.436883] (trover_description) StdoutLine: {'line': b'-- Up-to-date: /home/elizabeth/MREN203_Trover/install/trover_description/share/trover_description/worlds/models/aws_robomaker_residential_Handle_01/model.sdf\n'}
[1.436959] (trover_description) StdoutLine: {'line': b'-- Up-to-date: /home/elizabeth/MREN203_Trover/install/trover_description/share/trover_description/worlds/models/aws_robomaker_residential_Handle_01/materials\n'}
[1.437033] (trover_description) StdoutLine: {'line': b'-- Up-to-date: /home/elizabeth/MREN203_Trover/install/trover_description/share/trover_description/worlds/models/aws_robomaker_residential_Handle_01/materials/textures\n'}
[1.437122] (trover_description) StdoutLine: {'line': b'-- Up-to-date: /home/elizabeth/MREN203_Trover/install/trover_description/share/trover_description/worlds/models/aws_robomaker_residential_Handle_01/materials/textures/aws_Handle_01.png\n'}
[1.437210] (trover_description) StdoutLine: {'line': b'-- Up-to-date: /home/elizabeth/MREN203_Trover/install/trover_description/share/trover_description/worlds/models/aws_robomaker_residential_Handle_01/model.config\n'}
[1.437297] (trover_description) StdoutLine: {'line': b'-- Up-to-date: /home/elizabeth/MREN203_Trover/install/trover_description/share/trover_description/worlds/models/aws_robomaker_residential_Handle_01/meshes\n'}
[1.437385] (trover_description) StdoutLine: {'line': b'-- Up-to-date: /home/elizabeth/MREN203_Trover/install/trover_description/share/trover_description/worlds/models/aws_robomaker_residential_Handle_01/meshes/aws_Handle_01_collision.DAE\n'}
[1.437473] (trover_description) StdoutLine: {'line': b'-- Up-to-date: /home/elizabeth/MREN203_Trover/install/trover_description/share/trover_description/worlds/models/aws_robomaker_residential_Handle_01/meshes/aws_Handle_01_visual.DAE\n'}
[1.444174] (trover_description) StdoutLine: {'line': b'-- Up-to-date: /home/elizabeth/MREN203_Trover/install/trover_description/share/trover_description/worlds/models/.DS_Store\n'}
[1.446646] (trover_description) StdoutLine: {'line': b'-- Up-to-date: /home/elizabeth/MREN203_Trover/install/trover_description/share/trover_description/worlds/models/aws_robomaker_residential_Board_01\n'}
[1.447208] (trover_description) StdoutLine: {'line': b'-- Up-to-date: /home/elizabeth/MREN203_Trover/install/trover_description/share/trover_description/worlds/models/aws_robomaker_residential_Board_01/model.sdf\n'}
[1.447774] (trover_description) StdoutLine: {'line': b'-- Up-to-date: /home/elizabeth/MREN203_Trover/install/trover_description/share/trover_description/worlds/models/aws_robomaker_residential_Board_01/materials\n'}
[1.452431] (trover_description) StdoutLine: {'line': b'-- Up-to-date: /home/elizabeth/MREN203_Trover/install/trover_description/share/trover_description/worlds/models/aws_robomaker_residential_Board_01/materials/textures\n'}
[1.470518] (trover_description) StdoutLine: {'line': b'-- Up-to-date: /home/elizabeth/MREN203_Trover/install/trover_description/share/trover_description/worlds/models/aws_robomaker_residential_Board_01/materials/textures/aws_Board_01.png\n'}
[1.477462] (-) TimerEvent: {}
[1.479125] (trover_description) StdoutLine: {'line': b'-- Up-to-date: /home/elizabeth/MREN203_Trover/install/trover_description/share/trover_description/worlds/models/aws_robomaker_residential_Board_01/model.config\n'}
[1.479363] (trover_description) StdoutLine: {'line': b'-- Up-to-date: /home/elizabeth/MREN203_Trover/install/trover_description/share/trover_description/worlds/models/aws_robomaker_residential_Board_01/meshes\n'}
[1.480570] (trover_description) StdoutLine: {'line': b'-- Up-to-date: /home/elizabeth/MREN203_Trover/install/trover_description/share/trover_description/worlds/models/aws_robomaker_residential_Board_01/meshes/aws_Board_01_collision.DAE\n'}
[1.483246] (trover_description) StdoutLine: {'line': b'-- Up-to-date: /home/elizabeth/MREN203_Trover/install/trover_description/share/trover_description/worlds/models/aws_robomaker_residential_Board_01/meshes/aws_Board_01_visual.DAE\n'}
[1.484845] (trover_description) StdoutLine: {'line': b'-- Up-to-date: /home/elizabeth/MREN203_Trover/install/trover_description/share/trover_description/worlds/models/aws_robomaker_residential_DeskPortraitB_02\n'}
[1.487554] (trover_description) StdoutLine: {'line': b'-- Up-to-date: /home/elizabeth/MREN203_Trover/install/trover_description/share/trover_description/worlds/models/aws_robomaker_residential_DeskPortraitB_02/model.sdf\n'}
[1.488149] (trover_description) StdoutLine: {'line': b'-- Up-to-date: /home/elizabeth/MREN203_Trover/install/trover_description/share/trover_description/worlds/models/aws_robomaker_residential_DeskPortraitB_02/materials\n'}
[1.488635] (trover_description) StdoutLine: {'line': b'-- Up-to-date: /home/elizabeth/MREN203_Trover/install/trover_description/share/trover_description/worlds/models/aws_robomaker_residential_DeskPortraitB_02/materials/textures\n'}
[1.488789] (trover_description) StdoutLine: {'line': b'-- Up-to-date: /home/elizabeth/MREN203_Trover/install/trover_description/share/trover_description/worlds/models/aws_robomaker_residential_DeskPortraitB_02/materials/textures/DeskPortraitB_02.jpg\n'}
[1.488930] (trover_description) StdoutLine: {'line': b'-- Up-to-date: /home/elizabeth/MREN203_Trover/install/trover_description/share/trover_description/worlds/models/aws_robomaker_residential_DeskPortraitB_02/materials/textures/aws_DeskPortraitB_02.png\n'}
[1.489051] (trover_description) StdoutLine: {'line': b'-- Up-to-date: /home/elizabeth/MREN203_Trover/install/trover_description/share/trover_description/worlds/models/aws_robomaker_residential_DeskPortraitB_02/materials/textures/aws_DeskPortraitB_01.png\n'}
[1.489257] (trover_description) StdoutLine: {'line': b'-- Up-to-date: /home/elizabeth/MREN203_Trover/install/trover_description/share/trover_description/worlds/models/aws_robomaker_residential_DeskPortraitB_02/model.config\n'}
[1.489437] (trover_description) StdoutLine: {'line': b'-- Up-to-date: /home/elizabeth/MREN203_Trover/install/trover_description/share/trover_description/worlds/models/aws_robomaker_residential_DeskPortraitB_02/meshes\n'}
[1.489584] (trover_description) StdoutLine: {'line': b'-- Up-to-date: /home/elizabeth/MREN203_Trover/install/trover_description/share/trover_description/worlds/models/aws_robomaker_residential_DeskPortraitB_02/meshes/aws_DeskPortraitB_01_visual.DAE\n'}
[1.489725] (trover_description) StdoutLine: {'line': b'-- Up-to-date: /home/elizabeth/MREN203_Trover/install/trover_description/share/trover_description/worlds/models/aws_robomaker_residential_DeskPortraitB_02/meshes/aws_DeskPortraitB_01_collision.DAE\n'}
[1.489899] (trover_description) StdoutLine: {'line': b'-- Up-to-date: /home/elizabeth/MREN203_Trover/install/trover_description/share/trover_description/worlds/models/aws_robomaker_residential_DeskPortraitD_03\n'}
[1.490049] (trover_description) StdoutLine: {'line': b'-- Up-to-date: /home/elizabeth/MREN203_Trover/install/trover_description/share/trover_description/worlds/models/aws_robomaker_residential_DeskPortraitD_03/model.sdf\n'}
[1.502435] (trover_description) StdoutLine: {'line': b'-- Up-to-date: /home/elizabeth/MREN203_Trover/install/trover_description/share/trover_description/worlds/models/aws_robomaker_residential_DeskPortraitD_03/materials\n'}
[1.502568] (trover_description) StdoutLine: {'line': b'-- Up-to-date: /home/elizabeth/MREN203_Trover/install/trover_description/share/trover_description/worlds/models/aws_robomaker_residential_DeskPortraitD_03/materials/textures\n'}
[1.502648] (trover_description) StdoutLine: {'line': b'-- Up-to-date: /home/elizabeth/MREN203_Trover/install/trover_description/share/trover_description/worlds/models/aws_robomaker_residential_DeskPortraitD_03/materials/textures/DeskPortraitD_03.jpg\n'}
[1.502724] (trover_description) StdoutLine: {'line': b'-- Up-to-date: /home/elizabeth/MREN203_Trover/install/trover_description/share/trover_description/worlds/models/aws_robomaker_residential_DeskPortraitD_03/materials/textures/aws_DeskPortraitD_02.png\n'}
[1.502800] (trover_description) StdoutLine: {'line': b'-- Up-to-date: /home/elizabeth/MREN203_Trover/install/trover_description/share/trover_description/worlds/models/aws_robomaker_residential_DeskPortraitD_03/materials/textures/aws_DeskPortraitD_01.png\n'}
[1.502873] (trover_description) StdoutLine: {'line': b'-- Up-to-date: /home/elizabeth/MREN203_Trover/install/trover_description/share/trover_description/worlds/models/aws_robomaker_residential_DeskPortraitD_03/model.config\n'}
[1.502946] (trover_description) StdoutLine: {'line': b'-- Up-to-date: /home/elizabeth/MREN203_Trover/install/trover_description/share/trover_description/worlds/models/aws_robomaker_residential_DeskPortraitD_03/meshes\n'}
[1.503019] (trover_description) StdoutLine: {'line': b'-- Up-to-date: /home/elizabeth/MREN203_Trover/install/trover_description/share/trover_description/worlds/models/aws_robomaker_residential_DeskPortraitD_03/meshes/aws_DeskPortraitD_01_collision.DAE\n'}
[1.503116] (trover_description) StdoutLine: {'line': b'-- Up-to-date: /home/elizabeth/MREN203_Trover/install/trover_description/share/trover_description/worlds/models/aws_robomaker_residential_DeskPortraitD_03/meshes/aws_DeskPortraitD_01_visual.DAE\n'}
[1.503203] (trover_description) StdoutLine: {'line': b'-- Up-to-date: /home/elizabeth/MREN203_Trover/install/trover_description/share/trover_description/worlds/models/aws_robomaker_residential_DeskPortraitD_01\n'}
[1.503275] (trover_description) StdoutLine: {'line': b'-- Up-to-date: /home/elizabeth/MREN203_Trover/install/trover_description/share/trover_description/worlds/models/aws_robomaker_residential_DeskPortraitD_01/model.sdf\n'}
[1.503345] (trover_description) StdoutLine: {'line': b'-- Up-to-date: /home/elizabeth/MREN203_Trover/install/trover_description/share/trover_description/worlds/models/aws_robomaker_residential_DeskPortraitD_01/materials\n'}
[1.503415] (trover_description) StdoutLine: {'line': b'-- Up-to-date: /home/elizabeth/MREN203_Trover/install/trover_description/share/trover_description/worlds/models/aws_robomaker_residential_DeskPortraitD_01/materials/textures\n'}
[1.503554] (trover_description) StdoutLine: {'line': b'-- Up-to-date: /home/elizabeth/MREN203_Trover/install/trover_description/share/trover_description/worlds/models/aws_robomaker_residential_DeskPortraitD_01/materials/textures/aws_DeskPortraitD_02.png\n'}
[1.503653] (trover_description) StdoutLine: {'line': b'-- Up-to-date: /home/elizabeth/MREN203_Trover/install/trover_description/share/trover_description/worlds/models/aws_robomaker_residential_DeskPortraitD_01/materials/textures/DeskPortraitD_01.jpg\n'}
[1.503728] (trover_description) StdoutLine: {'line': b'-- Up-to-date: /home/elizabeth/MREN203_Trover/install/trover_description/share/trover_description/worlds/models/aws_robomaker_residential_DeskPortraitD_01/materials/textures/aws_DeskPortraitD_01.png\n'}
[1.503797] (trover_description) StdoutLine: {'line': b'-- Up-to-date: /home/elizabeth/MREN203_Trover/install/trover_description/share/trover_description/worlds/models/aws_robomaker_residential_DeskPortraitD_01/model.config\n'}
[1.503867] (trover_description) StdoutLine: {'line': b'-- Up-to-date: /home/elizabeth/MREN203_Trover/install/trover_description/share/trover_description/worlds/models/aws_robomaker_residential_DeskPortraitD_01/meshes\n'}
[1.503936] (trover_description) StdoutLine: {'line': b'-- Up-to-date: /home/elizabeth/MREN203_Trover/install/trover_description/share/trover_description/worlds/models/aws_robomaker_residential_DeskPortraitD_01/meshes/aws_DeskPortraitD_01_collision.DAE\n'}
[1.504006] (trover_description) StdoutLine: {'line': b'-- Up-to-date: /home/elizabeth/MREN203_Trover/install/trover_description/share/trover_description/worlds/models/aws_robomaker_residential_DeskPortraitD_01/meshes/aws_DeskPortraitD_01_visual.DAE\n'}
[1.504074] (trover_description) StdoutLine: {'line': b'-- Up-to-date: /home/elizabeth/MREN203_Trover/install/trover_description/share/trover_description/worlds/models/aws_robomaker_residential_KitchenUtensils_01\n'}
[1.504152] (trover_description) StdoutLine: {'line': b'-- Up-to-date: /home/elizabeth/MREN203_Trover/install/trover_description/share/trover_description/worlds/models/aws_robomaker_residential_KitchenUtensils_01/model.sdf\n'}
[1.504234] (trover_description) StdoutLine: {'line': b'-- Up-to-date: /home/elizabeth/MREN203_Trover/install/trover_description/share/trover_description/worlds/models/aws_robomaker_residential_KitchenUtensils_01/materials\n'}
[1.504314] (trover_description) StdoutLine: {'line': b'-- Up-to-date: /home/elizabeth/MREN203_Trover/install/trover_description/share/trover_description/worlds/models/aws_robomaker_residential_KitchenUtensils_01/materials/textures\n'}
[1.504397] (trover_description) StdoutLine: {'line': b'-- Up-to-date: /home/elizabeth/MREN203_Trover/install/trover_description/share/trover_description/worlds/models/aws_robomaker_residential_KitchenUtensils_01/materials/textures/aws_KitchenUtensils_01.png\n'}
[1.504493] (trover_description) StdoutLine: {'line': b'-- Up-to-date: /home/elizabeth/MREN203_Trover/install/trover_description/share/trover_description/worlds/models/aws_robomaker_residential_KitchenUtensils_01/model.config\n'}
[1.504576] (trover_description) StdoutLine: {'line': b'-- Up-to-date: /home/elizabeth/MREN203_Trover/install/trover_description/share/trover_description/worlds/models/aws_robomaker_residential_KitchenUtensils_01/meshes\n'}
[1.504658] (trover_description) StdoutLine: {'line': b'-- Up-to-date: /home/elizabeth/MREN203_Trover/install/trover_description/share/trover_description/worlds/models/aws_robomaker_residential_KitchenUtensils_01/meshes/aws_KitchenUtensils_01_visual.DAE\n'}
[1.504740] (trover_description) StdoutLine: {'line': b'-- Up-to-date: /home/elizabeth/MREN203_Trover/install/trover_description/share/trover_description/worlds/models/aws_robomaker_residential_KitchenUtensils_01/meshes/aws_KitchenUtensils_01_collision.DAE\n'}
[1.504821] (trover_description) StdoutLine: {'line': b'-- Up-to-date: /home/elizabeth/MREN203_Trover/install/trover_description/share/trover_description/worlds/models/aws_robomaker_residential_HouseWallB_01\n'}
[1.504902] (trover_description) StdoutLine: {'line': b'-- Up-to-date: /home/elizabeth/MREN203_Trover/install/trover_description/share/trover_description/worlds/models/aws_robomaker_residential_HouseWallB_01/model.sdf\n'}
[1.504984] (trover_description) StdoutLine: {'line': b'-- Up-to-date: /home/elizabeth/MREN203_Trover/install/trover_description/share/trover_description/worlds/models/aws_robomaker_residential_HouseWallB_01/materials\n'}
[1.505067] (trover_description) StdoutLine: {'line': b'-- Up-to-date: /home/elizabeth/MREN203_Trover/install/trover_description/share/trover_description/worlds/models/aws_robomaker_residential_HouseWallB_01/materials/textures\n'}
[1.505168] (trover_description) StdoutLine: {'line': b'-- Up-to-date: /home/elizabeth/MREN203_Trover/install/trover_description/share/trover_description/worlds/models/aws_robomaker_residential_HouseWallB_01/materials/textures/aws_HouseWallB_01.png\n'}
[1.505252] (trover_description) StdoutLine: {'line': b'-- Up-to-date: /home/elizabeth/MREN203_Trover/install/trover_description/share/trover_description/worlds/models/aws_robomaker_residential_HouseWallB_01/model.config\n'}
[1.505335] (trover_description) StdoutLine: {'line': b'-- Up-to-date: /home/elizabeth/MREN203_Trover/install/trover_description/share/trover_description/worlds/models/aws_robomaker_residential_HouseWallB_01/meshes\n'}
[1.505426] (trover_description) StdoutLine: {'line': b'-- Up-to-date: /home/elizabeth/MREN203_Trover/install/trover_description/share/trover_description/worlds/models/aws_robomaker_residential_HouseWallB_01/meshes/aws_HouseWallB_01_collision.DAE\n'}
[1.505581] (trover_description) StdoutLine: {'line': b'-- Up-to-date: /home/elizabeth/MREN203_Trover/install/trover_description/share/trover_description/worlds/models/aws_robomaker_residential_HouseWallB_01/meshes/aws_HouseWallB_01_visual.DAE\n'}
[1.505681] (trover_description) StdoutLine: {'line': b'-- Up-to-date: /home/elizabeth/MREN203_Trover/install/trover_description/share/trover_description/worlds/models/aws_robomaker_residential_Sofa_01\n'}
[1.505767] (trover_description) StdoutLine: {'line': b'-- Up-to-date: /home/elizabeth/MREN203_Trover/install/trover_description/share/trover_description/worlds/models/aws_robomaker_residential_Sofa_01/model.sdf\n'}
[1.505859] (trover_description) StdoutLine: {'line': b'-- Up-to-date: /home/elizabeth/MREN203_Trover/install/trover_description/share/trover_description/worlds/models/aws_robomaker_residential_Sofa_01/materials\n'}
[1.505967] (trover_description) StdoutLine: {'line': b'-- Up-to-date: /home/elizabeth/MREN203_Trover/install/trover_description/share/trover_description/worlds/models/aws_robomaker_residential_Sofa_01/materials/textures\n'}
[1.506097] (trover_description) StdoutLine: {'line': b'-- Up-to-date: /home/elizabeth/MREN203_Trover/install/trover_description/share/trover_description/worlds/models/aws_robomaker_residential_Sofa_01/materials/textures/aws_Sofa_01.png\n'}
[1.506200] (trover_description) StdoutLine: {'line': b'-- Up-to-date: /home/elizabeth/MREN203_Trover/install/trover_description/share/trover_description/worlds/models/aws_robomaker_residential_Sofa_01/model.config\n'}
[1.506290] (trover_description) StdoutLine: {'line': b'-- Up-to-date: /home/elizabeth/MREN203_Trover/install/trover_description/share/trover_description/worlds/models/aws_robomaker_residential_Sofa_01/meshes\n'}
[1.506378] (trover_description) StdoutLine: {'line': b'-- Up-to-date: /home/elizabeth/MREN203_Trover/install/trover_description/share/trover_description/worlds/models/aws_robomaker_residential_Sofa_01/meshes/aws_Sofa_01_collision.DAE\n'}
[1.506466] (trover_description) StdoutLine: {'line': b'-- Up-to-date: /home/elizabeth/MREN203_Trover/install/trover_description/share/trover_description/worlds/models/aws_robomaker_residential_Sofa_01/meshes/aws_Sofa_01.DAE\n'}
[1.506552] (trover_description) StdoutLine: {'line': b'-- Up-to-date: /home/elizabeth/MREN203_Trover/install/trover_description/share/trover_description/worlds/models/aws_robomaker_residential_Sofa_01/meshes/aws_Sofa_01_visual.DAE\n'}
[1.506639] (trover_description) StdoutLine: {'line': b'-- Up-to-date: /home/elizabeth/MREN203_Trover/install/trover_description/share/trover_description/worlds/models/aws_robomaker_residential_SofaB_01\n'}
[1.506726] (trover_description) StdoutLine: {'line': b'-- Up-to-date: /home/elizabeth/MREN203_Trover/install/trover_description/share/trover_description/worlds/models/aws_robomaker_residential_SofaB_01/model.sdf\n'}
[1.506813] (trover_description) StdoutLine: {'line': b'-- Up-to-date: /home/elizabeth/MREN203_Trover/install/trover_description/share/trover_description/worlds/models/aws_robomaker_residential_SofaB_01/materials\n'}
[1.506900] (trover_description) StdoutLine: {'line': b'-- Up-to-date: /home/elizabeth/MREN203_Trover/install/trover_description/share/trover_description/worlds/models/aws_robomaker_residential_SofaB_01/materials/textures\n'}
[1.506990] (trover_description) StdoutLine: {'line': b'-- Up-to-date: /home/elizabeth/MREN203_Trover/install/trover_description/share/trover_description/worlds/models/aws_robomaker_residential_SofaB_01/materials/textures/aws_SofaB_01.png\n'}
[1.507078] (trover_description) StdoutLine: {'line': b'-- Up-to-date: /home/elizabeth/MREN203_Trover/install/trover_description/share/trover_description/worlds/models/aws_robomaker_residential_SofaB_01/model.config\n'}
[1.507166] (trover_description) StdoutLine: {'line': b'-- Up-to-date: /home/elizabeth/MREN203_Trover/install/trover_description/share/trover_description/worlds/models/aws_robomaker_residential_SofaB_01/meshes\n'}
[1.507253] (trover_description) StdoutLine: {'line': b'-- Up-to-date: /home/elizabeth/MREN203_Trover/install/trover_description/share/trover_description/worlds/models/aws_robomaker_residential_SofaB_01/meshes/aws_SofaB_01_visual.DAE\n'}
[1.507342] (trover_description) StdoutLine: {'line': b'-- Up-to-date: /home/elizabeth/MREN203_Trover/install/trover_description/share/trover_description/worlds/models/aws_robomaker_residential_SofaB_01/meshes/aws_SofaB_01_collision.DAE\n'}
[1.507451] (trover_description) StdoutLine: {'line': b'-- Up-to-date: /home/elizabeth/MREN203_Trover/install/trover_description/share/trover_description/worlds/models/aws_robomaker_residential_AirconditionerA_01\n'}
[1.507617] (trover_description) StdoutLine: {'line': b'-- Up-to-date: /home/elizabeth/MREN203_Trover/install/trover_description/share/trover_description/worlds/models/aws_robomaker_residential_AirconditionerA_01/model.sdf\n'}
[1.507721] (trover_description) StdoutLine: {'line': b'-- Up-to-date: /home/elizabeth/MREN203_Trover/install/trover_description/share/trover_description/worlds/models/aws_robomaker_residential_AirconditionerA_01/materials\n'}
[1.507827] (trover_description) StdoutLine: {'line': b'-- Up-to-date: /home/elizabeth/MREN203_Trover/install/trover_description/share/trover_description/worlds/models/aws_robomaker_residential_AirconditionerA_01/materials/textures\n'}
[1.507928] (trover_description) StdoutLine: {'line': b'-- Up-to-date: /home/elizabeth/MREN203_Trover/install/trover_description/share/trover_description/worlds/models/aws_robomaker_residential_AirconditionerA_01/materials/textures/aws_AirconditionerA_01.png\n'}
[1.515097] (trover_description) StdoutLine: {'line': b'-- Up-to-date: /home/elizabeth/MREN203_Trover/install/trover_description/share/trover_description/worlds/models/aws_robomaker_residential_AirconditionerA_01/model.config\n'}
[1.515812] (trover_description) StdoutLine: {'line': b'-- Up-to-date: /home/elizabeth/MREN203_Trover/install/trover_description/share/trover_description/worlds/models/aws_robomaker_residential_AirconditionerA_01/meshes\n'}
[1.515976] (trover_description) StdoutLine: {'line': b'-- Up-to-date: /home/elizabeth/MREN203_Trover/install/trover_description/share/trover_description/worlds/models/aws_robomaker_residential_AirconditionerA_01/meshes/aws_AirconditionerA_01_visual.DAE\n'}
[1.516133] (trover_description) StdoutLine: {'line': b'-- Up-to-date: /home/elizabeth/MREN203_Trover/install/trover_description/share/trover_description/worlds/models/aws_robomaker_residential_AirconditionerA_01/meshes/aws_AirconditionerA_01_collision.DAE\n'}
[1.516319] (trover_description) StdoutLine: {'line': b'-- Up-to-date: /home/elizabeth/MREN203_Trover/install/trover_description/share/trover_description/worlds/models/aws_robomaker_residential_CoffeeTable_01\n'}
[1.516481] (trover_description) StdoutLine: {'line': b'-- Up-to-date: /home/elizabeth/MREN203_Trover/install/trover_description/share/trover_description/worlds/models/aws_robomaker_residential_CoffeeTable_01/model.sdf\n'}
[1.516655] (trover_description) StdoutLine: {'line': b'-- Up-to-date: /home/elizabeth/MREN203_Trover/install/trover_description/share/trover_description/worlds/models/aws_robomaker_residential_CoffeeTable_01/materials\n'}
[1.516849] (trover_description) StdoutLine: {'line': b'-- Up-to-date: /home/elizabeth/MREN203_Trover/install/trover_description/share/trover_description/worlds/models/aws_robomaker_residential_CoffeeTable_01/materials/textures\n'}
[1.516982] (trover_description) StdoutLine: {'line': b'-- Up-to-date: /home/elizabeth/MREN203_Trover/install/trover_description/share/trover_description/worlds/models/aws_robomaker_residential_CoffeeTable_01/materials/textures/aws_CoffeeTable_01.png\n'}
[1.517217] (trover_description) StdoutLine: {'line': b'-- Up-to-date: /home/elizabeth/MREN203_Trover/install/trover_description/share/trover_description/worlds/models/aws_robomaker_residential_CoffeeTable_01/model.config\n'}
[1.517373] (trover_description) StdoutLine: {'line': b'-- Up-to-date: /home/elizabeth/MREN203_Trover/install/trover_description/share/trover_description/worlds/models/aws_robomaker_residential_CoffeeTable_01/meshes\n'}
[1.517516] (trover_description) StdoutLine: {'line': b'-- Up-to-date: /home/elizabeth/MREN203_Trover/install/trover_description/share/trover_description/worlds/models/aws_robomaker_residential_CoffeeTable_01/meshes/aws_CoffeeTable_01_collision.DAE\n'}
[1.517655] (trover_description) StdoutLine: {'line': b'-- Up-to-date: /home/elizabeth/MREN203_Trover/install/trover_description/share/trover_description/worlds/models/aws_robomaker_residential_CoffeeTable_01/meshes/aws_CoffeeTable_01_visual.DAE\n'}
[1.517808] (trover_description) StdoutLine: {'line': b'-- Up-to-date: /home/elizabeth/MREN203_Trover/install/trover_description/share/trover_description/worlds/models/aws_robomaker_residential_TV_01\n'}
[1.517956] (trover_description) StdoutLine: {'line': b'-- Up-to-date: /home/elizabeth/MREN203_Trover/install/trover_description/share/trover_description/worlds/models/aws_robomaker_residential_TV_01/model.sdf\n'}
[1.518107] (trover_description) StdoutLine: {'line': b'-- Up-to-date: /home/elizabeth/MREN203_Trover/install/trover_description/share/trover_description/worlds/models/aws_robomaker_residential_TV_01/materials\n'}
[1.518353] (trover_description) StdoutLine: {'line': b'-- Up-to-date: /home/elizabeth/MREN203_Trover/install/trover_description/share/trover_description/worlds/models/aws_robomaker_residential_TV_01/materials/textures\n'}
[1.518525] (trover_description) StdoutLine: {'line': b'-- Up-to-date: /home/elizabeth/MREN203_Trover/install/trover_description/share/trover_description/worlds/models/aws_robomaker_residential_TV_01/materials/textures/aws_TV_01.png\n'}
[1.518789] (trover_description) StdoutLine: {'line': b'-- Up-to-date: /home/elizabeth/MREN203_Trover/install/trover_description/share/trover_description/worlds/models/aws_robomaker_residential_TV_01/model.config\n'}
[1.518967] (trover_description) StdoutLine: {'line': b'-- Up-to-date: /home/elizabeth/MREN203_Trover/install/trover_description/share/trover_description/worlds/models/aws_robomaker_residential_TV_01/meshes\n'}
[1.519199] (trover_description) StdoutLine: {'line': b'-- Up-to-date: /home/elizabeth/MREN203_Trover/install/trover_description/share/trover_description/worlds/models/aws_robomaker_residential_TV_01/meshes/aws_TV_01_collision.DAE\n'}
[1.519329] (trover_description) StdoutLine: {'line': b'-- Up-to-date: /home/elizabeth/MREN203_Trover/install/trover_description/share/trover_description/worlds/models/aws_robomaker_residential_TV_01/meshes/aws_TV_01_visual.DAE\n'}
[1.519450] (trover_description) StdoutLine: {'line': b'-- Up-to-date: /home/elizabeth/MREN203_Trover/install/trover_description/share/trover_description/worlds/models/aws_robomaker_residential_Refrigerator_01\n'}
[1.519556] (trover_description) StdoutLine: {'line': b'-- Up-to-date: /home/elizabeth/MREN203_Trover/install/trover_description/share/trover_description/worlds/models/aws_robomaker_residential_Refrigerator_01/model.sdf\n'}
[1.519651] (trover_description) StdoutLine: {'line': b'-- Up-to-date: /home/elizabeth/MREN203_Trover/install/trover_description/share/trover_description/worlds/models/aws_robomaker_residential_Refrigerator_01/materials\n'}
[1.519735] (trover_description) StdoutLine: {'line': b'-- Up-to-date: /home/elizabeth/MREN203_Trover/install/trover_description/share/trover_description/worlds/models/aws_robomaker_residential_Refrigerator_01/materials/textures\n'}
[1.519820] (trover_description) StdoutLine: {'line': b'-- Up-to-date: /home/elizabeth/MREN203_Trover/install/trover_description/share/trover_description/worlds/models/aws_robomaker_residential_Refrigerator_01/materials/textures/aws_Refrigerator_02.png\n'}
[1.519921] (trover_description) StdoutLine: {'line': b'-- Up-to-date: /home/elizabeth/MREN203_Trover/install/trover_description/share/trover_description/worlds/models/aws_robomaker_residential_Refrigerator_01/materials/textures/aws_Refrigerator_01.png\n'}
[1.520044] (trover_description) StdoutLine: {'line': b'-- Up-to-date: /home/elizabeth/MREN203_Trover/install/trover_description/share/trover_description/worlds/models/aws_robomaker_residential_Refrigerator_01/model.config\n'}
[1.520151] (trover_description) StdoutLine: {'line': b'-- Up-to-date: /home/elizabeth/MREN203_Trover/install/trover_description/share/trover_description/worlds/models/aws_robomaker_residential_Refrigerator_01/meshes\n'}
[1.520258] (trover_description) StdoutLine: {'line': b'-- Up-to-date: /home/elizabeth/MREN203_Trover/install/trover_description/share/trover_description/worlds/models/aws_robomaker_residential_Refrigerator_01/meshes/aws_Refrigerator_01.DAE\n'}
[1.520338] (trover_description) StdoutLine: {'line': b'-- Up-to-date: /home/elizabeth/MREN203_Trover/install/trover_description/share/trover_description/worlds/models/aws_robomaker_residential_Refrigerator_01/meshes/aws_Refrigerator_01_visual.DAE\n'}
[1.520408] (trover_description) StdoutLine: {'line': b'-- Up-to-date: /home/elizabeth/MREN203_Trover/install/trover_description/share/trover_description/worlds/models/aws_robomaker_residential_Refrigerator_01/meshes/aws_Refrigerator_01_collision.DAE\n'}
[1.520480] (trover_description) StdoutLine: {'line': b'-- Up-to-date: /home/elizabeth/MREN203_Trover/install/trover_description/share/trover_description/worlds/models/aws_robomaker_residential_Door_01\n'}
[1.520576] (trover_description) StdoutLine: {'line': b'-- Up-to-date: /home/elizabeth/MREN203_Trover/install/trover_description/share/trover_description/worlds/models/aws_robomaker_residential_Door_01/model.sdf\n'}
[1.520688] (trover_description) StdoutLine: {'line': b'-- Up-to-date: /home/elizabeth/MREN203_Trover/install/trover_description/share/trover_description/worlds/models/aws_robomaker_residential_Door_01/materials\n'}
[1.520819] (trover_description) StdoutLine: {'line': b'-- Up-to-date: /home/elizabeth/MREN203_Trover/install/trover_description/share/trover_description/worlds/models/aws_robomaker_residential_Door_01/materials/textures\n'}
[1.520935] (trover_description) StdoutLine: {'line': b'-- Up-to-date: /home/elizabeth/MREN203_Trover/install/trover_description/share/trover_description/worlds/models/aws_robomaker_residential_Door_01/materials/textures/aws_Door_01.png\n'}
[1.521041] (trover_description) StdoutLine: {'line': b'-- Up-to-date: /home/elizabeth/MREN203_Trover/install/trover_description/share/trover_description/worlds/models/aws_robomaker_residential_Door_01/model.config\n'}
[1.521197] (trover_description) StdoutLine: {'line': b'-- Up-to-date: /home/elizabeth/MREN203_Trover/install/trover_description/share/trover_description/worlds/models/aws_robomaker_residential_Door_01/meshes\n'}
[1.521280] (trover_description) StdoutLine: {'line': b'-- Up-to-date: /home/elizabeth/MREN203_Trover/install/trover_description/share/trover_description/worlds/models/aws_robomaker_residential_Door_01/meshes/aws_Door_01_visual.DAE\n'}
[1.521353] (trover_description) StdoutLine: {'line': b'-- Up-to-date: /home/elizabeth/MREN203_Trover/install/trover_description/share/trover_description/worlds/models/aws_robomaker_residential_Door_01/meshes/aws_Door_01_collision.DAE\n'}
[1.521422] (trover_description) StdoutLine: {'line': b'-- Up-to-date: /home/elizabeth/MREN203_Trover/install/trover_description/share/trover_description/worlds/models/aws_robomaker_residential_DeskPortraitC_02\n'}
[1.521524] (trover_description) StdoutLine: {'line': b'-- Up-to-date: /home/elizabeth/MREN203_Trover/install/trover_description/share/trover_description/worlds/models/aws_robomaker_residential_DeskPortraitC_02/model.sdf\n'}
[1.521606] (trover_description) StdoutLine: {'line': b'-- Up-to-date: /home/elizabeth/MREN203_Trover/install/trover_description/share/trover_description/worlds/models/aws_robomaker_residential_DeskPortraitC_02/materials\n'}
[1.521703] (trover_description) StdoutLine: {'line': b'-- Up-to-date: /home/elizabeth/MREN203_Trover/install/trover_description/share/trover_description/worlds/models/aws_robomaker_residential_DeskPortraitC_02/materials/textures\n'}
[1.521799] (trover_description) StdoutLine: {'line': b'-- Up-to-date: /home/elizabeth/MREN203_Trover/install/trover_description/share/trover_description/worlds/models/aws_robomaker_residential_DeskPortraitC_02/materials/textures/aws_DeskPortraitC_01.png\n'}
[1.521887] (trover_description) StdoutLine: {'line': b'-- Up-to-date: /home/elizabeth/MREN203_Trover/install/trover_description/share/trover_description/worlds/models/aws_robomaker_residential_DeskPortraitC_02/materials/textures/DeskPortraitC_02.jpg\n'}
[1.521977] (trover_description) StdoutLine: {'line': b'-- Up-to-date: /home/elizabeth/MREN203_Trover/install/trover_description/share/trover_description/worlds/models/aws_robomaker_residential_DeskPortraitC_02/materials/textures/aws_DeskPortraitC_02.png\n'}
[1.522069] (trover_description) StdoutLine: {'line': b'-- Up-to-date: /home/elizabeth/MREN203_Trover/install/trover_description/share/trover_description/worlds/models/aws_robomaker_residential_DeskPortraitC_02/model.config\n'}
[1.522171] (trover_description) StdoutLine: {'line': b'-- Up-to-date: /home/elizabeth/MREN203_Trover/install/trover_description/share/trover_description/worlds/models/aws_robomaker_residential_DeskPortraitC_02/meshes\n'}
[1.522270] (trover_description) StdoutLine: {'line': b'-- Up-to-date: /home/elizabeth/MREN203_Trover/install/trover_description/share/trover_description/worlds/models/aws_robomaker_residential_DeskPortraitC_02/meshes/aws_DeskPortraitC_01_collision.DAE\n'}
[1.522375] (trover_description) StdoutLine: {'line': b'-- Up-to-date: /home/elizabeth/MREN203_Trover/install/trover_description/share/trover_description/worlds/models/aws_robomaker_residential_DeskPortraitC_02/meshes/aws_DeskPortraitC_01_visual.DAE\n'}
[1.522464] (trover_description) StdoutLine: {'line': b'-- Up-to-date: /home/elizabeth/MREN203_Trover/install/trover_description/share/trover_description/worlds/models/aws_robomaker_residential_PortraitE_01\n'}
[1.522554] (trover_description) StdoutLine: {'line': b'-- Up-to-date: /home/elizabeth/MREN203_Trover/install/trover_description/share/trover_description/worlds/models/aws_robomaker_residential_PortraitE_01/model.sdf\n'}
[1.522667] (trover_description) StdoutLine: {'line': b'-- Up-to-date: /home/elizabeth/MREN203_Trover/install/trover_description/share/trover_description/worlds/models/aws_robomaker_residential_PortraitE_01/materials\n'}
[1.522781] (trover_description) StdoutLine: {'line': b'-- Up-to-date: /home/elizabeth/MREN203_Trover/install/trover_description/share/trover_description/worlds/models/aws_robomaker_residential_PortraitE_01/materials/textures\n'}
[1.522887] (trover_description) StdoutLine: {'line': b'-- Up-to-date: /home/elizabeth/MREN203_Trover/install/trover_description/share/trover_description/worlds/models/aws_robomaker_residential_PortraitE_01/materials/textures/aws_PortraitE_02.png\n'}
[1.522982] (trover_description) StdoutLine: {'line': b'-- Up-to-date: /home/elizabeth/MREN203_Trover/install/trover_description/share/trover_description/worlds/models/aws_robomaker_residential_PortraitE_01/materials/textures/aws_PortraitE_01.png\n'}
[1.523071] (trover_description) StdoutLine: {'line': b'-- Up-to-date: /home/elizabeth/MREN203_Trover/install/trover_description/share/trover_description/worlds/models/aws_robomaker_residential_PortraitE_01/materials/textures/PortraitE_01.jpg\n'}
[1.523240] (trover_description) StdoutLine: {'line': b'-- Up-to-date: /home/elizabeth/MREN203_Trover/install/trover_description/share/trover_description/worlds/models/aws_robomaker_residential_PortraitE_01/model.config\n'}
[1.523342] (trover_description) StdoutLine: {'line': b'-- Up-to-date: /home/elizabeth/MREN203_Trover/install/trover_description/share/trover_description/worlds/models/aws_robomaker_residential_PortraitE_01/meshes\n'}
[1.523433] (trover_description) StdoutLine: {'line': b'-- Up-to-date: /home/elizabeth/MREN203_Trover/install/trover_description/share/trover_description/worlds/models/aws_robomaker_residential_PortraitE_01/meshes/aws_PortraitE_01_visual.DAE\n'}
[1.523520] (trover_description) StdoutLine: {'line': b'-- Up-to-date: /home/elizabeth/MREN203_Trover/install/trover_description/share/trover_description/worlds/models/aws_robomaker_residential_PortraitE_01/meshes/aws_PortraitE_01_collision.DAE\n'}
[1.523643] (trover_description) StdoutLine: {'line': b'-- Up-to-date: /home/elizabeth/MREN203_Trover/install/trover_description/share/trover_description/worlds/models/aws_robomaker_residential_DeskPortraitD_04\n'}
[1.523769] (trover_description) StdoutLine: {'line': b'-- Up-to-date: /home/elizabeth/MREN203_Trover/install/trover_description/share/trover_description/worlds/models/aws_robomaker_residential_DeskPortraitD_04/model.sdf\n'}
[1.523903] (trover_description) StdoutLine: {'line': b'-- Up-to-date: /home/elizabeth/MREN203_Trover/install/trover_description/share/trover_description/worlds/models/aws_robomaker_residential_DeskPortraitD_04/materials\n'}
[1.524002] (trover_description) StdoutLine: {'line': b'-- Up-to-date: /home/elizabeth/MREN203_Trover/install/trover_description/share/trover_description/worlds/models/aws_robomaker_residential_DeskPortraitD_04/materials/textures\n'}
[1.524092] (trover_description) StdoutLine: {'line': b'-- Up-to-date: /home/elizabeth/MREN203_Trover/install/trover_description/share/trover_description/worlds/models/aws_robomaker_residential_DeskPortraitD_04/materials/textures/aws_DeskPortraitD_02.png\n'}
[1.524194] (trover_description) StdoutLine: {'line': b'-- Up-to-date: /home/elizabeth/MREN203_Trover/install/trover_description/share/trover_description/worlds/models/aws_robomaker_residential_DeskPortraitD_04/materials/textures/DeskPortraitD_04.jpg\n'}
[1.524279] (trover_description) StdoutLine: {'line': b'-- Up-to-date: /home/elizabeth/MREN203_Trover/install/trover_description/share/trover_description/worlds/models/aws_robomaker_residential_DeskPortraitD_04/materials/textures/aws_DeskPortraitD_01.png\n'}
[1.524363] (trover_description) StdoutLine: {'line': b'-- Up-to-date: /home/elizabeth/MREN203_Trover/install/trover_description/share/trover_description/worlds/models/aws_robomaker_residential_DeskPortraitD_04/model.config\n'}
[1.524447] (trover_description) StdoutLine: {'line': b'-- Up-to-date: /home/elizabeth/MREN203_Trover/install/trover_description/share/trover_description/worlds/models/aws_robomaker_residential_DeskPortraitD_04/meshes\n'}
[1.524538] (trover_description) StdoutLine: {'line': b'-- Up-to-date: /home/elizabeth/MREN203_Trover/install/trover_description/share/trover_description/worlds/models/aws_robomaker_residential_DeskPortraitD_04/meshes/aws_DeskPortraitD_01_collision.DAE\n'}
[1.524641] (trover_description) StdoutLine: {'line': b'-- Up-to-date: /home/elizabeth/MREN203_Trover/install/trover_description/share/trover_description/worlds/models/aws_robomaker_residential_DeskPortraitD_04/meshes/aws_DeskPortraitD_01_visual.DAE\n'}
[1.524726] (trover_description) StdoutLine: {'line': b'-- Up-to-date: /home/elizabeth/MREN203_Trover/install/trover_description/share/trover_description/worlds/models/aws_robomaker_residential_Pillow_01\n'}
[1.524809] (trover_description) StdoutLine: {'line': b'-- Up-to-date: /home/elizabeth/MREN203_Trover/install/trover_description/share/trover_description/worlds/models/aws_robomaker_residential_Pillow_01/model.sdf\n'}
[1.524894] (trover_description) StdoutLine: {'line': b'-- Up-to-date: /home/elizabeth/MREN203_Trover/install/trover_description/share/trover_description/worlds/models/aws_robomaker_residential_Pillow_01/materials\n'}
[1.524981] (trover_description) StdoutLine: {'line': b'-- Up-to-date: /home/elizabeth/MREN203_Trover/install/trover_description/share/trover_description/worlds/models/aws_robomaker_residential_Pillow_01/materials/textures\n'}
[1.525068] (trover_description) StdoutLine: {'line': b'-- Up-to-date: /home/elizabeth/MREN203_Trover/install/trover_description/share/trover_description/worlds/models/aws_robomaker_residential_Pillow_01/materials/textures/aws_Pillow_01.png\n'}
[1.525238] (trover_description) StdoutLine: {'line': b'-- Up-to-date: /home/elizabeth/MREN203_Trover/install/trover_description/share/trover_description/worlds/models/aws_robomaker_residential_Pillow_01/model.config\n'}
[1.525340] (trover_description) StdoutLine: {'line': b'-- Up-to-date: /home/elizabeth/MREN203_Trover/install/trover_description/share/trover_description/worlds/models/aws_robomaker_residential_Pillow_01/meshes\n'}
[1.525428] (trover_description) StdoutLine: {'line': b'-- Up-to-date: /home/elizabeth/MREN203_Trover/install/trover_description/share/trover_description/worlds/models/aws_robomaker_residential_Pillow_01/meshes/aws_Pillow_01_collision.DAE\n'}
[1.525525] (trover_description) StdoutLine: {'line': b'-- Up-to-date: /home/elizabeth/MREN203_Trover/install/trover_description/share/trover_description/worlds/models/aws_robomaker_residential_Pillow_01/meshes/aws_Pillow_01_visual.DAE\n'}
[1.525655] (trover_description) StdoutLine: {'line': b'-- Up-to-date: /home/elizabeth/MREN203_Trover/install/trover_description/share/trover_description/worlds/models/aws_robomaker_residential_Tablet_01\n'}
[1.525753] (trover_description) StdoutLine: {'line': b'-- Up-to-date: /home/elizabeth/MREN203_Trover/install/trover_description/share/trover_description/worlds/models/aws_robomaker_residential_Tablet_01/.DS_Store\n'}
[1.525840] (trover_description) StdoutLine: {'line': b'-- Up-to-date: /home/elizabeth/MREN203_Trover/install/trover_description/share/trover_description/worlds/models/aws_robomaker_residential_Tablet_01/model.sdf\n'}
[1.525946] (trover_description) StdoutLine: {'line': b'-- Up-to-date: /home/elizabeth/MREN203_Trover/install/trover_description/share/trover_description/worlds/models/aws_robomaker_residential_Tablet_01/materials\n'}
[1.526041] (trover_description) StdoutLine: {'line': b'-- Up-to-date: /home/elizabeth/MREN203_Trover/install/trover_description/share/trover_description/worlds/models/aws_robomaker_residential_Tablet_01/materials/.DS_Store\n'}
[1.526128] (trover_description) StdoutLine: {'line': b'-- Up-to-date: /home/elizabeth/MREN203_Trover/install/trover_description/share/trover_description/worlds/models/aws_robomaker_residential_Tablet_01/materials/textures\n'}
[1.526238] (trover_description) StdoutLine: {'line': b'-- Up-to-date: /home/elizabeth/MREN203_Trover/install/trover_description/share/trover_description/worlds/models/aws_robomaker_residential_Tablet_01/materials/textures/aws_Tablet_01_nologo.png\n'}
[1.526326] (trover_description) StdoutLine: {'line': b'-- Up-to-date: /home/elizabeth/MREN203_Trover/install/trover_description/share/trover_description/worlds/models/aws_robomaker_residential_Tablet_01/model.config\n'}
[1.526411] (trover_description) StdoutLine: {'line': b'-- Up-to-date: /home/elizabeth/MREN203_Trover/install/trover_description/share/trover_description/worlds/models/aws_robomaker_residential_Tablet_01/meshes\n'}
[1.526512] (trover_description) StdoutLine: {'line': b'-- Up-to-date: /home/elizabeth/MREN203_Trover/install/trover_description/share/trover_description/worlds/models/aws_robomaker_residential_Tablet_01/meshes/aws_Tablet_01_visual.DAE\n'}
[1.526658] (trover_description) StdoutLine: {'line': b'-- Up-to-date: /home/elizabeth/MREN203_Trover/install/trover_description/share/trover_description/worlds/models/aws_robomaker_residential_Tablet_01/meshes/aws_Tablet_01_collision.DAE\n'}
[1.526756] (trover_description) StdoutLine: {'line': b'-- Up-to-date: /home/elizabeth/MREN203_Trover/install/trover_description/share/trover_description/worlds/models/aws_robomaker_residential_ReadingDesk_01\n'}
[1.526844] (trover_description) StdoutLine: {'line': b'-- Up-to-date: /home/elizabeth/MREN203_Trover/install/trover_description/share/trover_description/worlds/models/aws_robomaker_residential_ReadingDesk_01/model.sdf\n'}
[1.526931] (trover_description) StdoutLine: {'line': b'-- Up-to-date: /home/elizabeth/MREN203_Trover/install/trover_description/share/trover_description/worlds/models/aws_robomaker_residential_ReadingDesk_01/materials\n'}
[1.527016] (trover_description) StdoutLine: {'line': b'-- Up-to-date: /home/elizabeth/MREN203_Trover/install/trover_description/share/trover_description/worlds/models/aws_robomaker_residential_ReadingDesk_01/materials/textures\n'}
[1.527101] (trover_description) StdoutLine: {'line': b'-- Up-to-date: /home/elizabeth/MREN203_Trover/install/trover_description/share/trover_description/worlds/models/aws_robomaker_residential_ReadingDesk_01/materials/textures/aws_ReadingDesk_01.png\n'}
[1.527266] (trover_description) StdoutLine: {'line': b'-- Up-to-date: /home/elizabeth/MREN203_Trover/install/trover_description/share/trover_description/worlds/models/aws_robomaker_residential_ReadingDesk_01/model.config\n'}
[1.527367] (trover_description) StdoutLine: {'line': b'-- Up-to-date: /home/elizabeth/MREN203_Trover/install/trover_description/share/trover_description/worlds/models/aws_robomaker_residential_ReadingDesk_01/meshes\n'}
[1.527460] (trover_description) StdoutLine: {'line': b'-- Up-to-date: /home/elizabeth/MREN203_Trover/install/trover_description/share/trover_description/worlds/models/aws_robomaker_residential_ReadingDesk_01/meshes/aws_ReadingDesk_01_collision.DAE\n'}
[1.527751] (trover_description) StdoutLine: {'line': b'-- Up-to-date: /home/elizabeth/MREN203_Trover/install/trover_description/share/trover_description/worlds/models/aws_robomaker_residential_ReadingDesk_01/meshes/aws_ReadingDesk_01_visual.DAE\n'}
[1.527855] (trover_description) StdoutLine: {'line': b'-- Up-to-date: /home/elizabeth/MREN203_Trover/install/trover_description/share/trover_description/worlds/models/aws_robomaker_residential_LightC_01\n'}
[1.527968] (trover_description) StdoutLine: {'line': b'-- Up-to-date: /home/elizabeth/MREN203_Trover/install/trover_description/share/trover_description/worlds/models/aws_robomaker_residential_LightC_01/model.sdf\n'}
[1.528057] (trover_description) StdoutLine: {'line': b'-- Up-to-date: /home/elizabeth/MREN203_Trover/install/trover_description/share/trover_description/worlds/models/aws_robomaker_residential_LightC_01/materials\n'}
[1.528143] (trover_description) StdoutLine: {'line': b'-- Up-to-date: /home/elizabeth/MREN203_Trover/install/trover_description/share/trover_description/worlds/models/aws_robomaker_residential_LightC_01/materials/textures\n'}
[1.528229] (trover_description) StdoutLine: {'line': b'-- Up-to-date: /home/elizabeth/MREN203_Trover/install/trover_description/share/trover_description/worlds/models/aws_robomaker_residential_LightC_01/materials/textures/aws_LightC_01.png\n'}
[1.528317] (trover_description) StdoutLine: {'line': b'-- Up-to-date: /home/elizabeth/MREN203_Trover/install/trover_description/share/trover_description/worlds/models/aws_robomaker_residential_LightC_01/model.config\n'}
[1.528403] (trover_description) StdoutLine: {'line': b'-- Up-to-date: /home/elizabeth/MREN203_Trover/install/trover_description/share/trover_description/worlds/models/aws_robomaker_residential_LightC_01/meshes\n'}
[1.528526] (trover_description) StdoutLine: {'line': b'-- Up-to-date: /home/elizabeth/MREN203_Trover/install/trover_description/share/trover_description/worlds/models/aws_robomaker_residential_LightC_01/meshes/aws_LightC_01_visual.DAE\n'}
[1.528617] (trover_description) StdoutLine: {'line': b'-- Up-to-date: /home/elizabeth/MREN203_Trover/install/trover_description/share/trover_description/worlds/models/aws_robomaker_residential_LightC_01/meshes/aws_LightC_01_collision.DAE\n'}
[1.528704] (trover_description) StdoutLine: {'line': b'-- Up-to-date: /home/elizabeth/MREN203_Trover/install/trover_description/share/trover_description/worlds/models/aws_robomaker_residential_Curtain_01\n'}
[1.528808] (trover_description) StdoutLine: {'line': b'-- Up-to-date: /home/elizabeth/MREN203_Trover/install/trover_description/share/trover_description/worlds/models/aws_robomaker_residential_Curtain_01/model.sdf\n'}
[1.528894] (trover_description) StdoutLine: {'line': b'-- Up-to-date: /home/elizabeth/MREN203_Trover/install/trover_description/share/trover_description/worlds/models/aws_robomaker_residential_Curtain_01/materials\n'}
[1.528979] (trover_description) StdoutLine: {'line': b'-- Up-to-date: /home/elizabeth/MREN203_Trover/install/trover_description/share/trover_description/worlds/models/aws_robomaker_residential_Curtain_01/materials/textures\n'}
[1.529064] (trover_description) StdoutLine: {'line': b'-- Up-to-date: /home/elizabeth/MREN203_Trover/install/trover_description/share/trover_description/worlds/models/aws_robomaker_residential_Curtain_01/materials/textures/aws_Curtain_01.png\n'}
[1.529151] (trover_description) StdoutLine: {'line': b'-- Up-to-date: /home/elizabeth/MREN203_Trover/install/trover_description/share/trover_description/worlds/models/aws_robomaker_residential_Curtain_01/model.config\n'}
[1.529326] (trover_description) StdoutLine: {'line': b'-- Up-to-date: /home/elizabeth/MREN203_Trover/install/trover_description/share/trover_description/worlds/models/aws_robomaker_residential_Curtain_01/meshes\n'}
[1.529435] (trover_description) StdoutLine: {'line': b'-- Up-to-date: /home/elizabeth/MREN203_Trover/install/trover_description/share/trover_description/worlds/models/aws_robomaker_residential_Curtain_01/meshes/aws_Curtain_01_visual.DAE\n'}
[1.529539] (trover_description) StdoutLine: {'line': b'-- Up-to-date: /home/elizabeth/MREN203_Trover/install/trover_description/share/trover_description/worlds/models/aws_robomaker_residential_Curtain_01/meshes/aws_Curtain_01_collision.DAE\n'}
[1.529628] (trover_description) StdoutLine: {'line': b'-- Up-to-date: /home/elizabeth/MREN203_Trover/install/trover_description/share/trover_description/worlds/models/aws_robomaker_residential_ChairA_01\n'}
[1.529732] (trover_description) StdoutLine: {'line': b'-- Up-to-date: /home/elizabeth/MREN203_Trover/install/trover_description/share/trover_description/worlds/models/aws_robomaker_residential_ChairA_01/model.sdf\n'}
[1.529819] (trover_description) StdoutLine: {'line': b'-- Up-to-date: /home/elizabeth/MREN203_Trover/install/trover_description/share/trover_description/worlds/models/aws_robomaker_residential_ChairA_01/materials\n'}
[1.529906] (trover_description) StdoutLine: {'line': b'-- Up-to-date: /home/elizabeth/MREN203_Trover/install/trover_description/share/trover_description/worlds/models/aws_robomaker_residential_ChairA_01/materials/textures\n'}
[1.529992] (trover_description) StdoutLine: {'line': b'-- Up-to-date: /home/elizabeth/MREN203_Trover/install/trover_description/share/trover_description/worlds/models/aws_robomaker_residential_ChairA_01/materials/textures/aws_ChairA_01.png\n'}
[1.530078] (trover_description) StdoutLine: {'line': b'-- Up-to-date: /home/elizabeth/MREN203_Trover/install/trover_description/share/trover_description/worlds/models/aws_robomaker_residential_ChairA_01/model.config\n'}
[1.530164] (trover_description) StdoutLine: {'line': b'-- Up-to-date: /home/elizabeth/MREN203_Trover/install/trover_description/share/trover_description/worlds/models/aws_robomaker_residential_ChairA_01/meshes\n'}
[1.530251] (trover_description) StdoutLine: {'line': b'-- Up-to-date: /home/elizabeth/MREN203_Trover/install/trover_description/share/trover_description/worlds/models/aws_robomaker_residential_ChairA_01/meshes/aws_ChairA_01_visual.DAE\n'}
[1.530337] (trover_description) StdoutLine: {'line': b'-- Up-to-date: /home/elizabeth/MREN203_Trover/install/trover_description/share/trover_description/worlds/models/aws_robomaker_residential_ChairA_01/meshes/aws_ChairA_01_collision.DAE\n'}
[1.530424] (trover_description) StdoutLine: {'line': b'-- Up-to-date: /home/elizabeth/MREN203_Trover/install/trover_description/share/trover_description/worlds/models/aws_robomaker_residential_Ball_01\n'}
[1.530510] (trover_description) StdoutLine: {'line': b'-- Up-to-date: /home/elizabeth/MREN203_Trover/install/trover_description/share/trover_description/worlds/models/aws_robomaker_residential_Ball_01/model.sdf\n'}
[1.530596] (trover_description) StdoutLine: {'line': b'-- Up-to-date: /home/elizabeth/MREN203_Trover/install/trover_description/share/trover_description/worlds/models/aws_robomaker_residential_Ball_01/materials\n'}
[1.530695] (trover_description) StdoutLine: {'line': b'-- Up-to-date: /home/elizabeth/MREN203_Trover/install/trover_description/share/trover_description/worlds/models/aws_robomaker_residential_Ball_01/materials/textures\n'}
[1.530783] (trover_description) StdoutLine: {'line': b'-- Up-to-date: /home/elizabeth/MREN203_Trover/install/trover_description/share/trover_description/worlds/models/aws_robomaker_residential_Ball_01/materials/textures/aws_Ball_01.png\n'}
[1.530870] (trover_description) StdoutLine: {'line': b'-- Up-to-date: /home/elizabeth/MREN203_Trover/install/trover_description/share/trover_description/worlds/models/aws_robomaker_residential_Ball_01/model.config\n'}
[1.530965] (trover_description) StdoutLine: {'line': b'-- Up-to-date: /home/elizabeth/MREN203_Trover/install/trover_description/share/trover_description/worlds/models/aws_robomaker_residential_Ball_01/meshes\n'}
[1.531091] (trover_description) StdoutLine: {'line': b'-- Up-to-date: /home/elizabeth/MREN203_Trover/install/trover_description/share/trover_description/worlds/models/aws_robomaker_residential_Ball_01/meshes/aws_Ball_01_collision.DAE\n'}
[1.531267] (trover_description) StdoutLine: {'line': b'-- Up-to-date: /home/elizabeth/MREN203_Trover/install/trover_description/share/trover_description/worlds/models/aws_robomaker_residential_Ball_01/meshes/aws_Ball_01_visual.DAE\n'}
[1.531384] (trover_description) StdoutLine: {'line': b'-- Up-to-date: /home/elizabeth/MREN203_Trover/install/trover_description/share/trover_description/worlds/models/aws_robomaker_residential_Trash_01\n'}
[1.531492] (trover_description) StdoutLine: {'line': b'-- Up-to-date: /home/elizabeth/MREN203_Trover/install/trover_description/share/trover_description/worlds/models/aws_robomaker_residential_Trash_01/model.sdf\n'}
[1.531579] (trover_description) StdoutLine: {'line': b'-- Up-to-date: /home/elizabeth/MREN203_Trover/install/trover_description/share/trover_description/worlds/models/aws_robomaker_residential_Trash_01/materials\n'}
[1.531666] (trover_description) StdoutLine: {'line': b'-- Up-to-date: /home/elizabeth/MREN203_Trover/install/trover_description/share/trover_description/worlds/models/aws_robomaker_residential_Trash_01/materials/textures\n'}
[1.531752] (trover_description) StdoutLine: {'line': b'-- Up-to-date: /home/elizabeth/MREN203_Trover/install/trover_description/share/trover_description/worlds/models/aws_robomaker_residential_Trash_01/materials/textures/aws_Trash_01.png\n'}
[1.531840] (trover_description) StdoutLine: {'line': b'-- Up-to-date: /home/elizabeth/MREN203_Trover/install/trover_description/share/trover_description/worlds/models/aws_robomaker_residential_Trash_01/model.config\n'}
[1.531926] (trover_description) StdoutLine: {'line': b'-- Up-to-date: /home/elizabeth/MREN203_Trover/install/trover_description/share/trover_description/worlds/models/aws_robomaker_residential_Trash_01/meshes\n'}
[1.532039] (trover_description) StdoutLine: {'line': b'-- Up-to-date: /home/elizabeth/MREN203_Trover/install/trover_description/share/trover_description/worlds/models/aws_robomaker_residential_Trash_01/meshes/aws_Trash_01_collision.DAE\n'}
[1.532129] (trover_description) StdoutLine: {'line': b'-- Up-to-date: /home/elizabeth/MREN203_Trover/install/trover_description/share/trover_description/worlds/models/aws_robomaker_residential_Trash_01/meshes/aws_Trash_01_visual.DAE\n'}
[1.532215] (trover_description) StdoutLine: {'line': b'-- Up-to-date: /home/elizabeth/MREN203_Trover/install/trover_description/share/trover_description/worlds/models/aws_robomaker_residential_PortraitA_02\n'}
[1.532301] (trover_description) StdoutLine: {'line': b'-- Up-to-date: /home/elizabeth/MREN203_Trover/install/trover_description/share/trover_description/worlds/models/aws_robomaker_residential_PortraitA_02/model.sdf\n'}
[1.532386] (trover_description) StdoutLine: {'line': b'-- Up-to-date: /home/elizabeth/MREN203_Trover/install/trover_description/share/trover_description/worlds/models/aws_robomaker_residential_PortraitA_02/materials\n'}
[1.532472] (trover_description) StdoutLine: {'line': b'-- Up-to-date: /home/elizabeth/MREN203_Trover/install/trover_description/share/trover_description/worlds/models/aws_robomaker_residential_PortraitA_02/materials/textures\n'}
[1.532558] (trover_description) StdoutLine: {'line': b'-- Up-to-date: /home/elizabeth/MREN203_Trover/install/trover_description/share/trover_description/worlds/models/aws_robomaker_residential_PortraitA_02/materials/textures/aws_PortraitA_02.png\n'}
[1.532645] (trover_description) StdoutLine: {'line': b'-- Up-to-date: /home/elizabeth/MREN203_Trover/install/trover_description/share/trover_description/worlds/models/aws_robomaker_residential_PortraitA_02/materials/textures/aws_PortraitA_01.png\n'}
[1.532730] (trover_description) StdoutLine: {'line': b'-- Up-to-date: /home/elizabeth/MREN203_Trover/install/trover_description/share/trover_description/worlds/models/aws_robomaker_residential_PortraitA_02/materials/textures/PortraitA_02.jpg\n'}
[1.532815] (trover_description) StdoutLine: {'line': b'-- Up-to-date: /home/elizabeth/MREN203_Trover/install/trover_description/share/trover_description/worlds/models/aws_robomaker_residential_PortraitA_02/model.config\n'}
[1.532917] (trover_description) StdoutLine: {'line': b'-- Up-to-date: /home/elizabeth/MREN203_Trover/install/trover_description/share/trover_description/worlds/models/aws_robomaker_residential_PortraitA_02/meshes\n'}
[1.533027] (trover_description) StdoutLine: {'line': b'-- Up-to-date: /home/elizabeth/MREN203_Trover/install/trover_description/share/trover_description/worlds/models/aws_robomaker_residential_PortraitA_02/meshes/aws_PortraitA_01_collision.DAE\n'}
[1.533128] (trover_description) StdoutLine: {'line': b'-- Up-to-date: /home/elizabeth/MREN203_Trover/install/trover_description/share/trover_description/worlds/models/aws_robomaker_residential_PortraitA_02/meshes/aws_PortraitA_01_visual.DAE\n'}
[1.533336] (trover_description) StdoutLine: {'line': b'-- Up-to-date: /home/elizabeth/MREN203_Trover/install/trover_description/share/trover_description/worlds/models/aws_robomaker_residential_DeskPortraitA_02\n'}
[1.533552] (trover_description) StdoutLine: {'line': b'-- Up-to-date: /home/elizabeth/MREN203_Trover/install/trover_description/share/trover_description/worlds/models/aws_robomaker_residential_DeskPortraitA_02/model.sdf\n'}
[1.533644] (trover_description) StdoutLine: {'line': b'-- Up-to-date: /home/elizabeth/MREN203_Trover/install/trover_description/share/trover_description/worlds/models/aws_robomaker_residential_DeskPortraitA_02/materials\n'}
[1.533757] (trover_description) StdoutLine: {'line': b'-- Up-to-date: /home/elizabeth/MREN203_Trover/install/trover_description/share/trover_description/worlds/models/aws_robomaker_residential_DeskPortraitA_02/materials/textures\n'}
[1.533846] (trover_description) StdoutLine: {'line': b'-- Up-to-date: /home/elizabeth/MREN203_Trover/install/trover_description/share/trover_description/worlds/models/aws_robomaker_residential_DeskPortraitA_02/materials/textures/DeskPortraitA_02.jpg\n'}
[1.533949] (trover_description) StdoutLine: {'line': b'-- Up-to-date: /home/elizabeth/MREN203_Trover/install/trover_description/share/trover_description/worlds/models/aws_robomaker_residential_DeskPortraitA_02/materials/textures/aws_DeskPortraitA_02.png\n'}
[1.534047] (trover_description) StdoutLine: {'line': b'-- Up-to-date: /home/elizabeth/MREN203_Trover/install/trover_description/share/trover_description/worlds/models/aws_robomaker_residential_DeskPortraitA_02/materials/textures/aws_DeskPortraitA_01.png\n'}
[1.534135] (trover_description) StdoutLine: {'line': b'-- Up-to-date: /home/elizabeth/MREN203_Trover/install/trover_description/share/trover_description/worlds/models/aws_robomaker_residential_DeskPortraitA_02/model.config\n'}
[1.534222] (trover_description) StdoutLine: {'line': b'-- Up-to-date: /home/elizabeth/MREN203_Trover/install/trover_description/share/trover_description/worlds/models/aws_robomaker_residential_DeskPortraitA_02/meshes\n'}
[1.534308] (trover_description) StdoutLine: {'line': b'-- Up-to-date: /home/elizabeth/MREN203_Trover/install/trover_description/share/trover_description/worlds/models/aws_robomaker_residential_DeskPortraitA_02/meshes/aws_DeskPortraitA_01_visual.DAE\n'}
[1.534396] (trover_description) StdoutLine: {'line': b'-- Up-to-date: /home/elizabeth/MREN203_Trover/install/trover_description/share/trover_description/worlds/models/aws_robomaker_residential_DeskPortraitA_02/meshes/aws_DeskPortraitA_01_collision.DAE\n'}
[1.534483] (trover_description) StdoutLine: {'line': b'-- Up-to-date: /home/elizabeth/MREN203_Trover/install/trover_description/share/trover_description/worlds/models/aws_robomaker_residential_KitchenTable_01\n'}
[1.534569] (trover_description) StdoutLine: {'line': b'-- Up-to-date: /home/elizabeth/MREN203_Trover/install/trover_description/share/trover_description/worlds/models/aws_robomaker_residential_KitchenTable_01/model.sdf\n'}
[1.534654] (trover_description) StdoutLine: {'line': b'-- Up-to-date: /home/elizabeth/MREN203_Trover/install/trover_description/share/trover_description/worlds/models/aws_robomaker_residential_KitchenTable_01/materials\n'}
[1.534739] (trover_description) StdoutLine: {'line': b'-- Up-to-date: /home/elizabeth/MREN203_Trover/install/trover_description/share/trover_description/worlds/models/aws_robomaker_residential_KitchenTable_01/materials/textures\n'}
[1.534825] (trover_description) StdoutLine: {'line': b'-- Up-to-date: /home/elizabeth/MREN203_Trover/install/trover_description/share/trover_description/worlds/models/aws_robomaker_residential_KitchenTable_01/materials/textures/aws_KitchenTable_01.png\n'}
[1.534929] (trover_description) StdoutLine: {'line': b'-- Up-to-date: /home/elizabeth/MREN203_Trover/install/trover_description/share/trover_description/worlds/models/aws_robomaker_residential_KitchenTable_01/model.config\n'}
[1.535053] (trover_description) StdoutLine: {'line': b'-- Up-to-date: /home/elizabeth/MREN203_Trover/install/trover_description/share/trover_description/worlds/models/aws_robomaker_residential_KitchenTable_01/meshes\n'}
[1.535140] (trover_description) StdoutLine: {'line': b'-- Up-to-date: /home/elizabeth/MREN203_Trover/install/trover_description/share/trover_description/worlds/models/aws_robomaker_residential_KitchenTable_01/meshes/aws_KitchenTable_01_collision.DAE\n'}
[1.535226] (trover_description) StdoutLine: {'line': b'-- Up-to-date: /home/elizabeth/MREN203_Trover/install/trover_description/share/trover_description/worlds/models/aws_robomaker_residential_KitchenTable_01/meshes/aws_KitchenTable_01_visual.DAE\n'}
[1.535417] (trover_description) StdoutLine: {'line': b'-- Up-to-date: /home/elizabeth/MREN203_Trover/install/trover_description/share/trover_description/worlds/models/aws_robomaker_residential_FoldingDoor_01\n'}
[1.535518] (trover_description) StdoutLine: {'line': b'-- Up-to-date: /home/elizabeth/MREN203_Trover/install/trover_description/share/trover_description/worlds/models/aws_robomaker_residential_FoldingDoor_01/model.sdf\n'}
[1.535607] (trover_description) StdoutLine: {'line': b'-- Up-to-date: /home/elizabeth/MREN203_Trover/install/trover_description/share/trover_description/worlds/models/aws_robomaker_residential_FoldingDoor_01/materials\n'}
[1.535693] (trover_description) StdoutLine: {'line': b'-- Up-to-date: /home/elizabeth/MREN203_Trover/install/trover_description/share/trover_description/worlds/models/aws_robomaker_residential_FoldingDoor_01/materials/textures\n'}
[1.535779] (trover_description) StdoutLine: {'line': b'-- Up-to-date: /home/elizabeth/MREN203_Trover/install/trover_description/share/trover_description/worlds/models/aws_robomaker_residential_FoldingDoor_01/materials/textures/aws_FoldingDoor_01.png\n'}
[1.535872] (trover_description) StdoutLine: {'line': b'-- Up-to-date: /home/elizabeth/MREN203_Trover/install/trover_description/share/trover_description/worlds/models/aws_robomaker_residential_FoldingDoor_01/model.config\n'}
[1.535988] (trover_description) StdoutLine: {'line': b'-- Up-to-date: /home/elizabeth/MREN203_Trover/install/trover_description/share/trover_description/worlds/models/aws_robomaker_residential_FoldingDoor_01/meshes\n'}
[1.536100] (trover_description) StdoutLine: {'line': b'-- Up-to-date: /home/elizabeth/MREN203_Trover/install/trover_description/share/trover_description/worlds/models/aws_robomaker_residential_FoldingDoor_01/meshes/aws_FoldingDoor_01_collision.DAE\n'}
[1.536190] (trover_description) StdoutLine: {'line': b'-- Up-to-date: /home/elizabeth/MREN203_Trover/install/trover_description/share/trover_description/worlds/models/aws_robomaker_residential_FoldingDoor_01/meshes/aws_FoldingDoor_01_visual.DAE\n'}
[1.536278] (trover_description) StdoutLine: {'line': b'-- Up-to-date: /home/elizabeth/MREN203_Trover/install/trover_description/share/trover_description/worlds/models/aws_robomaker_residential_Vase_01\n'}
[1.536365] (trover_description) StdoutLine: {'line': b'-- Up-to-date: /home/elizabeth/MREN203_Trover/install/trover_description/share/trover_description/worlds/models/aws_robomaker_residential_Vase_01/model.sdf\n'}
[1.536451] (trover_description) StdoutLine: {'line': b'-- Up-to-date: /home/elizabeth/MREN203_Trover/install/trover_description/share/trover_description/worlds/models/aws_robomaker_residential_Vase_01/materials\n'}
[1.536537] (trover_description) StdoutLine: {'line': b'-- Up-to-date: /home/elizabeth/MREN203_Trover/install/trover_description/share/trover_description/worlds/models/aws_robomaker_residential_Vase_01/materials/textures\n'}
[1.536623] (trover_description) StdoutLine: {'line': b'-- Up-to-date: /home/elizabeth/MREN203_Trover/install/trover_description/share/trover_description/worlds/models/aws_robomaker_residential_Vase_01/materials/textures/aws_Vase_01.png\n'}
[1.536710] (trover_description) StdoutLine: {'line': b'-- Up-to-date: /home/elizabeth/MREN203_Trover/install/trover_description/share/trover_description/worlds/models/aws_robomaker_residential_Vase_01/model.config\n'}
[1.536811] (trover_description) StdoutLine: {'line': b'-- Up-to-date: /home/elizabeth/MREN203_Trover/install/trover_description/share/trover_description/worlds/models/aws_robomaker_residential_Vase_01/meshes\n'}
[1.536955] (trover_description) StdoutLine: {'line': b'-- Up-to-date: /home/elizabeth/MREN203_Trover/install/trover_description/share/trover_description/worlds/models/aws_robomaker_residential_Vase_01/meshes/aws_Vase_01_collision.DAE\n'}
[1.537063] (trover_description) StdoutLine: {'line': b'-- Up-to-date: /home/elizabeth/MREN203_Trover/install/trover_description/share/trover_description/worlds/models/aws_robomaker_residential_Vase_01/meshes/aws_Vase_01_visual.DAE\n'}
[1.537155] (trover_description) StdoutLine: {'line': b'-- Up-to-date: /home/elizabeth/MREN203_Trover/install/trover_description/share/trover_description/worlds/models/aws_robomaker_residential_ShoeRack_01\n'}
[1.537243] (trover_description) StdoutLine: {'line': b'-- Up-to-date: /home/elizabeth/MREN203_Trover/install/trover_description/share/trover_description/worlds/models/aws_robomaker_residential_ShoeRack_01/model.sdf\n'}
[1.537412] (trover_description) StdoutLine: {'line': b'-- Up-to-date: /home/elizabeth/MREN203_Trover/install/trover_description/share/trover_description/worlds/models/aws_robomaker_residential_ShoeRack_01/materials\n'}
[1.537511] (trover_description) StdoutLine: {'line': b'-- Up-to-date: /home/elizabeth/MREN203_Trover/install/trover_description/share/trover_description/worlds/models/aws_robomaker_residential_ShoeRack_01/materials/textures\n'}
[1.537600] (trover_description) StdoutLine: {'line': b'-- Up-to-date: /home/elizabeth/MREN203_Trover/install/trover_description/share/trover_description/worlds/models/aws_robomaker_residential_ShoeRack_01/materials/textures/aws_ShoeRack_01.png\n'}
[1.537840] (trover_description) StdoutLine: {'line': b'-- Up-to-date: /home/elizabeth/MREN203_Trover/install/trover_description/share/trover_description/worlds/models/aws_robomaker_residential_ShoeRack_01/model.config\n'}
[1.537973] (trover_description) StdoutLine: {'line': b'-- Up-to-date: /home/elizabeth/MREN203_Trover/install/trover_description/share/trover_description/worlds/models/aws_robomaker_residential_ShoeRack_01/meshes\n'}
[1.538066] (trover_description) StdoutLine: {'line': b'-- Up-to-date: /home/elizabeth/MREN203_Trover/install/trover_description/share/trover_description/worlds/models/aws_robomaker_residential_ShoeRack_01/meshes/aws_ShoeRack_01_visual.DAE\n'}
[1.538155] (trover_description) StdoutLine: {'line': b'-- Up-to-date: /home/elizabeth/MREN203_Trover/install/trover_description/share/trover_description/worlds/models/aws_robomaker_residential_ShoeRack_01/meshes/aws_ShoeRack_01_collision.DAE\n'}
[1.538242] (trover_description) StdoutLine: {'line': b'-- Up-to-date: /home/elizabeth/MREN203_Trover/install/trover_description/share/trover_description/worlds/models/aws_robomaker_residential_Quilt_01\n'}
[1.538330] (trover_description) StdoutLine: {'line': b'-- Up-to-date: /home/elizabeth/MREN203_Trover/install/trover_description/share/trover_description/worlds/models/aws_robomaker_residential_Quilt_01/model.sdf\n'}
[1.538416] (trover_description) StdoutLine: {'line': b'-- Up-to-date: /home/elizabeth/MREN203_Trover/install/trover_description/share/trover_description/worlds/models/aws_robomaker_residential_Quilt_01/materials\n'}
[1.538502] (trover_description) StdoutLine: {'line': b'-- Up-to-date: /home/elizabeth/MREN203_Trover/install/trover_description/share/trover_description/worlds/models/aws_robomaker_residential_Quilt_01/materials/textures\n'}
[1.538614] (trover_description) StdoutLine: {'line': b'-- Up-to-date: /home/elizabeth/MREN203_Trover/install/trover_description/share/trover_description/worlds/models/aws_robomaker_residential_Quilt_01/materials/textures/aws_Quilt_01.png\n'}
[1.538702] (trover_description) StdoutLine: {'line': b'-- Up-to-date: /home/elizabeth/MREN203_Trover/install/trover_description/share/trover_description/worlds/models/aws_robomaker_residential_Quilt_01/model.config\n'}
[1.538808] (trover_description) StdoutLine: {'line': b'-- Up-to-date: /home/elizabeth/MREN203_Trover/install/trover_description/share/trover_description/worlds/models/aws_robomaker_residential_Quilt_01/meshes\n'}
[1.538911] (trover_description) StdoutLine: {'line': b'-- Up-to-date: /home/elizabeth/MREN203_Trover/install/trover_description/share/trover_description/worlds/models/aws_robomaker_residential_Quilt_01/meshes/aws_Quilt_01_visual.DAE\n'}
[1.542363] (trover_description) StdoutLine: {'line': b'-- Up-to-date: /home/elizabeth/MREN203_Trover/install/trover_description/share/trover_description/worlds/models/aws_robomaker_residential_Quilt_01/meshes/aws_Quilt_01_collision.DAE\n'}
[1.547425] (trover_description) StdoutLine: {'line': b'-- Up-to-date: /home/elizabeth/MREN203_Trover/install/trover_description/share/trover_description/worlds/models/aws_robomaker_residential_PortraitE_02\n'}
[1.566797] (trover_description) StdoutLine: {'line': b'-- Up-to-date: /home/elizabeth/MREN203_Trover/install/trover_description/share/trover_description/worlds/models/aws_robomaker_residential_PortraitE_02/model.sdf\n'}
[1.567818] (trover_description) StdoutLine: {'line': b'-- Up-to-date: /home/elizabeth/MREN203_Trover/install/trover_description/share/trover_description/worlds/models/aws_robomaker_residential_PortraitE_02/materials\n'}
[1.568098] (trover_description) StdoutLine: {'line': b'-- Up-to-date: /home/elizabeth/MREN203_Trover/install/trover_description/share/trover_description/worlds/models/aws_robomaker_residential_PortraitE_02/materials/textures\n'}
[1.568417] (trover_description) StdoutLine: {'line': b'-- Up-to-date: /home/elizabeth/MREN203_Trover/install/trover_description/share/trover_description/worlds/models/aws_robomaker_residential_PortraitE_02/materials/textures/aws_PortraitE_02.png\n'}
[1.568570] (trover_description) StdoutLine: {'line': b'-- Up-to-date: /home/elizabeth/MREN203_Trover/install/trover_description/share/trover_description/worlds/models/aws_robomaker_residential_PortraitE_02/materials/textures/aws_PortraitE_01.png\n'}
[1.568675] (trover_description) StdoutLine: {'line': b'-- Up-to-date: /home/elizabeth/MREN203_Trover/install/trover_description/share/trover_description/worlds/models/aws_robomaker_residential_PortraitE_02/materials/textures/PortraitE_02.jpg\n'}
[1.568771] (trover_description) StdoutLine: {'line': b'-- Up-to-date: /home/elizabeth/MREN203_Trover/install/trover_description/share/trover_description/worlds/models/aws_robomaker_residential_PortraitE_02/model.config\n'}
[1.568929] (trover_description) StdoutLine: {'line': b'-- Up-to-date: /home/elizabeth/MREN203_Trover/install/trover_description/share/trover_description/worlds/models/aws_robomaker_residential_PortraitE_02/meshes\n'}
[1.569189] (trover_description) StdoutLine: {'line': b'-- Up-to-date: /home/elizabeth/MREN203_Trover/install/trover_description/share/trover_description/worlds/models/aws_robomaker_residential_PortraitE_02/meshes/aws_PortraitE_01_visual.DAE\n'}
[1.569392] (trover_description) StdoutLine: {'line': b'-- Up-to-date: /home/elizabeth/MREN203_Trover/install/trover_description/share/trover_description/worlds/models/aws_robomaker_residential_PortraitE_02/meshes/aws_PortraitE_01_collision.DAE\n'}
[1.569578] (trover_description) StdoutLine: {'line': b'-- Up-to-date: /home/elizabeth/MREN203_Trover/install/trover_description/share/trover_description/worlds/models/aws_robomaker_residential_Carpet_01\n'}
[1.569731] (trover_description) StdoutLine: {'line': b'-- Up-to-date: /home/elizabeth/MREN203_Trover/install/trover_description/share/trover_description/worlds/models/aws_robomaker_residential_Carpet_01/model.sdf\n'}
[1.569888] (trover_description) StdoutLine: {'line': b'-- Up-to-date: /home/elizabeth/MREN203_Trover/install/trover_description/share/trover_description/worlds/models/aws_robomaker_residential_Carpet_01/materials\n'}
[1.570023] (trover_description) StdoutLine: {'line': b'-- Up-to-date: /home/elizabeth/MREN203_Trover/install/trover_description/share/trover_description/worlds/models/aws_robomaker_residential_Carpet_01/materials/textures\n'}
[1.570189] (trover_description) StdoutLine: {'line': b'-- Up-to-date: /home/elizabeth/MREN203_Trover/install/trover_description/share/trover_description/worlds/models/aws_robomaker_residential_Carpet_01/materials/textures/aws_Carpet_01.png\n'}
[1.570343] (trover_description) StdoutLine: {'line': b'-- Up-to-date: /home/elizabeth/MREN203_Trover/install/trover_description/share/trover_description/worlds/models/aws_robomaker_residential_Carpet_01/model.config\n'}
[1.570494] (trover_description) StdoutLine: {'line': b'-- Up-to-date: /home/elizabeth/MREN203_Trover/install/trover_description/share/trover_description/worlds/models/aws_robomaker_residential_Carpet_01/meshes\n'}
[1.570645] (trover_description) StdoutLine: {'line': b'-- Up-to-date: /home/elizabeth/MREN203_Trover/install/trover_description/share/trover_description/worlds/models/aws_robomaker_residential_Carpet_01/meshes/aws_Carpet_01_collision.DAE\n'}
[1.570932] (trover_description) StdoutLine: {'line': b'-- Up-to-date: /home/elizabeth/MREN203_Trover/install/trover_description/share/trover_description/worlds/models/aws_robomaker_residential_Carpet_01/meshes/aws_Carpet_01_visual.DAE\n'}
[1.571112] (trover_description) StdoutLine: {'line': b'-- Up-to-date: /home/elizabeth/MREN203_Trover/install/trover_description/share/trover_description/worlds/models/aws_robomaker_residential_DeskPortraitD_02\n'}
[1.571289] (trover_description) StdoutLine: {'line': b'-- Up-to-date: /home/elizabeth/MREN203_Trover/install/trover_description/share/trover_description/worlds/models/aws_robomaker_residential_DeskPortraitD_02/model.sdf\n'}
[1.571505] (trover_description) StdoutLine: {'line': b'-- Up-to-date: /home/elizabeth/MREN203_Trover/install/trover_description/share/trover_description/worlds/models/aws_robomaker_residential_DeskPortraitD_02/materials\n'}
[1.571693] (trover_description) StdoutLine: {'line': b'-- Up-to-date: /home/elizabeth/MREN203_Trover/install/trover_description/share/trover_description/worlds/models/aws_robomaker_residential_DeskPortraitD_02/materials/textures\n'}
[1.571849] (trover_description) StdoutLine: {'line': b'-- Up-to-date: /home/elizabeth/MREN203_Trover/install/trover_description/share/trover_description/worlds/models/aws_robomaker_residential_DeskPortraitD_02/materials/textures/aws_DeskPortraitD_02.png\n'}
[1.572011] (trover_description) StdoutLine: {'line': b'-- Up-to-date: /home/elizabeth/MREN203_Trover/install/trover_description/share/trover_description/worlds/models/aws_robomaker_residential_DeskPortraitD_02/materials/textures/DeskPortraitD_02.jpg\n'}
[1.572165] (trover_description) StdoutLine: {'line': b'-- Up-to-date: /home/elizabeth/MREN203_Trover/install/trover_description/share/trover_description/worlds/models/aws_robomaker_residential_DeskPortraitD_02/materials/textures/aws_DeskPortraitD_01.png\n'}
[1.572322] (trover_description) StdoutLine: {'line': b'-- Up-to-date: /home/elizabeth/MREN203_Trover/install/trover_description/share/trover_description/worlds/models/aws_robomaker_residential_DeskPortraitD_02/model.config\n'}
[1.572486] (trover_description) StdoutLine: {'line': b'-- Up-to-date: /home/elizabeth/MREN203_Trover/install/trover_description/share/trover_description/worlds/models/aws_robomaker_residential_DeskPortraitD_02/meshes\n'}
[1.580509] (-) TimerEvent: {}
[1.581295] (trover_description) StdoutLine: {'line': b'-- Up-to-date: /home/elizabeth/MREN203_Trover/install/trover_description/share/trover_description/worlds/models/aws_robomaker_residential_DeskPortraitD_02/meshes/aws_DeskPortraitD_01_collision.DAE\n'}
[1.581557] (trover_description) StdoutLine: {'line': b'-- Up-to-date: /home/elizabeth/MREN203_Trover/install/trover_description/share/trover_description/worlds/models/aws_robomaker_residential_DeskPortraitD_02/meshes/aws_DeskPortraitD_01_visual.DAE\n'}
[1.581716] (trover_description) StdoutLine: {'line': b'-- Up-to-date: /home/elizabeth/MREN203_Trover/install/trover_description/share/trover_description/worlds/models/aws_robomaker_residential_FloorB_01\n'}
[1.581933] (trover_description) StdoutLine: {'line': b'-- Up-to-date: /home/elizabeth/MREN203_Trover/install/trover_description/share/trover_description/worlds/models/aws_robomaker_residential_FloorB_01/model.sdf\n'}
[1.582078] (trover_description) StdoutLine: {'line': b'-- Up-to-date: /home/elizabeth/MREN203_Trover/install/trover_description/share/trover_description/worlds/models/aws_robomaker_residential_FloorB_01/materials\n'}
[1.582216] (trover_description) StdoutLine: {'line': b'-- Up-to-date: /home/elizabeth/MREN203_Trover/install/trover_description/share/trover_description/worlds/models/aws_robomaker_residential_FloorB_01/materials/textures\n'}
[1.582368] (trover_description) StdoutLine: {'line': b'-- Up-to-date: /home/elizabeth/MREN203_Trover/install/trover_description/share/trover_description/worlds/models/aws_robomaker_residential_FloorB_01/materials/textures/aws_FloorB_01.png\n'}
[1.582528] (trover_description) StdoutLine: {'line': b'-- Up-to-date: /home/elizabeth/MREN203_Trover/install/trover_description/share/trover_description/worlds/models/aws_robomaker_residential_FloorB_01/model.config\n'}
[1.582667] (trover_description) StdoutLine: {'line': b'-- Up-to-date: /home/elizabeth/MREN203_Trover/install/trover_description/share/trover_description/worlds/models/aws_robomaker_residential_FloorB_01/meshes\n'}
[1.582838] (trover_description) StdoutLine: {'line': b'-- Up-to-date: /home/elizabeth/MREN203_Trover/install/trover_description/share/trover_description/worlds/models/aws_robomaker_residential_FloorB_01/meshes/aws_FloorB_01_collision.DAE\n'}
[1.583108] (trover_description) StdoutLine: {'line': b'-- Up-to-date: /home/elizabeth/MREN203_Trover/install/trover_description/share/trover_description/worlds/models/aws_robomaker_residential_FloorB_01/meshes/aws_FloorB_01_visual.DAE\n'}
[1.583312] (trover_description) StdoutLine: {'line': b'-- Up-to-date: /home/elizabeth/MREN203_Trover/install/trover_description/share/trover_description/worlds/models/aws_robomaker_residential_RoomWindow_01\n'}
[1.583489] (trover_description) StdoutLine: {'line': b'-- Up-to-date: /home/elizabeth/MREN203_Trover/install/trover_description/share/trover_description/worlds/models/aws_robomaker_residential_RoomWindow_01/model.sdf\n'}
[1.583642] (trover_description) StdoutLine: {'line': b'-- Up-to-date: /home/elizabeth/MREN203_Trover/install/trover_description/share/trover_description/worlds/models/aws_robomaker_residential_RoomWindow_01/materials\n'}
[1.583880] (trover_description) StdoutLine: {'line': b'-- Up-to-date: /home/elizabeth/MREN203_Trover/install/trover_description/share/trover_description/worlds/models/aws_robomaker_residential_RoomWindow_01/materials/textures\n'}
[1.584065] (trover_description) StdoutLine: {'line': b'-- Up-to-date: /home/elizabeth/MREN203_Trover/install/trover_description/share/trover_description/worlds/models/aws_robomaker_residential_RoomWindow_01/materials/textures/aws_RoomWindow_01.png\n'}
[1.584268] (trover_description) StdoutLine: {'line': b'-- Up-to-date: /home/elizabeth/MREN203_Trover/install/trover_description/share/trover_description/worlds/models/aws_robomaker_residential_RoomWindow_01/model.config\n'}
[1.584441] (trover_description) StdoutLine: {'line': b'-- Up-to-date: /home/elizabeth/MREN203_Trover/install/trover_description/share/trover_description/worlds/models/aws_robomaker_residential_RoomWindow_01/meshes\n'}
[1.584630] (trover_description) StdoutLine: {'line': b'-- Up-to-date: /home/elizabeth/MREN203_Trover/install/trover_description/share/trover_description/worlds/models/aws_robomaker_residential_RoomWindow_01/meshes/aws_RoomWindow_01_visual.DAE\n'}
[1.584829] (trover_description) StdoutLine: {'line': b'-- Up-to-date: /home/elizabeth/MREN203_Trover/install/trover_description/share/trover_description/worlds/models/aws_robomaker_residential_RoomWindow_01/meshes/aws_RoomWindow_01_collision.DAE\n'}
[1.585043] (trover_description) StdoutLine: {'line': b'-- Up-to-date: /home/elizabeth/MREN203_Trover/install/trover_description/share/trover_description/worlds/models/aws_robomaker_residential_SeasoningBox_01\n'}
[1.585258] (trover_description) StdoutLine: {'line': b'-- Up-to-date: /home/elizabeth/MREN203_Trover/install/trover_description/share/trover_description/worlds/models/aws_robomaker_residential_SeasoningBox_01/model.sdf\n'}
[1.585417] (trover_description) StdoutLine: {'line': b'-- Up-to-date: /home/elizabeth/MREN203_Trover/install/trover_description/share/trover_description/worlds/models/aws_robomaker_residential_SeasoningBox_01/materials\n'}
[1.586299] (trover_description) StdoutLine: {'line': b'-- Up-to-date: /home/elizabeth/MREN203_Trover/install/trover_description/share/trover_description/worlds/models/aws_robomaker_residential_SeasoningBox_01/materials/textures\n'}
[1.597849] (trover_description) StdoutLine: {'line': b'-- Up-to-date: /home/elizabeth/MREN203_Trover/install/trover_description/share/trover_description/worlds/models/aws_robomaker_residential_SeasoningBox_01/materials/textures/aws_SeasoningBox_01.png\n'}
[1.598029] (trover_description) StdoutLine: {'line': b'-- Up-to-date: /home/elizabeth/MREN203_Trover/install/trover_description/share/trover_description/worlds/models/aws_robomaker_residential_SeasoningBox_01/model.config\n'}
[1.598284] (trover_description) StdoutLine: {'line': b'-- Up-to-date: /home/elizabeth/MREN203_Trover/install/trover_description/share/trover_description/worlds/models/aws_robomaker_residential_SeasoningBox_01/meshes\n'}
[1.598394] (trover_description) StdoutLine: {'line': b'-- Up-to-date: /home/elizabeth/MREN203_Trover/install/trover_description/share/trover_description/worlds/models/aws_robomaker_residential_SeasoningBox_01/meshes/aws_SeasoningBox_01_collision.DAE\n'}
[1.598490] (trover_description) StdoutLine: {'line': b'-- Up-to-date: /home/elizabeth/MREN203_Trover/install/trover_description/share/trover_description/worlds/models/aws_robomaker_residential_SeasoningBox_01/meshes/aws_SeasoningBox_01_visual.DAE\n'}
[1.598580] (trover_description) StdoutLine: {'line': b'-- Up-to-date: /home/elizabeth/MREN203_Trover/install/trover_description/share/trover_description/worlds/models/aws_robomaker_residential_BalconyTable_01\n'}
[1.598670] (trover_description) StdoutLine: {'line': b'-- Up-to-date: /home/elizabeth/MREN203_Trover/install/trover_description/share/trover_description/worlds/models/aws_robomaker_residential_BalconyTable_01/model.sdf\n'}
[1.598836] (trover_description) StdoutLine: {'line': b'-- Up-to-date: /home/elizabeth/MREN203_Trover/install/trover_description/share/trover_description/worlds/models/aws_robomaker_residential_BalconyTable_01/materials\n'}
[1.598924] (trover_description) StdoutLine: {'line': b'-- Up-to-date: /home/elizabeth/MREN203_Trover/install/trover_description/share/trover_description/worlds/models/aws_robomaker_residential_BalconyTable_01/materials/textures\n'}
[1.599014] (trover_description) StdoutLine: {'line': b'-- Up-to-date: /home/elizabeth/MREN203_Trover/install/trover_description/share/trover_description/worlds/models/aws_robomaker_residential_BalconyTable_01/materials/textures/aws_BalconyTable_01.png\n'}
[1.599103] (trover_description) StdoutLine: {'line': b'-- Up-to-date: /home/elizabeth/MREN203_Trover/install/trover_description/share/trover_description/worlds/models/aws_robomaker_residential_BalconyTable_01/model.config\n'}
[1.599190] (trover_description) StdoutLine: {'line': b'-- Up-to-date: /home/elizabeth/MREN203_Trover/install/trover_description/share/trover_description/worlds/models/aws_robomaker_residential_BalconyTable_01/meshes\n'}
[1.599278] (trover_description) StdoutLine: {'line': b'-- Up-to-date: /home/elizabeth/MREN203_Trover/install/trover_description/share/trover_description/worlds/models/aws_robomaker_residential_BalconyTable_01/meshes/aws_BalconyTable_01_visual.DAE\n'}
[1.599366] (trover_description) StdoutLine: {'line': b'-- Up-to-date: /home/elizabeth/MREN203_Trover/install/trover_description/share/trover_description/worlds/models/aws_robomaker_residential_BalconyTable_01/meshes/aws_BalconyTable_01_collision.DAE\n'}
[1.599490] (trover_description) StdoutLine: {'line': b'-- Up-to-date: /home/elizabeth/MREN203_Trover/install/trover_description/share/trover_description/worlds/models/aws_robomaker_residential_Rangehood_01\n'}
[1.599695] (trover_description) StdoutLine: {'line': b'-- Up-to-date: /home/elizabeth/MREN203_Trover/install/trover_description/share/trover_description/worlds/models/aws_robomaker_residential_Rangehood_01/model.sdf\n'}
[1.600227] (trover_description) StdoutLine: {'line': b'-- Up-to-date: /home/elizabeth/MREN203_Trover/install/trover_description/share/trover_description/worlds/models/aws_robomaker_residential_Rangehood_01/materials\n'}
[1.600374] (trover_description) StdoutLine: {'line': b'-- Up-to-date: /home/elizabeth/MREN203_Trover/install/trover_description/share/trover_description/worlds/models/aws_robomaker_residential_Rangehood_01/materials/textures\n'}
[1.600470] (trover_description) StdoutLine: {'line': b'-- Up-to-date: /home/elizabeth/MREN203_Trover/install/trover_description/share/trover_description/worlds/models/aws_robomaker_residential_Rangehood_01/materials/textures/aws_Rangehood_01.png\n'}
[1.600564] (trover_description) StdoutLine: {'line': b'-- Up-to-date: /home/elizabeth/MREN203_Trover/install/trover_description/share/trover_description/worlds/models/aws_robomaker_residential_Rangehood_01/model.config\n'}
[1.600804] (trover_description) StdoutLine: {'line': b'-- Up-to-date: /home/elizabeth/MREN203_Trover/install/trover_description/share/trover_description/worlds/models/aws_robomaker_residential_Rangehood_01/meshes\n'}
[1.600941] (trover_description) StdoutLine: {'line': b'-- Up-to-date: /home/elizabeth/MREN203_Trover/install/trover_description/share/trover_description/worlds/models/aws_robomaker_residential_Rangehood_01/meshes/aws_Rangehood_01_collision.DAE\n'}
[1.601039] (trover_description) StdoutLine: {'line': b'-- Up-to-date: /home/elizabeth/MREN203_Trover/install/trover_description/share/trover_description/worlds/models/aws_robomaker_residential_Rangehood_01/meshes/aws_Rangehood_01_visual.DAE\n'}
[1.601131] (trover_description) StdoutLine: {'line': b'-- Up-to-date: /home/elizabeth/MREN203_Trover/install/trover_description/share/trover_description/worlds/models/aws_robomaker_residential_PortraitD_02\n'}
[1.601221] (trover_description) StdoutLine: {'line': b'-- Up-to-date: /home/elizabeth/MREN203_Trover/install/trover_description/share/trover_description/worlds/models/aws_robomaker_residential_PortraitD_02/model.sdf\n'}
[1.601339] (trover_description) StdoutLine: {'line': b'-- Up-to-date: /home/elizabeth/MREN203_Trover/install/trover_description/share/trover_description/worlds/models/aws_robomaker_residential_PortraitD_02/materials\n'}
[1.601432] (trover_description) StdoutLine: {'line': b'-- Up-to-date: /home/elizabeth/MREN203_Trover/install/trover_description/share/trover_description/worlds/models/aws_robomaker_residential_PortraitD_02/materials/textures\n'}
[1.601519] (trover_description) StdoutLine: {'line': b'-- Up-to-date: /home/elizabeth/MREN203_Trover/install/trover_description/share/trover_description/worlds/models/aws_robomaker_residential_PortraitD_02/materials/textures/PortraitD_02.jpg\n'}
[1.602703] (trover_description) StdoutLine: {'line': b'-- Up-to-date: /home/elizabeth/MREN203_Trover/install/trover_description/share/trover_description/worlds/models/aws_robomaker_residential_PortraitD_02/materials/textures/aws_PortraitD_02.png\n'}
[1.602904] (trover_description) StdoutLine: {'line': b'-- Up-to-date: /home/elizabeth/MREN203_Trover/install/trover_description/share/trover_description/worlds/models/aws_robomaker_residential_PortraitD_02/materials/textures/aws_PortraitD_01.png\n'}
[1.602998] (trover_description) StdoutLine: {'line': b'-- Up-to-date: /home/elizabeth/MREN203_Trover/install/trover_description/share/trover_description/worlds/models/aws_robomaker_residential_PortraitD_02/model.config\n'}
[1.603091] (trover_description) StdoutLine: {'line': b'-- Up-to-date: /home/elizabeth/MREN203_Trover/install/trover_description/share/trover_description/worlds/models/aws_robomaker_residential_PortraitD_02/meshes\n'}
[1.603221] (trover_description) StdoutLine: {'line': b'-- Up-to-date: /home/elizabeth/MREN203_Trover/install/trover_description/share/trover_description/worlds/models/aws_robomaker_residential_PortraitD_02/meshes/aws_PortraitD_01_collision.DAE\n'}
[1.603330] (trover_description) StdoutLine: {'line': b'-- Up-to-date: /home/elizabeth/MREN203_Trover/install/trover_description/share/trover_description/worlds/models/aws_robomaker_residential_PortraitD_02/meshes/aws_PortraitD_01_visual.DAE\n'}
[1.603427] (trover_description) StdoutLine: {'line': b'-- Up-to-date: /home/elizabeth/MREN203_Trover/install/trover_description/share/trover_description/worlds/models/aws_robomaker_residential_Bed_01\n'}
[1.603521] (trover_description) StdoutLine: {'line': b'-- Up-to-date: /home/elizabeth/MREN203_Trover/install/trover_description/share/trover_description/worlds/models/aws_robomaker_residential_Bed_01/model.sdf\n'}
[1.603874] (trover_description) StdoutLine: {'line': b'-- Up-to-date: /home/elizabeth/MREN203_Trover/install/trover_description/share/trover_description/worlds/models/aws_robomaker_residential_Bed_01/materials\n'}
[1.604013] (trover_description) StdoutLine: {'line': b'-- Up-to-date: /home/elizabeth/MREN203_Trover/install/trover_description/share/trover_description/worlds/models/aws_robomaker_residential_Bed_01/materials/textures\n'}
[1.604112] (trover_description) StdoutLine: {'line': b'-- Up-to-date: /home/elizabeth/MREN203_Trover/install/trover_description/share/trover_description/worlds/models/aws_robomaker_residential_Bed_01/materials/textures/aws_Bed_01.png\n'}
[1.604186] (trover_description) StdoutLine: {'line': b'-- Up-to-date: /home/elizabeth/MREN203_Trover/install/trover_description/share/trover_description/worlds/models/aws_robomaker_residential_Bed_01/materials/textures/aws_BedC_01.png\n'}
[1.604255] (trover_description) StdoutLine: {'line': b'-- Up-to-date: /home/elizabeth/MREN203_Trover/install/trover_description/share/trover_description/worlds/models/aws_robomaker_residential_Bed_01/materials/textures/aws_BedB_01.png\n'}
[1.604325] (trover_description) StdoutLine: {'line': b'-- Up-to-date: /home/elizabeth/MREN203_Trover/install/trover_description/share/trover_description/worlds/models/aws_robomaker_residential_Bed_01/materials/textures/aws_BedA_01.png\n'}
[1.604395] (trover_description) StdoutLine: {'line': b'-- Up-to-date: /home/elizabeth/MREN203_Trover/install/trover_description/share/trover_description/worlds/models/aws_robomaker_residential_Bed_01/model.config\n'}
[1.604465] (trover_description) StdoutLine: {'line': b'-- Up-to-date: /home/elizabeth/MREN203_Trover/install/trover_description/share/trover_description/worlds/models/aws_robomaker_residential_Bed_01/meshes\n'}
[1.604746] (trover_description) StdoutLine: {'line': b'-- Up-to-date: /home/elizabeth/MREN203_Trover/install/trover_description/share/trover_description/worlds/models/aws_robomaker_residential_Bed_01/meshes/aws_Bed_01_visual.DAE\n'}
[1.604890] (trover_description) StdoutLine: {'line': b'-- Up-to-date: /home/elizabeth/MREN203_Trover/install/trover_description/share/trover_description/worlds/models/aws_robomaker_residential_Bed_01/meshes/aws_Bed_01_collision.DAE\n'}
[1.604985] (trover_description) StdoutLine: {'line': b'-- Up-to-date: /home/elizabeth/MREN203_Trover/install/trover_description/share/trover_description/worlds/models/aws_robomaker_residential_FitnessEquipment_01\n'}
[1.605081] (trover_description) StdoutLine: {'line': b'-- Up-to-date: /home/elizabeth/MREN203_Trover/install/trover_description/share/trover_description/worlds/models/aws_robomaker_residential_FitnessEquipment_01/model.sdf\n'}
[1.605155] (trover_description) StdoutLine: {'line': b'-- Up-to-date: /home/elizabeth/MREN203_Trover/install/trover_description/share/trover_description/worlds/models/aws_robomaker_residential_FitnessEquipment_01/materials\n'}
[1.605735] (trover_description) StdoutLine: {'line': b'-- Up-to-date: /home/elizabeth/MREN203_Trover/install/trover_description/share/trover_description/worlds/models/aws_robomaker_residential_FitnessEquipment_01/materials/textures\n'}
[1.605878] (trover_description) StdoutLine: {'line': b'-- Up-to-date: /home/elizabeth/MREN203_Trover/install/trover_description/share/trover_description/worlds/models/aws_robomaker_residential_FitnessEquipment_01/materials/textures/aws_FitnessEquipment_01.png\n'}
[1.605960] (trover_description) StdoutLine: {'line': b'-- Up-to-date: /home/elizabeth/MREN203_Trover/install/trover_description/share/trover_description/worlds/models/aws_robomaker_residential_FitnessEquipment_01/model.config\n'}
[1.606077] (trover_description) StdoutLine: {'line': b'-- Up-to-date: /home/elizabeth/MREN203_Trover/install/trover_description/share/trover_description/worlds/models/aws_robomaker_residential_FitnessEquipment_01/meshes\n'}
[1.606157] (trover_description) StdoutLine: {'line': b'-- Up-to-date: /home/elizabeth/MREN203_Trover/install/trover_description/share/trover_description/worlds/models/aws_robomaker_residential_FitnessEquipment_01/meshes/aws_FitnessEquipment_01_visual.DAE\n'}
[1.606233] (trover_description) StdoutLine: {'line': b'-- Up-to-date: /home/elizabeth/MREN203_Trover/install/trover_description/share/trover_description/worlds/models/aws_robomaker_residential_FitnessEquipment_01/meshes/aws_FitnessEquipment_01_collision.DAE\n'}
[1.606308] (trover_description) StdoutLine: {'line': b'-- Up-to-date: /home/elizabeth/MREN203_Trover/install/trover_description/share/trover_description/worlds/models/aws_robomaker_residential_KitchenCabinet_01\n'}
[1.606382] (trover_description) StdoutLine: {'line': b'-- Up-to-date: /home/elizabeth/MREN203_Trover/install/trover_description/share/trover_description/worlds/models/aws_robomaker_residential_KitchenCabinet_01/model.sdf\n'}
[1.606455] (trover_description) StdoutLine: {'line': b'-- Up-to-date: /home/elizabeth/MREN203_Trover/install/trover_description/share/trover_description/worlds/models/aws_robomaker_residential_KitchenCabinet_01/materials\n'}
[1.606619] (trover_description) StdoutLine: {'line': b'-- Up-to-date: /home/elizabeth/MREN203_Trover/install/trover_description/share/trover_description/worlds/models/aws_robomaker_residential_KitchenCabinet_01/materials/textures\n'}
[1.606743] (trover_description) StdoutLine: {'line': b'-- Up-to-date: /home/elizabeth/MREN203_Trover/install/trover_description/share/trover_description/worlds/models/aws_robomaker_residential_KitchenCabinet_01/materials/textures/aws_KitchenCabinet_01.png\n'}
[1.606847] (trover_description) StdoutLine: {'line': b'-- Up-to-date: /home/elizabeth/MREN203_Trover/install/trover_description/share/trover_description/worlds/models/aws_robomaker_residential_KitchenCabinet_01/model.config\n'}
[1.607075] (trover_description) StdoutLine: {'line': b'-- Up-to-date: /home/elizabeth/MREN203_Trover/install/trover_description/share/trover_description/worlds/models/aws_robomaker_residential_KitchenCabinet_01/meshes\n'}
[1.607171] (trover_description) StdoutLine: {'line': b'-- Up-to-date: /home/elizabeth/MREN203_Trover/install/trover_description/share/trover_description/worlds/models/aws_robomaker_residential_KitchenCabinet_01/meshes/aws_KitchenCabinet_01_visual.DAE\n'}
[1.607262] (trover_description) StdoutLine: {'line': b'-- Up-to-date: /home/elizabeth/MREN203_Trover/install/trover_description/share/trover_description/worlds/models/aws_robomaker_residential_KitchenCabinet_01/meshes/aws_KitchenCabinet_01_collision.DAE\n'}
[1.607351] (trover_description) StdoutLine: {'line': b'-- Up-to-date: /home/elizabeth/MREN203_Trover/install/trover_description/share/trover_description/worlds/models/aws_robomaker_residential_NightStand_01\n'}
[1.607440] (trover_description) StdoutLine: {'line': b'-- Up-to-date: /home/elizabeth/MREN203_Trover/install/trover_description/share/trover_description/worlds/models/aws_robomaker_residential_NightStand_01/model.sdf\n'}
[1.607675] (trover_description) StdoutLine: {'line': b'-- Up-to-date: /home/elizabeth/MREN203_Trover/install/trover_description/share/trover_description/worlds/models/aws_robomaker_residential_NightStand_01/materials\n'}
[1.607868] (trover_description) StdoutLine: {'line': b'-- Up-to-date: /home/elizabeth/MREN203_Trover/install/trover_description/share/trover_description/worlds/models/aws_robomaker_residential_NightStand_01/materials/textures\n'}
[1.607998] (trover_description) StdoutLine: {'line': b'-- Up-to-date: /home/elizabeth/MREN203_Trover/install/trover_description/share/trover_description/worlds/models/aws_robomaker_residential_NightStand_01/materials/textures/aws_NightStand_01.png\n'}
[1.608099] (trover_description) StdoutLine: {'line': b'-- Up-to-date: /home/elizabeth/MREN203_Trover/install/trover_description/share/trover_description/worlds/models/aws_robomaker_residential_NightStand_01/model.config\n'}
[1.608189] (trover_description) StdoutLine: {'line': b'-- Up-to-date: /home/elizabeth/MREN203_Trover/install/trover_description/share/trover_description/worlds/models/aws_robomaker_residential_NightStand_01/meshes\n'}
[1.608279] (trover_description) StdoutLine: {'line': b'-- Up-to-date: /home/elizabeth/MREN203_Trover/install/trover_description/share/trover_description/worlds/models/aws_robomaker_residential_NightStand_01/meshes/aws_NightStand_01_visual.DAE\n'}
[1.608369] (trover_description) StdoutLine: {'line': b'-- Up-to-date: /home/elizabeth/MREN203_Trover/install/trover_description/share/trover_description/worlds/models/aws_robomaker_residential_NightStand_01/meshes/aws_NightStand_01_collision.DAE\n'}
[1.608456] (trover_description) StdoutLine: {'line': b'-- Up-to-date: /home/elizabeth/MREN203_Trover/install/trover_description/share/trover_description/worlds/models/aws_robomaker_residential_PortraitC_01\n'}
[1.608698] (trover_description) StdoutLine: {'line': b'-- Up-to-date: /home/elizabeth/MREN203_Trover/install/trover_description/share/trover_description/worlds/models/aws_robomaker_residential_PortraitC_01/model.sdf\n'}
[1.608831] (trover_description) StdoutLine: {'line': b'-- Up-to-date: /home/elizabeth/MREN203_Trover/install/trover_description/share/trover_description/worlds/models/aws_robomaker_residential_PortraitC_01/materials\n'}
[1.608943] (trover_description) StdoutLine: {'line': b'-- Up-to-date: /home/elizabeth/MREN203_Trover/install/trover_description/share/trover_description/worlds/models/aws_robomaker_residential_PortraitC_01/materials/textures\n'}
[1.609033] (trover_description) StdoutLine: {'line': b'-- Up-to-date: /home/elizabeth/MREN203_Trover/install/trover_description/share/trover_description/worlds/models/aws_robomaker_residential_PortraitC_01/materials/textures/aws_PortraitC_02.png\n'}
[1.609122] (trover_description) StdoutLine: {'line': b'-- Up-to-date: /home/elizabeth/MREN203_Trover/install/trover_description/share/trover_description/worlds/models/aws_robomaker_residential_PortraitC_01/materials/textures/aws_PortraitC_01.png\n'}
[1.609210] (trover_description) StdoutLine: {'line': b'-- Up-to-date: /home/elizabeth/MREN203_Trover/install/trover_description/share/trover_description/worlds/models/aws_robomaker_residential_PortraitC_01/materials/textures/PortraitC_01.jpg\n'}
[1.613565] (trover_description) StdoutLine: {'line': b'-- Up-to-date: /home/elizabeth/MREN203_Trover/install/trover_description/share/trover_description/worlds/models/aws_robomaker_residential_PortraitC_01/model.config\n'}
[1.613821] (trover_description) StdoutLine: {'line': b'-- Up-to-date: /home/elizabeth/MREN203_Trover/install/trover_description/share/trover_description/worlds/models/aws_robomaker_residential_PortraitC_01/meshes\n'}
[1.614111] (trover_description) StdoutLine: {'line': b'-- Up-to-date: /home/elizabeth/MREN203_Trover/install/trover_description/share/trover_description/worlds/models/aws_robomaker_residential_PortraitC_01/meshes/aws_PortraitC_01_collision.DAE\n'}
[1.614350] (trover_description) StdoutLine: {'line': b'-- Up-to-date: /home/elizabeth/MREN203_Trover/install/trover_description/share/trover_description/worlds/models/aws_robomaker_residential_PortraitC_01/meshes/aws_PortraitC_01_visual.DAE\n'}
[1.614455] (trover_description) StdoutLine: {'line': b'-- Up-to-date: /home/elizabeth/MREN203_Trover/install/trover_description/share/trover_description/worlds/models/aws_robomaker_residential_PortraitA_01\n'}
[1.614591] (trover_description) StdoutLine: {'line': b'-- Up-to-date: /home/elizabeth/MREN203_Trover/install/trover_description/share/trover_description/worlds/models/aws_robomaker_residential_PortraitA_01/model.sdf\n'}
[1.614682] (trover_description) StdoutLine: {'line': b'-- Up-to-date: /home/elizabeth/MREN203_Trover/install/trover_description/share/trover_description/worlds/models/aws_robomaker_residential_PortraitA_01/materials\n'}
[1.614772] (trover_description) StdoutLine: {'line': b'-- Up-to-date: /home/elizabeth/MREN203_Trover/install/trover_description/share/trover_description/worlds/models/aws_robomaker_residential_PortraitA_01/materials/textures\n'}
[1.614912] (trover_description) StdoutLine: {'line': b'-- Up-to-date: /home/elizabeth/MREN203_Trover/install/trover_description/share/trover_description/worlds/models/aws_robomaker_residential_PortraitA_01/materials/textures/PortraitA_01.jpg\n'}
[1.615187] (trover_description) StdoutLine: {'line': b'-- Up-to-date: /home/elizabeth/MREN203_Trover/install/trover_description/share/trover_description/worlds/models/aws_robomaker_residential_PortraitA_01/materials/textures/aws_PortraitA_02.png\n'}
[1.615297] (trover_description) StdoutLine: {'line': b'-- Up-to-date: /home/elizabeth/MREN203_Trover/install/trover_description/share/trover_description/worlds/models/aws_robomaker_residential_PortraitA_01/materials/textures/aws_PortraitA_01.png\n'}
[1.615388] (trover_description) StdoutLine: {'line': b'-- Up-to-date: /home/elizabeth/MREN203_Trover/install/trover_description/share/trover_description/worlds/models/aws_robomaker_residential_PortraitA_01/model.config\n'}
[1.615505] (trover_description) StdoutLine: {'line': b'-- Up-to-date: /home/elizabeth/MREN203_Trover/install/trover_description/share/trover_description/worlds/models/aws_robomaker_residential_PortraitA_01/meshes\n'}
[1.615597] (trover_description) StdoutLine: {'line': b'-- Up-to-date: /home/elizabeth/MREN203_Trover/install/trover_description/share/trover_description/worlds/models/aws_robomaker_residential_PortraitA_01/meshes/aws_PortraitA_01_collision.DAE\n'}
[1.615687] (trover_description) StdoutLine: {'line': b'-- Up-to-date: /home/elizabeth/MREN203_Trover/install/trover_description/share/trover_description/worlds/models/aws_robomaker_residential_PortraitA_01/meshes/aws_PortraitA_01_visual.DAE\n'}
[1.615775] (trover_description) StdoutLine: {'line': b'-- Up-to-date: /home/elizabeth/MREN203_Trover/install/trover_description/share/trover_description/worlds/models/aws_robomaker_residential_TV_02\n'}
[1.615864] (trover_description) StdoutLine: {'line': b'-- Up-to-date: /home/elizabeth/MREN203_Trover/install/trover_description/share/trover_description/worlds/models/aws_robomaker_residential_TV_02/model.sdf\n'}
[1.616109] (trover_description) StdoutLine: {'line': b'-- Up-to-date: /home/elizabeth/MREN203_Trover/install/trover_description/share/trover_description/worlds/models/aws_robomaker_residential_TV_02/materials\n'}
[1.616213] (trover_description) StdoutLine: {'line': b'-- Up-to-date: /home/elizabeth/MREN203_Trover/install/trover_description/share/trover_description/worlds/models/aws_robomaker_residential_TV_02/materials/textures\n'}
[1.616875] (trover_description) StdoutLine: {'line': b'-- Up-to-date: /home/elizabeth/MREN203_Trover/install/trover_description/share/trover_description/worlds/models/aws_robomaker_residential_TV_02/materials/textures/aws_TV_01.png\n'}
[1.617587] (trover_description) StdoutLine: {'line': b'-- Up-to-date: /home/elizabeth/MREN203_Trover/install/trover_description/share/trover_description/worlds/models/aws_robomaker_residential_TV_02/model.config\n'}
[1.618132] (trover_description) StdoutLine: {'line': b'-- Up-to-date: /home/elizabeth/MREN203_Trover/install/trover_description/share/trover_description/worlds/models/aws_robomaker_residential_TV_02/meshes\n'}
[1.618771] (trover_description) StdoutLine: {'line': b'-- Up-to-date: /home/elizabeth/MREN203_Trover/install/trover_description/share/trover_description/worlds/models/aws_robomaker_residential_TV_02/meshes/aws_TV_01_collision.DAE\n'}
[1.619352] (trover_description) StdoutLine: {'line': b'-- Up-to-date: /home/elizabeth/MREN203_Trover/install/trover_description/share/trover_description/worlds/models/aws_robomaker_residential_TV_02/meshes/aws_TV_01_visual.DAE\n'}
[1.619710] (trover_description) StdoutLine: {'line': b'-- Up-to-date: /home/elizabeth/MREN203_Trover/install/trover_description/share/trover_description/worlds/models/aws_robomaker_residential_Wardrobe_01\n'}
[1.620202] (trover_description) StdoutLine: {'line': b'-- Up-to-date: /home/elizabeth/MREN203_Trover/install/trover_description/share/trover_description/worlds/models/aws_robomaker_residential_Wardrobe_01/model.sdf\n'}
[1.620528] (trover_description) StdoutLine: {'line': b'-- Up-to-date: /home/elizabeth/MREN203_Trover/install/trover_description/share/trover_description/worlds/models/aws_robomaker_residential_Wardrobe_01/materials\n'}
[1.621129] (trover_description) StdoutLine: {'line': b'-- Up-to-date: /home/elizabeth/MREN203_Trover/install/trover_description/share/trover_description/worlds/models/aws_robomaker_residential_Wardrobe_01/materials/textures\n'}
[1.621434] (trover_description) StdoutLine: {'line': b'-- Up-to-date: /home/elizabeth/MREN203_Trover/install/trover_description/share/trover_description/worlds/models/aws_robomaker_residential_Wardrobe_01/materials/textures/aws_Wardrobe_01.png\n'}
[1.621944] (trover_description) StdoutLine: {'line': b'-- Up-to-date: /home/elizabeth/MREN203_Trover/install/trover_description/share/trover_description/worlds/models/aws_robomaker_residential_Wardrobe_01/model.config\n'}
[1.622209] (trover_description) StdoutLine: {'line': b'-- Up-to-date: /home/elizabeth/MREN203_Trover/install/trover_description/share/trover_description/worlds/models/aws_robomaker_residential_Wardrobe_01/meshes\n'}
[1.622679] (trover_description) StdoutLine: {'line': b'-- Up-to-date: /home/elizabeth/MREN203_Trover/install/trover_description/share/trover_description/worlds/models/aws_robomaker_residential_Wardrobe_01/meshes/aws_Wardrobe_01_visual.DAE\n'}
[1.623117] (trover_description) StdoutLine: {'line': b'-- Up-to-date: /home/elizabeth/MREN203_Trover/install/trover_description/share/trover_description/worlds/models/aws_robomaker_residential_Wardrobe_01/meshes/aws_Wardrobe_01_collision.DAE\n'}
[1.623483] (trover_description) StdoutLine: {'line': b'-- Up-to-date: /home/elizabeth/MREN203_Trover/install/trover_description/share/trover_description/worlds/models/aws_robomaker_residential_PortraitB_03\n'}
[1.623698] (trover_description) StdoutLine: {'line': b'-- Up-to-date: /home/elizabeth/MREN203_Trover/install/trover_description/share/trover_description/worlds/models/aws_robomaker_residential_PortraitB_03/model.sdf\n'}
[1.624122] (trover_description) StdoutLine: {'line': b'-- Up-to-date: /home/elizabeth/MREN203_Trover/install/trover_description/share/trover_description/worlds/models/aws_robomaker_residential_PortraitB_03/materials\n'}
[1.624727] (trover_description) StdoutLine: {'line': b'-- Up-to-date: /home/elizabeth/MREN203_Trover/install/trover_description/share/trover_description/worlds/models/aws_robomaker_residential_PortraitB_03/materials/textures\n'}
[1.625039] (trover_description) StdoutLine: {'line': b'-- Up-to-date: /home/elizabeth/MREN203_Trover/install/trover_description/share/trover_description/worlds/models/aws_robomaker_residential_PortraitB_03/materials/textures/aws_PortraitB_01.png\n'}
[1.625670] (trover_description) StdoutLine: {'line': b'-- Up-to-date: /home/elizabeth/MREN203_Trover/install/trover_description/share/trover_description/worlds/models/aws_robomaker_residential_PortraitB_03/materials/textures/PortraitB_03.jpg\n'}
[1.625995] (trover_description) StdoutLine: {'line': b'-- Up-to-date: /home/elizabeth/MREN203_Trover/install/trover_description/share/trover_description/worlds/models/aws_robomaker_residential_PortraitB_03/materials/textures/aws_PortraitB_02.png\n'}
[1.626385] (trover_description) StdoutLine: {'line': b'-- Up-to-date: /home/elizabeth/MREN203_Trover/install/trover_description/share/trover_description/worlds/models/aws_robomaker_residential_PortraitB_03/model.config\n'}
[1.626835] (trover_description) StdoutLine: {'line': b'-- Up-to-date: /home/elizabeth/MREN203_Trover/install/trover_description/share/trover_description/worlds/models/aws_robomaker_residential_PortraitB_03/meshes\n'}
[1.627147] (trover_description) StdoutLine: {'line': b'-- Up-to-date: /home/elizabeth/MREN203_Trover/install/trover_description/share/trover_description/worlds/models/aws_robomaker_residential_PortraitB_03/meshes/aws_PortraitB_01_collision.DAE\n'}
[1.627819] (trover_description) StdoutLine: {'line': b'-- Up-to-date: /home/elizabeth/MREN203_Trover/install/trover_description/share/trover_description/worlds/models/aws_robomaker_residential_PortraitB_03/meshes/aws_PortraitB_01_visual.DAE\n'}
[1.628010] (trover_description) StdoutLine: {'line': b'-- Up-to-date: /home/elizabeth/MREN203_Trover/install/trover_description/share/trover_description/worlds/models/aws_robomaker_residential_FoldingDoor_02\n'}
[1.628584] (trover_description) StdoutLine: {'line': b'-- Up-to-date: /home/elizabeth/MREN203_Trover/install/trover_description/share/trover_description/worlds/models/aws_robomaker_residential_FoldingDoor_02/model.sdf\n'}
[1.628771] (trover_description) StdoutLine: {'line': b'-- Up-to-date: /home/elizabeth/MREN203_Trover/install/trover_description/share/trover_description/worlds/models/aws_robomaker_residential_FoldingDoor_02/materials\n'}
[1.629546] (trover_description) StdoutLine: {'line': b'-- Up-to-date: /home/elizabeth/MREN203_Trover/install/trover_description/share/trover_description/worlds/models/aws_robomaker_residential_FoldingDoor_02/materials/textures\n'}
[1.629762] (trover_description) StdoutLine: {'line': b'-- Up-to-date: /home/elizabeth/MREN203_Trover/install/trover_description/share/trover_description/worlds/models/aws_robomaker_residential_FoldingDoor_02/materials/textures/aws_FoldingDoor_02.png\n'}
[1.630365] (trover_description) StdoutLine: {'line': b'-- Up-to-date: /home/elizabeth/MREN203_Trover/install/trover_description/share/trover_description/worlds/models/aws_robomaker_residential_FoldingDoor_02/model.config\n'}
[1.630534] (trover_description) StdoutLine: {'line': b'-- Up-to-date: /home/elizabeth/MREN203_Trover/install/trover_description/share/trover_description/worlds/models/aws_robomaker_residential_FoldingDoor_02/meshes\n'}
[1.630834] (trover_description) StdoutLine: {'line': b'-- Up-to-date: /home/elizabeth/MREN203_Trover/install/trover_description/share/trover_description/worlds/models/aws_robomaker_residential_FoldingDoor_02/meshes/aws_FoldingDoor_02_collision.DAE\n'}
[1.631033] (trover_description) StdoutLine: {'line': b'-- Up-to-date: /home/elizabeth/MREN203_Trover/install/trover_description/share/trover_description/worlds/models/aws_robomaker_residential_FoldingDoor_02/meshes/aws_FoldingDoor_02_visual.DAE\n'}
[1.631751] (trover_description) StdoutLine: {'line': b'-- Up-to-date: /home/elizabeth/MREN203_Trover/install/trover_description/share/trover_description/worlds/models/aws_robomaker_residential_PortraitB_01\n'}
[1.632198] (trover_description) StdoutLine: {'line': b'-- Up-to-date: /home/elizabeth/MREN203_Trover/install/trover_description/share/trover_description/worlds/models/aws_robomaker_residential_PortraitB_01/model.sdf\n'}
[1.632625] (trover_description) StdoutLine: {'line': b'-- Up-to-date: /home/elizabeth/MREN203_Trover/install/trover_description/share/trover_description/worlds/models/aws_robomaker_residential_PortraitB_01/materials\n'}
[1.632839] (trover_description) StdoutLine: {'line': b'-- Up-to-date: /home/elizabeth/MREN203_Trover/install/trover_description/share/trover_description/worlds/models/aws_robomaker_residential_PortraitB_01/materials/textures\n'}
[1.633825] (trover_description) StdoutLine: {'line': b'-- Up-to-date: /home/elizabeth/MREN203_Trover/install/trover_description/share/trover_description/worlds/models/aws_robomaker_residential_PortraitB_01/materials/textures/aws_PortraitB_01.png\n'}
[1.634762] (trover_description) StdoutLine: {'line': b'-- Up-to-date: /home/elizabeth/MREN203_Trover/install/trover_description/share/trover_description/worlds/models/aws_robomaker_residential_PortraitB_01/materials/textures/PortraitB_01.jpg\n'}
[1.635105] (trover_description) StdoutLine: {'line': b'-- Up-to-date: /home/elizabeth/MREN203_Trover/install/trover_description/share/trover_description/worlds/models/aws_robomaker_residential_PortraitB_01/materials/textures/aws_PortraitB_02.png\n'}
[1.635205] (trover_description) StdoutLine: {'line': b'-- Up-to-date: /home/elizabeth/MREN203_Trover/install/trover_description/share/trover_description/worlds/models/aws_robomaker_residential_PortraitB_01/model.config\n'}
[1.635299] (trover_description) StdoutLine: {'line': b'-- Up-to-date: /home/elizabeth/MREN203_Trover/install/trover_description/share/trover_description/worlds/models/aws_robomaker_residential_PortraitB_01/meshes\n'}
[1.635389] (trover_description) StdoutLine: {'line': b'-- Up-to-date: /home/elizabeth/MREN203_Trover/install/trover_description/share/trover_description/worlds/models/aws_robomaker_residential_PortraitB_01/meshes/aws_PortraitB_01_collision.DAE\n'}
[1.636458] (trover_description) StdoutLine: {'line': b'-- Up-to-date: /home/elizabeth/MREN203_Trover/install/trover_description/share/trover_description/worlds/models/aws_robomaker_residential_PortraitB_01/meshes/aws_PortraitB_01_visual.DAE\n'}
[1.636731] (trover_description) StdoutLine: {'line': b'-- Up-to-date: /home/elizabeth/MREN203_Trover/install/trover_description/share/trover_description/worlds/models/aws_robomaker_residential_Tableware_01\n'}
[1.636853] (trover_description) StdoutLine: {'line': b'-- Up-to-date: /home/elizabeth/MREN203_Trover/install/trover_description/share/trover_description/worlds/models/aws_robomaker_residential_Tableware_01/model.sdf\n'}
[1.636994] (trover_description) StdoutLine: {'line': b'-- Up-to-date: /home/elizabeth/MREN203_Trover/install/trover_description/share/trover_description/worlds/models/aws_robomaker_residential_Tableware_01/materials\n'}
[1.637568] (trover_description) StdoutLine: {'line': b'-- Up-to-date: /home/elizabeth/MREN203_Trover/install/trover_description/share/trover_description/worlds/models/aws_robomaker_residential_Tableware_01/materials/textures\n'}
[1.637865] (trover_description) StdoutLine: {'line': b'-- Up-to-date: /home/elizabeth/MREN203_Trover/install/trover_description/share/trover_description/worlds/models/aws_robomaker_residential_Tableware_01/materials/textures/aws_Tableware_01.png\n'}
[1.638096] (trover_description) StdoutLine: {'line': b'-- Up-to-date: /home/elizabeth/MREN203_Trover/install/trover_description/share/trover_description/worlds/models/aws_robomaker_residential_Tableware_01/model.config\n'}
[1.638397] (trover_description) StdoutLine: {'line': b'-- Up-to-date: /home/elizabeth/MREN203_Trover/install/trover_description/share/trover_description/worlds/models/aws_robomaker_residential_Tableware_01/meshes\n'}
[1.638891] (trover_description) StdoutLine: {'line': b'-- Up-to-date: /home/elizabeth/MREN203_Trover/install/trover_description/share/trover_description/worlds/models/aws_robomaker_residential_Tableware_01/meshes/aws_Tableware_01_visual.DAE\n'}
[1.639286] (trover_description) StdoutLine: {'line': b'-- Up-to-date: /home/elizabeth/MREN203_Trover/install/trover_description/share/trover_description/worlds/models/aws_robomaker_residential_Tableware_01/meshes/aws_Tableware_01_collision.DAE\n'}
[1.639724] (trover_description) StdoutLine: {'line': b'-- Up-to-date: /home/elizabeth/MREN203_Trover/install/trover_description/share/trover_description/worlds/models/aws_robomaker_residential_PortraitB_02\n'}
[1.640367] (trover_description) StdoutLine: {'line': b'-- Up-to-date: /home/elizabeth/MREN203_Trover/install/trover_description/share/trover_description/worlds/models/aws_robomaker_residential_PortraitB_02/model.sdf\n'}
[1.641081] (trover_description) StdoutLine: {'line': b'-- Up-to-date: /home/elizabeth/MREN203_Trover/install/trover_description/share/trover_description/worlds/models/aws_robomaker_residential_PortraitB_02/materials\n'}
[1.641773] (trover_description) StdoutLine: {'line': b'-- Up-to-date: /home/elizabeth/MREN203_Trover/install/trover_description/share/trover_description/worlds/models/aws_robomaker_residential_PortraitB_02/materials/textures\n'}
[1.642100] (trover_description) StdoutLine: {'line': b'-- Up-to-date: /home/elizabeth/MREN203_Trover/install/trover_description/share/trover_description/worlds/models/aws_robomaker_residential_PortraitB_02/materials/textures/aws_PortraitB_01.png\n'}
[1.642441] (trover_description) StdoutLine: {'line': b'-- Up-to-date: /home/elizabeth/MREN203_Trover/install/trover_description/share/trover_description/worlds/models/aws_robomaker_residential_PortraitB_02/materials/textures/PortraitB_02.jpg\n'}
[1.643080] (trover_description) StdoutLine: {'line': b'-- Up-to-date: /home/elizabeth/MREN203_Trover/install/trover_description/share/trover_description/worlds/models/aws_robomaker_residential_PortraitB_02/materials/textures/aws_PortraitB_02.png\n'}
[1.643258] (trover_description) StdoutLine: {'line': b'-- Up-to-date: /home/elizabeth/MREN203_Trover/install/trover_description/share/trover_description/worlds/models/aws_robomaker_residential_PortraitB_02/model.config\n'}
[1.643696] (trover_description) StdoutLine: {'line': b'-- Up-to-date: /home/elizabeth/MREN203_Trover/install/trover_description/share/trover_description/worlds/models/aws_robomaker_residential_PortraitB_02/meshes\n'}
[1.644042] (trover_description) StdoutLine: {'line': b'-- Up-to-date: /home/elizabeth/MREN203_Trover/install/trover_description/share/trover_description/worlds/models/aws_robomaker_residential_PortraitB_02/meshes/aws_PortraitB_01_collision.DAE\n'}
[1.644341] (trover_description) StdoutLine: {'line': b'-- Up-to-date: /home/elizabeth/MREN203_Trover/install/trover_description/share/trover_description/worlds/models/aws_robomaker_residential_PortraitB_02/meshes/aws_PortraitB_01_visual.DAE\n'}
[1.644560] (trover_description) StdoutLine: {'line': b'-- Up-to-date: /home/elizabeth/MREN203_Trover/install/trover_description/share/trover_description/worlds/models/aws_robomaker_residential_Dumbbell_01\n'}
[1.644906] (trover_description) StdoutLine: {'line': b'-- Up-to-date: /home/elizabeth/MREN203_Trover/install/trover_description/share/trover_description/worlds/models/aws_robomaker_residential_Dumbbell_01/model.sdf\n'}
[1.645827] (trover_description) StdoutLine: {'line': b'-- Up-to-date: /home/elizabeth/MREN203_Trover/install/trover_description/share/trover_description/worlds/models/aws_robomaker_residential_Dumbbell_01/materials\n'}
[1.646208] (trover_description) StdoutLine: {'line': b'-- Up-to-date: /home/elizabeth/MREN203_Trover/install/trover_description/share/trover_description/worlds/models/aws_robomaker_residential_Dumbbell_01/materials/textures\n'}
[1.646983] (trover_description) StdoutLine: {'line': b'-- Up-to-date: /home/elizabeth/MREN203_Trover/install/trover_description/share/trover_description/worlds/models/aws_robomaker_residential_Dumbbell_01/materials/textures/aws_Dumbbell_01.png\n'}
[1.647240] (trover_description) StdoutLine: {'line': b'-- Up-to-date: /home/elizabeth/MREN203_Trover/install/trover_description/share/trover_description/worlds/models/aws_robomaker_residential_Dumbbell_01/model.config\n'}
[1.647339] (trover_description) StdoutLine: {'line': b'-- Up-to-date: /home/elizabeth/MREN203_Trover/install/trover_description/share/trover_description/worlds/models/aws_robomaker_residential_Dumbbell_01/meshes\n'}
[1.648214] (trover_description) StdoutLine: {'line': b'-- Up-to-date: /home/elizabeth/MREN203_Trover/install/trover_description/share/trover_description/worlds/models/aws_robomaker_residential_Dumbbell_01/meshes/aws_Dumbbell_01_collision.DAE\n'}
[1.648441] (trover_description) StdoutLine: {'line': b'-- Up-to-date: /home/elizabeth/MREN203_Trover/install/trover_description/share/trover_description/worlds/models/aws_robomaker_residential_Dumbbell_01/meshes/aws_Dumbbell_01_visual.DAE\n'}
[1.648540] (trover_description) StdoutLine: {'line': b'-- Up-to-date: /home/elizabeth/MREN203_Trover/install/trover_description/share/trover_description/worlds/models/aws_robomaker_residential_DeskPortraitB_01\n'}
[1.648916] (trover_description) StdoutLine: {'line': b'-- Up-to-date: /home/elizabeth/MREN203_Trover/install/trover_description/share/trover_description/worlds/models/aws_robomaker_residential_DeskPortraitB_01/model.sdf\n'}
[1.649480] (trover_description) StdoutLine: {'line': b'-- Up-to-date: /home/elizabeth/MREN203_Trover/install/trover_description/share/trover_description/worlds/models/aws_robomaker_residential_DeskPortraitB_01/materials\n'}
[1.649696] (trover_description) StdoutLine: {'line': b'-- Up-to-date: /home/elizabeth/MREN203_Trover/install/trover_description/share/trover_description/worlds/models/aws_robomaker_residential_DeskPortraitB_01/materials/textures\n'}
[1.651070] (trover_description) StdoutLine: {'line': b'-- Up-to-date: /home/elizabeth/MREN203_Trover/install/trover_description/share/trover_description/worlds/models/aws_robomaker_residential_DeskPortraitB_01/materials/textures/DeskPortraitB_01.jpg\n'}
[1.651313] (trover_description) StdoutLine: {'line': b'-- Up-to-date: /home/elizabeth/MREN203_Trover/install/trover_description/share/trover_description/worlds/models/aws_robomaker_residential_DeskPortraitB_01/materials/textures/aws_DeskPortraitB_02.png\n'}
[1.651413] (trover_description) StdoutLine: {'line': b'-- Up-to-date: /home/elizabeth/MREN203_Trover/install/trover_description/share/trover_description/worlds/models/aws_robomaker_residential_DeskPortraitB_01/materials/textures/aws_DeskPortraitB_01.png\n'}
[1.652142] (trover_description) StdoutLine: {'line': b'-- Up-to-date: /home/elizabeth/MREN203_Trover/install/trover_description/share/trover_description/worlds/models/aws_robomaker_residential_DeskPortraitB_01/model.config\n'}
[1.652352] (trover_description) StdoutLine: {'line': b'-- Up-to-date: /home/elizabeth/MREN203_Trover/install/trover_description/share/trover_description/worlds/models/aws_robomaker_residential_DeskPortraitB_01/meshes\n'}
[1.652546] (trover_description) StdoutLine: {'line': b'-- Up-to-date: /home/elizabeth/MREN203_Trover/install/trover_description/share/trover_description/worlds/models/aws_robomaker_residential_DeskPortraitB_01/meshes/aws_DeskPortraitB_01_visual.DAE\n'}
[1.653022] (trover_description) StdoutLine: {'line': b'-- Up-to-date: /home/elizabeth/MREN203_Trover/install/trover_description/share/trover_description/worlds/models/aws_robomaker_residential_DeskPortraitB_01/meshes/aws_DeskPortraitB_01_collision.DAE\n'}
[1.653376] (trover_description) StdoutLine: {'line': b'-- Up-to-date: /home/elizabeth/MREN203_Trover/install/trover_description/share/trover_description/worlds/docs\n'}
[1.653699] (trover_description) StdoutLine: {'line': b'-- Up-to-date: /home/elizabeth/MREN203_Trover/install/trover_description/share/trover_description/worlds/docs/images\n'}
[1.654145] (trover_description) StdoutLine: {'line': b'-- Up-to-date: /home/elizabeth/MREN203_Trover/install/trover_description/share/trover_description/worlds/docs/images/nav_path_rviz_gazebo.png\n'}
[1.654455] (trover_description) StdoutLine: {'line': b'-- Up-to-date: /home/elizabeth/MREN203_Trover/install/trover_description/share/trover_description/worlds/docs/images/gazebo_01.png\n'}
[1.655029] (trover_description) StdoutLine: {'line': b'-- Up-to-date: /home/elizabeth/MREN203_Trover/install/trover_description/share/trover_description/worlds/docs/images/gzweb_aws_house.png\n'}
[1.655669] (trover_description) StdoutLine: {'line': b'-- Up-to-date: /home/elizabeth/MREN203_Trover/install/trover_description/share/trover_description/worlds/package.xml\n'}
[1.656171] (trover_description) StdoutLine: {'line': b'-- Up-to-date: /home/elizabeth/MREN203_Trover/install/trover_description/share/trover_description/worlds/LICENSE\n'}
[1.656307] (trover_description) StdoutLine: {'line': b'-- Up-to-date: /home/elizabeth/MREN203_Trover/install/trover_description/share/trover_description/worlds/routes\n'}
[1.657097] (trover_description) StdoutLine: {'line': b'-- Up-to-date: /home/elizabeth/MREN203_Trover/install/trover_description/share/trover_description/worlds/routes/route.yaml\n'}
[1.657464] (trover_description) StdoutLine: {'line': b'-- Up-to-date: /home/elizabeth/MREN203_Trover/install/trover_description/share/ament_index/resource_index/package_run_dependencies/trover_description\n'}
[1.658736] (trover_description) StdoutLine: {'line': b'-- Up-to-date: /home/elizabeth/MREN203_Trover/install/trover_description/share/ament_index/resource_index/parent_prefix_path/trover_description\n'}
[1.659467] (trover_description) StdoutLine: {'line': b'-- Up-to-date: /home/elizabeth/MREN203_Trover/install/trover_description/share/trover_description/environment/ament_prefix_path.sh\n'}
[1.660134] (trover_description) StdoutLine: {'line': b'-- Up-to-date: /home/elizabeth/MREN203_Trover/install/trover_description/share/trover_description/environment/ament_prefix_path.dsv\n'}
[1.660839] (trover_description) StdoutLine: {'line': b'-- Up-to-date: /home/elizabeth/MREN203_Trover/install/trover_description/share/trover_description/environment/path.sh\n'}
[1.661131] (trover_description) StdoutLine: {'line': b'-- Up-to-date: /home/elizabeth/MREN203_Trover/install/trover_description/share/trover_description/environment/path.dsv\n'}
[1.662054] (trover_description) StdoutLine: {'line': b'-- Up-to-date: /home/elizabeth/MREN203_Trover/install/trover_description/share/trover_description/local_setup.bash\n'}
[1.663023] (trover_description) StdoutLine: {'line': b'-- Up-to-date: /home/elizabeth/MREN203_Trover/install/trover_description/share/trover_description/local_setup.sh\n'}
[1.663470] (trover_description) StdoutLine: {'line': b'-- Up-to-date: /home/elizabeth/MREN203_Trover/install/trover_description/share/trover_description/local_setup.zsh\n'}
[1.664385] (trover_description) StdoutLine: {'line': b'-- Up-to-date: /home/elizabeth/MREN203_Trover/install/trover_description/share/trover_description/local_setup.dsv\n'}
[1.664680] (trover_description) StdoutLine: {'line': b'-- Installing: /home/elizabeth/MREN203_Trover/install/trover_description/share/trover_description/package.dsv\n'}
[1.689082] (-) TimerEvent: {}
[1.699498] (trover_description) StdoutLine: {'line': b'-- Up-to-date: /home/elizabeth/MREN203_Trover/install/trover_description/share/ament_index/resource_index/packages/trover_description\n'}
[1.729335] (trover_description) StdoutLine: {'line': b'-- Up-to-date: /home/elizabeth/MREN203_Trover/install/trover_description/share/trover_description/cmake/trover_descriptionConfig.cmake\n'}
[1.729969] (trover_description) StdoutLine: {'line': b'-- Up-to-date: /home/elizabeth/MREN203_Trover/install/trover_description/share/trover_description/cmake/trover_descriptionConfig-version.cmake\n'}
[1.730463] (trover_description) StdoutLine: {'line': b'-- Up-to-date: /home/elizabeth/MREN203_Trover/install/trover_description/share/trover_description/package.xml\n'}
[1.747119] (trover_description) CommandEnded: {'returncode': 0}
[1.790223] (-) TimerEvent: {}
[1.892218] (-) TimerEvent: {}
[2.002048] (-) TimerEvent: {}
[2.043290] (trover_description) JobEnded: {'identifier': 'trover_description', 'rc': 0}
[2.059129] (trover_slam) JobStarted: {'identifier': 'trover_slam'}
[2.102988] (-) TimerEvent: {}
[2.355051] (-) TimerEvent: {}
[2.467322] (-) TimerEvent: {}
[2.568284] (-) TimerEvent: {}
[2.680395] (-) TimerEvent: {}
[2.786237] (-) TimerEvent: {}
[2.889593] (-) TimerEvent: {}
[2.993136] (-) TimerEvent: {}
[3.095588] (-) TimerEvent: {}
[3.200527] (-) TimerEvent: {}
[3.313762] (-) TimerEvent: {}
[3.448368] (-) TimerEvent: {}
[3.462529] (trover_navigation) Command: {'cmd': ['/usr/bin/python3', '-W', 'ignore:setup.py install is deprecated', '-W', 'ignore:easy_install command is deprecated', 'setup.py', 'egg_info', '--egg-base', '../../build/trover_navigation', 'build', '--build-base', '/home/elizabeth/MREN203_Trover/build/trover_navigation/build', 'install', '--record', '/home/elizabeth/MREN203_Trover/build/trover_navigation/install.log', '--single-version-externally-managed', 'install_data'], 'cwd': '/home/elizabeth/MREN203_Trover/src/trover_navigation', 'env': {'LESSOPEN': '| /usr/bin/lesspipe %s', 'LANGUAGE': 'en_CA:en', 'USER': 'elizabeth', 'XDG_SESSION_TYPE': 'wayland', 'SHLVL': '1', 'LD_LIBRARY_PATH': '/usr/lib/x86_64-linux-gnu/gazebo-11/plugins:/opt/ros/humble/opt/rviz_ogre_vendor/lib:/opt/ros/humble/lib/x86_64-linux-gnu:/opt/ros/humble/lib', 'HOME': '/home/elizabeth', 'DESKTOP_SESSION': 'ubuntu', 'ROS_PYTHON_VERSION': '3', 'GNOME_SHELL_SESSION_MODE': 'ubuntu', 'GTK_MODULES': 'gail:atk-bridge', 'DBUS_STARTER_BUS_TYPE': 'session', 'SYSTEMD_EXEC_PID': '1257', 'DBUS_SESSION_BUS_ADDRESS': 'unix:path=/run/user/1000/bus,guid=2dbf2237aac09be4dbc99ef269b8521b', 'COLORTERM': 'truecolor', 'IM_CONFIG_PHASE': '1', 'WAYLAND_DISPLAY': 'wayland-0', 'COLCON_PREFIX_PATH': '/home/elizabeth/MREN203_Trover/install', 'ROS_DISTRO': 'humble', 'LOGNAME': 'elizabeth', '_': '/usr/bin/colcon', 'ROS_VERSION': '2', 'XDG_SESSION_CLASS': 'user', 'USERNAME': 'elizabeth', 'TERM': 'xterm-256color', 'GNOME_DESKTOP_SESSION_ID': 'this-is-deprecated', 'ROS_LOCALHOST_ONLY': '0', 'PATH': '/opt/ros/humble/bin:/usr/local/sbin:/usr/local/bin:/usr/sbin:/usr/bin:/sbin:/bin:/usr/games:/usr/local/games:/snap/bin:/snap/bin', 'SESSION_MANAGER': 'local/elizabeth-VirtualBox:@/tmp/.ICE-unix/1257,unix/elizabeth-VirtualBox:/tmp/.ICE-unix/1257', 'XDG_MENU_PREFIX': 'gnome-', 'GNOME_TERMINAL_SCREEN': '/org/gnome/Terminal/screen/96c42cd0_fe71_470b_8b03_ebc588a4676e', 'GNOME_SETUP_DISPLAY': ':1', 'XDG_RUNTIME_DIR': '/run/user/1000', 'DISPLAY': ':0', 'LANG': 'en_US.UTF-8', 'XDG_CURRENT_DESKTOP': 'ubuntu:GNOME', 'XMODIFIERS': '@im=ibus', 'XDG_SESSION_DESKTOP': 'ubuntu', 'XAUTHORITY': '/run/user/1000/.mutter-Xwaylandauth.UHXJM3', 'LS_COLORS': 'rs=0:di=01;34:ln=01;36:mh=00:pi=40;33:so=01;35:do=01;35:bd=40;33;01:cd=40;33;01:or=40;31;01:mi=00:su=37;41:sg=30;43:ca=30;41:tw=30;42:ow=34;42:st=37;44:ex=01;32:*.tar=01;31:*.tgz=01;31:*.arc=01;31:*.arj=01;31:*.taz=01;31:*.lha=01;31:*.lz4=01;31:*.lzh=01;31:*.lzma=01;31:*.tlz=01;31:*.txz=01;31:*.tzo=01;31:*.t7z=01;31:*.zip=01;31:*.z=01;31:*.dz=01;31:*.gz=01;31:*.lrz=01;31:*.lz=01;31:*.lzo=01;31:*.xz=01;31:*.zst=01;31:*.tzst=01;31:*.bz2=01;31:*.bz=01;31:*.tbz=01;31:*.tbz2=01;31:*.tz=01;31:*.deb=01;31:*.rpm=01;31:*.jar=01;31:*.war=01;31:*.ear=01;31:*.sar=01;31:*.rar=01;31:*.alz=01;31:*.ace=01;31:*.zoo=01;31:*.cpio=01;31:*.7z=01;31:*.rz=01;31:*.cab=01;31:*.wim=01;31:*.swm=01;31:*.dwm=01;31:*.esd=01;31:*.jpg=01;35:*.jpeg=01;35:*.mjpg=01;35:*.mjpeg=01;35:*.gif=01;35:*.bmp=01;35:*.pbm=01;35:*.pgm=01;35:*.ppm=01;35:*.tga=01;35:*.xbm=01;35:*.xpm=01;35:*.tif=01;35:*.tiff=01;35:*.png=01;35:*.svg=01;35:*.svgz=01;35:*.mng=01;35:*.pcx=01;35:*.mov=01;35:*.mpg=01;35:*.mpeg=01;35:*.m2v=01;35:*.mkv=01;35:*.webm=01;35:*.webp=01;35:*.ogm=01;35:*.mp4=01;35:*.m4v=01;35:*.mp4v=01;35:*.vob=01;35:*.qt=01;35:*.nuv=01;35:*.wmv=01;35:*.asf=01;35:*.rm=01;35:*.rmvb=01;35:*.flc=01;35:*.avi=01;35:*.fli=01;35:*.flv=01;35:*.gl=01;35:*.dl=01;35:*.xcf=01;35:*.xwd=01;35:*.yuv=01;35:*.cgm=01;35:*.emf=01;35:*.ogv=01;35:*.ogx=01;35:*.aac=00;36:*.au=00;36:*.flac=00;36:*.m4a=00;36:*.mid=00;36:*.midi=00;36:*.mka=00;36:*.mp3=00;36:*.mpc=00;36:*.ogg=00;36:*.ra=00;36:*.wav=00;36:*.oga=00;36:*.opus=00;36:*.spx=00;36:*.xspf=00;36:', 'GNOME_TERMINAL_SERVICE': ':1.112', 'SSH_AGENT_LAUNCHER': 'gnome-keyring', 'SSH_AUTH_SOCK': '/run/user/1000/keyring/ssh', 'AMENT_PREFIX_PATH': '/home/elizabeth/MREN203_Trover/install/trover_bringup:/home/elizabeth/MREN203_Trover/install/trover_state_estimation:/home/elizabeth/MREN203_Trover/install/trover_slam:/home/elizabeth/MREN203_Trover/install/trover_navigation:/home/elizabeth/MREN203_Trover/install/trover_drivers:/home/elizabeth/MREN203_Trover/install/trover_description:/home/elizabeth/MREN203_Trover/install/trover_communication:/opt/ros/humble', 'SHELL': '/bin/bash', 'QT_ACCESSIBILITY': '1', 'GDMSESSION': 'ubuntu', 'LESSCLOSE': '/usr/bin/lesspipe %s %s', 'QT_IM_MODULE': 'ibus', 'PWD': '/home/elizabeth/MREN203_Trover/build/trover_navigation', 'LC_ALL': 'en_US.UTF-8', 'XDG_CONFIG_DIRS': '/etc/xdg/xdg-ubuntu:/etc/xdg', 'DBUS_STARTER_ADDRESS': 'unix:path=/run/user/1000/bus,guid=2dbf2237aac09be4dbc99ef269b8521b', 'XDG_DATA_DIRS': '/usr/share/ubuntu:/usr/local/share/:/usr/share/:/var/lib/snapd/desktop', 'PYTHONPATH': '/home/elizabeth/MREN203_Trover/build/trover_navigation/prefix_override:/usr/lib/python3/dist-packages/colcon_core/task/python/colcon_distutils_commands:/home/elizabeth/MREN203_Trover/install/trover_navigation/lib/python3.10/site-packages:/home/elizabeth/MREN203_Trover/install/trover_state_estimation/lib/python3.10/site-packages:/home/elizabeth/MREN203_Trover/install/trover_slam/lib/python3.10/site-packages:/home/elizabeth/MREN203_Trover/install/trover_navigation/lib/python3.10/site-packages:/home/elizabeth/MREN203_Trover/install/trover_communication/lib/python3.10/site-packages:/opt/ros/humble/lib/python3.10/site-packages:/opt/ros/humble/local/lib/python3.10/dist-packages', 'COLCON': '1', 'VTE_VERSION': '6800', 'CMAKE_PREFIX_PATH': '/home/elizabeth/MREN203_Trover/install/trover_bringup:/home/elizabeth/MREN203_Trover/install/trover_drivers:/home/elizabeth/MREN203_Trover/install/trover_description'}, 'shell': False}
[3.754865] (-) TimerEvent: {}
[4.081643] (trover_navigation) StdoutLine: {'line': b'running egg_info\n'}
[4.082266] (-) TimerEvent: {}
[4.085871] (trover_navigation) StdoutLine: {'line': b'writing ../../build/trover_navigation/trover_navigation.egg-info/PKG-INFO\n'}
[4.181503] (trover_navigation) StdoutLine: {'line': b'writing dependency_links to ../../build/trover_navigation/trover_navigation.egg-info/dependency_links.txt\n'}
[4.183306] (-) TimerEvent: {}
[4.192257] (trover_navigation) StdoutLine: {'line': b'writing entry points to ../../build/trover_navigation/trover_navigation.egg-info/entry_points.txt\n'}
[4.267753] (trover_navigation) StdoutLine: {'line': b'writing requirements to ../../build/trover_navigation/trover_navigation.egg-info/requires.txt\n'}
[4.281533] (trover_navigation) StdoutLine: {'line': b'writing top-level names to ../../build/trover_navigation/trover_navigation.egg-info/top_level.txt\n'}
[4.288206] (-) TimerEvent: {}
[4.290521] (trover_navigation) StdoutLine: {'line': b"reading manifest file '../../build/trover_navigation/trover_navigation.egg-info/SOURCES.txt'\n"}
[4.292621] (trover_navigation) StdoutLine: {'line': b"writing manifest file '../../build/trover_navigation/trover_navigation.egg-info/SOURCES.txt'\n"}
[4.294250] (trover_navigation) StdoutLine: {'line': b'running build\n'}
[4.296626] (trover_navigation) StdoutLine: {'line': b'running build_py\n'}
[4.297053] (trover_navigation) StdoutLine: {'line': b'running install\n'}
[4.298495] (trover_navigation) StdoutLine: {'line': b'running install_lib\n'}
[4.310927] (trover_navigation) StdoutLine: {'line': b'running install_data\n'}
[4.311344] (trover_navigation) StdoutLine: {'line': b'copying launch/navigation.launch.py -> /home/elizabeth/MREN203_Trover/install/trover_navigation/share/trover_navigation/launch\n'}
[4.315708] (trover_navigation) StdoutLine: {'line': b'copying config/bt_navigator.yaml -> /home/elizabeth/MREN203_Trover/install/trover_navigation/share/trover_navigation/config\n'}
[4.316907] (trover_navigation) StdoutLine: {'line': b'copying config/nav2_params.yaml -> /home/elizabeth/MREN203_Trover/install/trover_navigation/share/trover_navigation/config\n'}
[4.317362] (trover_navigation) StdoutLine: {'line': b'running install_egg_info\n'}
[4.323358] (trover_navigation) StdoutLine: {'line': b"removing '/home/elizabeth/MREN203_Trover/install/trover_navigation/lib/python3.10/site-packages/trover_navigation-0.0.0-py3.10.egg-info' (and everything under it)\n"}
[4.323790] (trover_navigation) StdoutLine: {'line': b'Copying ../../build/trover_navigation/trover_navigation.egg-info to /home/elizabeth/MREN203_Trover/install/trover_navigation/lib/python3.10/site-packages/trover_navigation-0.0.0-py3.10.egg-info\n'}
[4.339445] (trover_navigation) StdoutLine: {'line': b'running install_scripts\n'}
[4.407802] (-) TimerEvent: {}
[4.522088] (-) TimerEvent: {}
[4.531765] (trover_navigation) StdoutLine: {'line': b"writing list of installed files to '/home/elizabeth/MREN203_Trover/build/trover_navigation/install.log'\n"}
[4.554454] (trover_navigation) CommandEnded: {'returncode': 0}
[4.627525] (-) TimerEvent: {}
[4.655544] (trover_navigation) JobEnded: {'identifier': 'trover_navigation', 'rc': 0}
[4.658474] (trover_state_estimation) JobStarted: {'identifier': 'trover_state_estimation'}
[4.723255] (trover_slam) Command: {'cmd': ['/usr/bin/python3', '-W', 'ignore:setup.py install is deprecated', '-W', 'ignore:easy_install command is deprecated', 'setup.py', 'egg_info', '--egg-base', '../../build/trover_slam', 'build', '--build-base', '/home/elizabeth/MREN203_Trover/build/trover_slam/build', 'install', '--record', '/home/elizabeth/MREN203_Trover/build/trover_slam/install.log', '--single-version-externally-managed', 'install_data'], 'cwd': '/home/elizabeth/MREN203_Trover/src/trover_slam', 'env': {'LESSOPEN': '| /usr/bin/lesspipe %s', 'LANGUAGE': 'en_CA:en', 'USER': 'elizabeth', 'XDG_SESSION_TYPE': 'wayland', 'SHLVL': '1', 'LD_LIBRARY_PATH': '/usr/lib/x86_64-linux-gnu/gazebo-11/plugins:/opt/ros/humble/opt/rviz_ogre_vendor/lib:/opt/ros/humble/lib/x86_64-linux-gnu:/opt/ros/humble/lib', 'HOME': '/home/elizabeth', 'DESKTOP_SESSION': 'ubuntu', 'ROS_PYTHON_VERSION': '3', 'GNOME_SHELL_SESSION_MODE': 'ubuntu', 'GTK_MODULES': 'gail:atk-bridge', 'DBUS_STARTER_BUS_TYPE': 'session', 'SYSTEMD_EXEC_PID': '1257', 'DBUS_SESSION_BUS_ADDRESS': 'unix:path=/run/user/1000/bus,guid=2dbf2237aac09be4dbc99ef269b8521b', 'COLORTERM': 'truecolor', 'IM_CONFIG_PHASE': '1', 'WAYLAND_DISPLAY': 'wayland-0', 'COLCON_PREFIX_PATH': '/home/elizabeth/MREN203_Trover/install', 'ROS_DISTRO': 'humble', 'LOGNAME': 'elizabeth', '_': '/usr/bin/colcon', 'ROS_VERSION': '2', 'XDG_SESSION_CLASS': 'user', 'USERNAME': 'elizabeth', 'TERM': 'xterm-256color', 'GNOME_DESKTOP_SESSION_ID': 'this-is-deprecated', 'ROS_LOCALHOST_ONLY': '0', 'PATH': '/opt/ros/humble/bin:/usr/local/sbin:/usr/local/bin:/usr/sbin:/usr/bin:/sbin:/bin:/usr/games:/usr/local/games:/snap/bin:/snap/bin', 'SESSION_MANAGER': 'local/elizabeth-VirtualBox:@/tmp/.ICE-unix/1257,unix/elizabeth-VirtualBox:/tmp/.ICE-unix/1257', 'XDG_MENU_PREFIX': 'gnome-', 'GNOME_TERMINAL_SCREEN': '/org/gnome/Terminal/screen/96c42cd0_fe71_470b_8b03_ebc588a4676e', 'GNOME_SETUP_DISPLAY': ':1', 'XDG_RUNTIME_DIR': '/run/user/1000', 'DISPLAY': ':0', 'LANG': 'en_US.UTF-8', 'XDG_CURRENT_DESKTOP': 'ubuntu:GNOME', 'XMODIFIERS': '@im=ibus', 'XDG_SESSION_DESKTOP': 'ubuntu', 'XAUTHORITY': '/run/user/1000/.mutter-Xwaylandauth.UHXJM3', 'LS_COLORS': 'rs=0:di=01;34:ln=01;36:mh=00:pi=40;33:so=01;35:do=01;35:bd=40;33;01:cd=40;33;01:or=40;31;01:mi=00:su=37;41:sg=30;43:ca=30;41:tw=30;42:ow=34;42:st=37;44:ex=01;32:*.tar=01;31:*.tgz=01;31:*.arc=01;31:*.arj=01;31:*.taz=01;31:*.lha=01;31:*.lz4=01;31:*.lzh=01;31:*.lzma=01;31:*.tlz=01;31:*.txz=01;31:*.tzo=01;31:*.t7z=01;31:*.zip=01;31:*.z=01;31:*.dz=01;31:*.gz=01;31:*.lrz=01;31:*.lz=01;31:*.lzo=01;31:*.xz=01;31:*.zst=01;31:*.tzst=01;31:*.bz2=01;31:*.bz=01;31:*.tbz=01;31:*.tbz2=01;31:*.tz=01;31:*.deb=01;31:*.rpm=01;31:*.jar=01;31:*.war=01;31:*.ear=01;31:*.sar=01;31:*.rar=01;31:*.alz=01;31:*.ace=01;31:*.zoo=01;31:*.cpio=01;31:*.7z=01;31:*.rz=01;31:*.cab=01;31:*.wim=01;31:*.swm=01;31:*.dwm=01;31:*.esd=01;31:*.jpg=01;35:*.jpeg=01;35:*.mjpg=01;35:*.mjpeg=01;35:*.gif=01;35:*.bmp=01;35:*.pbm=01;35:*.pgm=01;35:*.ppm=01;35:*.tga=01;35:*.xbm=01;35:*.xpm=01;35:*.tif=01;35:*.tiff=01;35:*.png=01;35:*.svg=01;35:*.svgz=01;35:*.mng=01;35:*.pcx=01;35:*.mov=01;35:*.mpg=01;35:*.mpeg=01;35:*.m2v=01;35:*.mkv=01;35:*.webm=01;35:*.webp=01;35:*.ogm=01;35:*.mp4=01;35:*.m4v=01;35:*.mp4v=01;35:*.vob=01;35:*.qt=01;35:*.nuv=01;35:*.wmv=01;35:*.asf=01;35:*.rm=01;35:*.rmvb=01;35:*.flc=01;35:*.avi=01;35:*.fli=01;35:*.flv=01;35:*.gl=01;35:*.dl=01;35:*.xcf=01;35:*.xwd=01;35:*.yuv=01;35:*.cgm=01;35:*.emf=01;35:*.ogv=01;35:*.ogx=01;35:*.aac=00;36:*.au=00;36:*.flac=00;36:*.m4a=00;36:*.mid=00;36:*.midi=00;36:*.mka=00;36:*.mp3=00;36:*.mpc=00;36:*.ogg=00;36:*.ra=00;36:*.wav=00;36:*.oga=00;36:*.opus=00;36:*.spx=00;36:*.xspf=00;36:', 'GNOME_TERMINAL_SERVICE': ':1.112', 'SSH_AGENT_LAUNCHER': 'gnome-keyring', 'SSH_AUTH_SOCK': '/run/user/1000/keyring/ssh', 'AMENT_PREFIX_PATH': '/home/elizabeth/MREN203_Trover/install/trover_bringup:/home/elizabeth/MREN203_Trover/install/trover_state_estimation:/home/elizabeth/MREN203_Trover/install/trover_slam:/home/elizabeth/MREN203_Trover/install/trover_navigation:/home/elizabeth/MREN203_Trover/install/trover_drivers:/home/elizabeth/MREN203_Trover/install/trover_description:/home/elizabeth/MREN203_Trover/install/trover_communication:/opt/ros/humble', 'SHELL': '/bin/bash', 'QT_ACCESSIBILITY': '1', 'GDMSESSION': 'ubuntu', 'LESSCLOSE': '/usr/bin/lesspipe %s %s', 'QT_IM_MODULE': 'ibus', 'PWD': '/home/elizabeth/MREN203_Trover/build/trover_slam', 'LC_ALL': 'en_US.UTF-8', 'XDG_CONFIG_DIRS': '/etc/xdg/xdg-ubuntu:/etc/xdg', 'DBUS_STARTER_ADDRESS': 'unix:path=/run/user/1000/bus,guid=2dbf2237aac09be4dbc99ef269b8521b', 'XDG_DATA_DIRS': '/usr/share/ubuntu:/usr/local/share/:/usr/share/:/var/lib/snapd/desktop', 'PYTHONPATH': '/home/elizabeth/MREN203_Trover/build/trover_slam/prefix_override:/usr/lib/python3/dist-packages/colcon_core/task/python/colcon_distutils_commands:/home/elizabeth/MREN203_Trover/install/trover_slam/lib/python3.10/site-packages:/home/elizabeth/MREN203_Trover/install/trover_state_estimation/lib/python3.10/site-packages:/home/elizabeth/MREN203_Trover/install/trover_slam/lib/python3.10/site-packages:/home/elizabeth/MREN203_Trover/install/trover_navigation/lib/python3.10/site-packages:/home/elizabeth/MREN203_Trover/install/trover_communication/lib/python3.10/site-packages:/opt/ros/humble/lib/python3.10/site-packages:/opt/ros/humble/local/lib/python3.10/dist-packages', 'COLCON': '1', 'VTE_VERSION': '6800', 'CMAKE_PREFIX_PATH': '/home/elizabeth/MREN203_Trover/install/trover_bringup:/home/elizabeth/MREN203_Trover/install/trover_drivers:/home/elizabeth/MREN203_Trover/install/trover_description'}, 'shell': False}
[4.727638] (-) TimerEvent: {}
[5.336161] (-) TimerEvent: {}
[5.362093] (trover_slam) StdoutLine: {'line': b'running egg_info\n'}
[5.362817] (trover_slam) StdoutLine: {'line': b'writing ../../build/trover_slam/trover_slam.egg-info/PKG-INFO\n'}
[5.414584] (trover_slam) StdoutLine: {'line': b'writing dependency_links to ../../build/trover_slam/trover_slam.egg-info/dependency_links.txt\n'}
[5.415035] (trover_slam) StdoutLine: {'line': b'writing entry points to ../../build/trover_slam/trover_slam.egg-info/entry_points.txt\n'}
[5.415179] (trover_slam) StdoutLine: {'line': b'writing requirements to ../../build/trover_slam/trover_slam.egg-info/requires.txt\n'}
[5.415295] (trover_slam) StdoutLine: {'line': b'writing top-level names to ../../build/trover_slam/trover_slam.egg-info/top_level.txt\n'}
[5.415608] (trover_slam) StdoutLine: {'line': b"reading manifest file '../../build/trover_slam/trover_slam.egg-info/SOURCES.txt'\n"}
[5.437467] (trover_slam) StdoutLine: {'line': b"writing manifest file '../../build/trover_slam/trover_slam.egg-info/SOURCES.txt'\n"}
[5.437781] (-) TimerEvent: {}
[5.443175] (trover_slam) StdoutLine: {'line': b'running build\n'}
[5.443499] (trover_slam) StdoutLine: {'line': b'running build_py\n'}
[5.444605] (trover_slam) StdoutLine: {'line': b'running install\n'}
[5.445520] (trover_slam) StdoutLine: {'line': b'running install_lib\n'}
[5.457589] (trover_slam) StdoutLine: {'line': b'running install_data\n'}
[5.459358] (trover_slam) StdoutLine: {'line': b'running install_egg_info\n'}
[5.464307] (trover_slam) StdoutLine: {'line': b"removing '/home/elizabeth/MREN203_Trover/install/trover_slam/lib/python3.10/site-packages/trover_slam-0.0.0-py3.10.egg-info' (and everything under it)\n"}
[5.467783] (trover_slam) StdoutLine: {'line': b'Copying ../../build/trover_slam/trover_slam.egg-info to /home/elizabeth/MREN203_Trover/install/trover_slam/lib/python3.10/site-packages/trover_slam-0.0.0-py3.10.egg-info\n'}
[5.499939] (trover_slam) StdoutLine: {'line': b'running install_scripts\n'}
[5.558785] (-) TimerEvent: {}
[5.573736] (trover_slam) StdoutLine: {'line': b"writing list of installed files to '/home/elizabeth/MREN203_Trover/build/trover_slam/install.log'\n"}
[5.694818] (-) TimerEvent: {}
[5.747382] (trover_slam) CommandEnded: {'returncode': 0}
[5.804196] (-) TimerEvent: {}
[5.807442] (trover_slam) JobEnded: {'identifier': 'trover_slam', 'rc': 0}
[5.823755] (trover_communication) JobStarted: {'identifier': 'trover_communication'}
[5.905146] (-) TimerEvent: {}
[6.509183] (-) TimerEvent: {}
[6.618360] (-) TimerEvent: {}
[6.735551] (-) TimerEvent: {}
[6.843827] (-) TimerEvent: {}
[6.878818] (trover_state_estimation) Command: {'cmd': ['/usr/bin/python3', '-W', 'ignore:setup.py install is deprecated', '-W', 'ignore:easy_install command is deprecated', 'setup.py', 'egg_info', '--egg-base', '../../build/trover_state_estimation', 'build', '--build-base', '/home/elizabeth/MREN203_Trover/build/trover_state_estimation/build', 'install', '--record', '/home/elizabeth/MREN203_Trover/build/trover_state_estimation/install.log', '--single-version-externally-managed', 'install_data'], 'cwd': '/home/elizabeth/MREN203_Trover/src/trover_state_estimation', 'env': {'LESSOPEN': '| /usr/bin/lesspipe %s', 'LANGUAGE': 'en_CA:en', 'USER': 'elizabeth', 'XDG_SESSION_TYPE': 'wayland', 'SHLVL': '1', 'LD_LIBRARY_PATH': '/usr/lib/x86_64-linux-gnu/gazebo-11/plugins:/opt/ros/humble/opt/rviz_ogre_vendor/lib:/opt/ros/humble/lib/x86_64-linux-gnu:/opt/ros/humble/lib', 'HOME': '/home/elizabeth', 'DESKTOP_SESSION': 'ubuntu', 'ROS_PYTHON_VERSION': '3', 'GNOME_SHELL_SESSION_MODE': 'ubuntu', 'GTK_MODULES': 'gail:atk-bridge', 'DBUS_STARTER_BUS_TYPE': 'session', 'SYSTEMD_EXEC_PID': '1257', 'DBUS_SESSION_BUS_ADDRESS': 'unix:path=/run/user/1000/bus,guid=2dbf2237aac09be4dbc99ef269b8521b', 'COLORTERM': 'truecolor', 'IM_CONFIG_PHASE': '1', 'WAYLAND_DISPLAY': 'wayland-0', 'COLCON_PREFIX_PATH': '/home/elizabeth/MREN203_Trover/install', 'ROS_DISTRO': 'humble', 'LOGNAME': 'elizabeth', '_': '/usr/bin/colcon', 'ROS_VERSION': '2', 'XDG_SESSION_CLASS': 'user', 'USERNAME': 'elizabeth', 'TERM': 'xterm-256color', 'GNOME_DESKTOP_SESSION_ID': 'this-is-deprecated', 'ROS_LOCALHOST_ONLY': '0', 'PATH': '/opt/ros/humble/bin:/usr/local/sbin:/usr/local/bin:/usr/sbin:/usr/bin:/sbin:/bin:/usr/games:/usr/local/games:/snap/bin:/snap/bin', 'SESSION_MANAGER': 'local/elizabeth-VirtualBox:@/tmp/.ICE-unix/1257,unix/elizabeth-VirtualBox:/tmp/.ICE-unix/1257', 'XDG_MENU_PREFIX': 'gnome-', 'GNOME_TERMINAL_SCREEN': '/org/gnome/Terminal/screen/96c42cd0_fe71_470b_8b03_ebc588a4676e', 'GNOME_SETUP_DISPLAY': ':1', 'XDG_RUNTIME_DIR': '/run/user/1000', 'DISPLAY': ':0', 'LANG': 'en_US.UTF-8', 'XDG_CURRENT_DESKTOP': 'ubuntu:GNOME', 'XMODIFIERS': '@im=ibus', 'XDG_SESSION_DESKTOP': 'ubuntu', 'XAUTHORITY': '/run/user/1000/.mutter-Xwaylandauth.UHXJM3', 'LS_COLORS': 'rs=0:di=01;34:ln=01;36:mh=00:pi=40;33:so=01;35:do=01;35:bd=40;33;01:cd=40;33;01:or=40;31;01:mi=00:su=37;41:sg=30;43:ca=30;41:tw=30;42:ow=34;42:st=37;44:ex=01;32:*.tar=01;31:*.tgz=01;31:*.arc=01;31:*.arj=01;31:*.taz=01;31:*.lha=01;31:*.lz4=01;31:*.lzh=01;31:*.lzma=01;31:*.tlz=01;31:*.txz=01;31:*.tzo=01;31:*.t7z=01;31:*.zip=01;31:*.z=01;31:*.dz=01;31:*.gz=01;31:*.lrz=01;31:*.lz=01;31:*.lzo=01;31:*.xz=01;31:*.zst=01;31:*.tzst=01;31:*.bz2=01;31:*.bz=01;31:*.tbz=01;31:*.tbz2=01;31:*.tz=01;31:*.deb=01;31:*.rpm=01;31:*.jar=01;31:*.war=01;31:*.ear=01;31:*.sar=01;31:*.rar=01;31:*.alz=01;31:*.ace=01;31:*.zoo=01;31:*.cpio=01;31:*.7z=01;31:*.rz=01;31:*.cab=01;31:*.wim=01;31:*.swm=01;31:*.dwm=01;31:*.esd=01;31:*.jpg=01;35:*.jpeg=01;35:*.mjpg=01;35:*.mjpeg=01;35:*.gif=01;35:*.bmp=01;35:*.pbm=01;35:*.pgm=01;35:*.ppm=01;35:*.tga=01;35:*.xbm=01;35:*.xpm=01;35:*.tif=01;35:*.tiff=01;35:*.png=01;35:*.svg=01;35:*.svgz=01;35:*.mng=01;35:*.pcx=01;35:*.mov=01;35:*.mpg=01;35:*.mpeg=01;35:*.m2v=01;35:*.mkv=01;35:*.webm=01;35:*.webp=01;35:*.ogm=01;35:*.mp4=01;35:*.m4v=01;35:*.mp4v=01;35:*.vob=01;35:*.qt=01;35:*.nuv=01;35:*.wmv=01;35:*.asf=01;35:*.rm=01;35:*.rmvb=01;35:*.flc=01;35:*.avi=01;35:*.fli=01;35:*.flv=01;35:*.gl=01;35:*.dl=01;35:*.xcf=01;35:*.xwd=01;35:*.yuv=01;35:*.cgm=01;35:*.emf=01;35:*.ogv=01;35:*.ogx=01;35:*.aac=00;36:*.au=00;36:*.flac=00;36:*.m4a=00;36:*.mid=00;36:*.midi=00;36:*.mka=00;36:*.mp3=00;36:*.mpc=00;36:*.ogg=00;36:*.ra=00;36:*.wav=00;36:*.oga=00;36:*.opus=00;36:*.spx=00;36:*.xspf=00;36:', 'GNOME_TERMINAL_SERVICE': ':1.112', 'SSH_AGENT_LAUNCHER': 'gnome-keyring', 'SSH_AUTH_SOCK': '/run/user/1000/keyring/ssh', 'AMENT_PREFIX_PATH': '/home/elizabeth/MREN203_Trover/install/trover_bringup:/home/elizabeth/MREN203_Trover/install/trover_state_estimation:/home/elizabeth/MREN203_Trover/install/trover_slam:/home/elizabeth/MREN203_Trover/install/trover_navigation:/home/elizabeth/MREN203_Trover/install/trover_drivers:/home/elizabeth/MREN203_Trover/install/trover_description:/home/elizabeth/MREN203_Trover/install/trover_communication:/opt/ros/humble', 'SHELL': '/bin/bash', 'QT_ACCESSIBILITY': '1', 'GDMSESSION': 'ubuntu', 'LESSCLOSE': '/usr/bin/lesspipe %s %s', 'QT_IM_MODULE': 'ibus', 'PWD': '/home/elizabeth/MREN203_Trover/build/trover_state_estimation', 'LC_ALL': 'en_US.UTF-8', 'XDG_CONFIG_DIRS': '/etc/xdg/xdg-ubuntu:/etc/xdg', 'DBUS_STARTER_ADDRESS': 'unix:path=/run/user/1000/bus,guid=2dbf2237aac09be4dbc99ef269b8521b', 'XDG_DATA_DIRS': '/usr/share/ubuntu:/usr/local/share/:/usr/share/:/var/lib/snapd/desktop', 'PYTHONPATH': '/home/elizabeth/MREN203_Trover/build/trover_state_estimation/prefix_override:/usr/lib/python3/dist-packages/colcon_core/task/python/colcon_distutils_commands:/home/elizabeth/MREN203_Trover/install/trover_state_estimation/lib/python3.10/site-packages:/home/elizabeth/MREN203_Trover/install/trover_state_estimation/lib/python3.10/site-packages:/home/elizabeth/MREN203_Trover/install/trover_slam/lib/python3.10/site-packages:/home/elizabeth/MREN203_Trover/install/trover_navigation/lib/python3.10/site-packages:/home/elizabeth/MREN203_Trover/install/trover_communication/lib/python3.10/site-packages:/opt/ros/humble/lib/python3.10/site-packages:/opt/ros/humble/local/lib/python3.10/dist-packages', 'COLCON': '1', 'VTE_VERSION': '6800', 'CMAKE_PREFIX_PATH': '/home/elizabeth/MREN203_Trover/install/trover_bringup:/home/elizabeth/MREN203_Trover/install/trover_drivers:/home/elizabeth/MREN203_Trover/install/trover_description'}, 'shell': False}
[7.404713] (-) TimerEvent: {}
[7.421944] (trover_state_estimation) StdoutLine: {'line': b'running egg_info\n'}
[7.425298] (trover_state_estimation) StdoutLine: {'line': b'writing ../../build/trover_state_estimation/trover_state_estimation.egg-info/PKG-INFO\n'}
[7.441390] (trover_state_estimation) StdoutLine: {'line': b'writing dependency_links to ../../build/trover_state_estimation/trover_state_estimation.egg-info/dependency_links.txt\n'}
[7.445376] (trover_state_estimation) StdoutLine: {'line': b'writing entry points to ../../build/trover_state_estimation/trover_state_estimation.egg-info/entry_points.txt\n'}
[7.456516] (trover_state_estimation) StdoutLine: {'line': b'writing requirements to ../../build/trover_state_estimation/trover_state_estimation.egg-info/requires.txt\n'}
[7.513680] (-) TimerEvent: {}
[7.515953] (trover_state_estimation) StdoutLine: {'line': b'writing top-level names to ../../build/trover_state_estimation/trover_state_estimation.egg-info/top_level.txt\n'}
[7.525141] (trover_state_estimation) StdoutLine: {'line': b"reading manifest file '../../build/trover_state_estimation/trover_state_estimation.egg-info/SOURCES.txt'\n"}
[7.535747] (trover_state_estimation) StdoutLine: {'line': b"writing manifest file '../../build/trover_state_estimation/trover_state_estimation.egg-info/SOURCES.txt'\n"}
[7.536061] (trover_state_estimation) StdoutLine: {'line': b'running build\n'}
[7.537205] (trover_state_estimation) StdoutLine: {'line': b'running build_py\n'}
[7.539628] (trover_state_estimation) StdoutLine: {'line': b'running install\n'}
[7.548128] (trover_state_estimation) StdoutLine: {'line': b'running install_lib\n'}
[7.572631] (trover_state_estimation) StdoutLine: {'line': b'running install_data\n'}
[7.573590] (trover_state_estimation) StdoutLine: {'line': b'running install_egg_info\n'}
[7.573887] (trover_state_estimation) StdoutLine: {'line': b"removing '/home/elizabeth/MREN203_Trover/install/trover_state_estimation/lib/python3.10/site-packages/trover_state_estimation-0.0.0-py3.10.egg-info' (and everything under it)\n"}
[7.574098] (trover_state_estimation) StdoutLine: {'line': b'Copying ../../build/trover_state_estimation/trover_state_estimation.egg-info to /home/elizabeth/MREN203_Trover/install/trover_state_estimation/lib/python3.10/site-packages/trover_state_estimation-0.0.0-py3.10.egg-info\n'}
[7.599844] (trover_state_estimation) StdoutLine: {'line': b'running install_scripts\n'}
[7.639688] (trover_state_estimation) StdoutLine: {'line': b"writing list of installed files to '/home/elizabeth/MREN203_Trover/build/trover_state_estimation/install.log'\n"}
[7.640057] (-) TimerEvent: {}
[7.719962] (trover_state_estimation) CommandEnded: {'returncode': 0}
[7.747172] (-) TimerEvent: {}
[7.821933] (trover_state_estimation) JobEnded: {'identifier': 'trover_state_estimation', 'rc': 0}
[7.829670] (trover_drivers) JobStarted: {'identifier': 'trover_drivers'}
[7.850528] (-) TimerEvent: {}
[7.872466] (trover_communication) Command: {'cmd': ['/usr/bin/python3', '-W', 'ignore:setup.py install is deprecated', '-W', 'ignore:easy_install command is deprecated', 'setup.py', 'egg_info', '--egg-base', '../../build/trover_communication', 'build', '--build-base', '/home/elizabeth/MREN203_Trover/build/trover_communication/build', 'install', '--record', '/home/elizabeth/MREN203_Trover/build/trover_communication/install.log', '--single-version-externally-managed', 'install_data'], 'cwd': '/home/elizabeth/MREN203_Trover/src/trover_communication', 'env': {'LESSOPEN': '| /usr/bin/lesspipe %s', 'LANGUAGE': 'en_CA:en', 'USER': 'elizabeth', 'XDG_SESSION_TYPE': 'wayland', 'SHLVL': '1', 'LD_LIBRARY_PATH': '/usr/lib/x86_64-linux-gnu/gazebo-11/plugins:/opt/ros/humble/opt/rviz_ogre_vendor/lib:/opt/ros/humble/lib/x86_64-linux-gnu:/opt/ros/humble/lib', 'HOME': '/home/elizabeth', 'DESKTOP_SESSION': 'ubuntu', 'ROS_PYTHON_VERSION': '3', 'GNOME_SHELL_SESSION_MODE': 'ubuntu', 'GTK_MODULES': 'gail:atk-bridge', 'DBUS_STARTER_BUS_TYPE': 'session', 'SYSTEMD_EXEC_PID': '1257', 'DBUS_SESSION_BUS_ADDRESS': 'unix:path=/run/user/1000/bus,guid=2dbf2237aac09be4dbc99ef269b8521b', 'COLORTERM': 'truecolor', 'IM_CONFIG_PHASE': '1', 'WAYLAND_DISPLAY': 'wayland-0', 'COLCON_PREFIX_PATH': '/home/elizabeth/MREN203_Trover/install', 'ROS_DISTRO': 'humble', 'LOGNAME': 'elizabeth', '_': '/usr/bin/colcon', 'ROS_VERSION': '2', 'XDG_SESSION_CLASS': 'user', 'USERNAME': 'elizabeth', 'TERM': 'xterm-256color', 'GNOME_DESKTOP_SESSION_ID': 'this-is-deprecated', 'ROS_LOCALHOST_ONLY': '0', 'PATH': '/opt/ros/humble/bin:/usr/local/sbin:/usr/local/bin:/usr/sbin:/usr/bin:/sbin:/bin:/usr/games:/usr/local/games:/snap/bin:/snap/bin', 'SESSION_MANAGER': 'local/elizabeth-VirtualBox:@/tmp/.ICE-unix/1257,unix/elizabeth-VirtualBox:/tmp/.ICE-unix/1257', 'XDG_MENU_PREFIX': 'gnome-', 'GNOME_TERMINAL_SCREEN': '/org/gnome/Terminal/screen/96c42cd0_fe71_470b_8b03_ebc588a4676e', 'GNOME_SETUP_DISPLAY': ':1', 'XDG_RUNTIME_DIR': '/run/user/1000', 'DISPLAY': ':0', 'LANG': 'en_US.UTF-8', 'XDG_CURRENT_DESKTOP': 'ubuntu:GNOME', 'XMODIFIERS': '@im=ibus', 'XDG_SESSION_DESKTOP': 'ubuntu', 'XAUTHORITY': '/run/user/1000/.mutter-Xwaylandauth.UHXJM3', 'LS_COLORS': 'rs=0:di=01;34:ln=01;36:mh=00:pi=40;33:so=01;35:do=01;35:bd=40;33;01:cd=40;33;01:or=40;31;01:mi=00:su=37;41:sg=30;43:ca=30;41:tw=30;42:ow=34;42:st=37;44:ex=01;32:*.tar=01;31:*.tgz=01;31:*.arc=01;31:*.arj=01;31:*.taz=01;31:*.lha=01;31:*.lz4=01;31:*.lzh=01;31:*.lzma=01;31:*.tlz=01;31:*.txz=01;31:*.tzo=01;31:*.t7z=01;31:*.zip=01;31:*.z=01;31:*.dz=01;31:*.gz=01;31:*.lrz=01;31:*.lz=01;31:*.lzo=01;31:*.xz=01;31:*.zst=01;31:*.tzst=01;31:*.bz2=01;31:*.bz=01;31:*.tbz=01;31:*.tbz2=01;31:*.tz=01;31:*.deb=01;31:*.rpm=01;31:*.jar=01;31:*.war=01;31:*.ear=01;31:*.sar=01;31:*.rar=01;31:*.alz=01;31:*.ace=01;31:*.zoo=01;31:*.cpio=01;31:*.7z=01;31:*.rz=01;31:*.cab=01;31:*.wim=01;31:*.swm=01;31:*.dwm=01;31:*.esd=01;31:*.jpg=01;35:*.jpeg=01;35:*.mjpg=01;35:*.mjpeg=01;35:*.gif=01;35:*.bmp=01;35:*.pbm=01;35:*.pgm=01;35:*.ppm=01;35:*.tga=01;35:*.xbm=01;35:*.xpm=01;35:*.tif=01;35:*.tiff=01;35:*.png=01;35:*.svg=01;35:*.svgz=01;35:*.mng=01;35:*.pcx=01;35:*.mov=01;35:*.mpg=01;35:*.mpeg=01;35:*.m2v=01;35:*.mkv=01;35:*.webm=01;35:*.webp=01;35:*.ogm=01;35:*.mp4=01;35:*.m4v=01;35:*.mp4v=01;35:*.vob=01;35:*.qt=01;35:*.nuv=01;35:*.wmv=01;35:*.asf=01;35:*.rm=01;35:*.rmvb=01;35:*.flc=01;35:*.avi=01;35:*.fli=01;35:*.flv=01;35:*.gl=01;35:*.dl=01;35:*.xcf=01;35:*.xwd=01;35:*.yuv=01;35:*.cgm=01;35:*.emf=01;35:*.ogv=01;35:*.ogx=01;35:*.aac=00;36:*.au=00;36:*.flac=00;36:*.m4a=00;36:*.mid=00;36:*.midi=00;36:*.mka=00;36:*.mp3=00;36:*.mpc=00;36:*.ogg=00;36:*.ra=00;36:*.wav=00;36:*.oga=00;36:*.opus=00;36:*.spx=00;36:*.xspf=00;36:', 'GNOME_TERMINAL_SERVICE': ':1.112', 'SSH_AGENT_LAUNCHER': 'gnome-keyring', 'SSH_AUTH_SOCK': '/run/user/1000/keyring/ssh', 'AMENT_PREFIX_PATH': '/home/elizabeth/MREN203_Trover/install/trover_bringup:/home/elizabeth/MREN203_Trover/install/trover_state_estimation:/home/elizabeth/MREN203_Trover/install/trover_slam:/home/elizabeth/MREN203_Trover/install/trover_navigation:/home/elizabeth/MREN203_Trover/install/trover_drivers:/home/elizabeth/MREN203_Trover/install/trover_description:/home/elizabeth/MREN203_Trover/install/trover_communication:/opt/ros/humble', 'SHELL': '/bin/bash', 'QT_ACCESSIBILITY': '1', 'GDMSESSION': 'ubuntu', 'LESSCLOSE': '/usr/bin/lesspipe %s %s', 'QT_IM_MODULE': 'ibus', 'PWD': '/home/elizabeth/MREN203_Trover/build/trover_communication', 'LC_ALL': 'en_US.UTF-8', 'XDG_CONFIG_DIRS': '/etc/xdg/xdg-ubuntu:/etc/xdg', 'DBUS_STARTER_ADDRESS': 'unix:path=/run/user/1000/bus,guid=2dbf2237aac09be4dbc99ef269b8521b', 'XDG_DATA_DIRS': '/usr/share/ubuntu:/usr/local/share/:/usr/share/:/var/lib/snapd/desktop', 'PYTHONPATH': '/home/elizabeth/MREN203_Trover/build/trover_communication/prefix_override:/usr/lib/python3/dist-packages/colcon_core/task/python/colcon_distutils_commands:/home/elizabeth/MREN203_Trover/install/trover_communication/lib/python3.10/site-packages:/home/elizabeth/MREN203_Trover/install/trover_state_estimation/lib/python3.10/site-packages:/home/elizabeth/MREN203_Trover/install/trover_slam/lib/python3.10/site-packages:/home/elizabeth/MREN203_Trover/install/trover_navigation/lib/python3.10/site-packages:/home/elizabeth/MREN203_Trover/install/trover_communication/lib/python3.10/site-packages:/opt/ros/humble/lib/python3.10/site-packages:/opt/ros/humble/local/lib/python3.10/dist-packages', 'COLCON': '1', 'VTE_VERSION': '6800', 'CMAKE_PREFIX_PATH': '/home/elizabeth/MREN203_Trover/install/trover_bringup:/home/elizabeth/MREN203_Trover/install/trover_drivers:/home/elizabeth/MREN203_Trover/install/trover_description'}, 'shell': False}
[7.903266] (trover_drivers) JobProgress: {'identifier': 'trover_drivers', 'progress': 'cmake'}
[7.961661] (trover_drivers) JobProgress: {'identifier': 'trover_drivers', 'progress': 'build'}
[7.962832] (-) TimerEvent: {}
[7.973418] (trover_drivers) Command: {'cmd': ['/usr/bin/cmake', '--build', '/home/elizabeth/MREN203_Trover/build/trover_drivers', '--', '-j2', '-l2'], 'cwd': '/home/elizabeth/MREN203_Trover/build/trover_drivers', 'env': OrderedDict([('LESSOPEN', '| /usr/bin/lesspipe %s'), ('LANGUAGE', 'en_CA:en'), ('USER', 'elizabeth'), ('XDG_SESSION_TYPE', 'wayland'), ('SHLVL', '1'), ('LD_LIBRARY_PATH', '/usr/lib/x86_64-linux-gnu/gazebo-11/plugins:/opt/ros/humble/opt/rviz_ogre_vendor/lib:/opt/ros/humble/lib/x86_64-linux-gnu:/opt/ros/humble/lib'), ('HOME', '/home/elizabeth'), ('DESKTOP_SESSION', 'ubuntu'), ('ROS_PYTHON_VERSION', '3'), ('GNOME_SHELL_SESSION_MODE', 'ubuntu'), ('GTK_MODULES', 'gail:atk-bridge'), ('DBUS_STARTER_BUS_TYPE', 'session'), ('SYSTEMD_EXEC_PID', '1257'), ('DBUS_SESSION_BUS_ADDRESS', 'unix:path=/run/user/1000/bus,guid=2dbf2237aac09be4dbc99ef269b8521b'), ('COLORTERM', 'truecolor'), ('IM_CONFIG_PHASE', '1'), ('WAYLAND_DISPLAY', 'wayland-0'), ('COLCON_PREFIX_PATH', '/home/elizabeth/MREN203_Trover/install'), ('ROS_DISTRO', 'humble'), ('LOGNAME', 'elizabeth'), ('_', '/usr/bin/colcon'), ('ROS_VERSION', '2'), ('XDG_SESSION_CLASS', 'user'), ('USERNAME', 'elizabeth'), ('TERM', 'xterm-256color'), ('GNOME_DESKTOP_SESSION_ID', 'this-is-deprecated'), ('ROS_LOCALHOST_ONLY', '0'), ('PATH', '/opt/ros/humble/bin:/usr/local/sbin:/usr/local/bin:/usr/sbin:/usr/bin:/sbin:/bin:/usr/games:/usr/local/games:/snap/bin:/snap/bin'), ('SESSION_MANAGER', 'local/elizabeth-VirtualBox:@/tmp/.ICE-unix/1257,unix/elizabeth-VirtualBox:/tmp/.ICE-unix/1257'), ('XDG_MENU_PREFIX', 'gnome-'), ('GNOME_TERMINAL_SCREEN', '/org/gnome/Terminal/screen/96c42cd0_fe71_470b_8b03_ebc588a4676e'), ('GNOME_SETUP_DISPLAY', ':1'), ('XDG_RUNTIME_DIR', '/run/user/1000'), ('DISPLAY', ':0'), ('LANG', 'en_US.UTF-8'), ('XDG_CURRENT_DESKTOP', 'ubuntu:GNOME'), ('XMODIFIERS', '@im=ibus'), ('XDG_SESSION_DESKTOP', 'ubuntu'), ('XAUTHORITY', '/run/user/1000/.mutter-Xwaylandauth.UHXJM3'), ('LS_COLORS', 'rs=0:di=01;34:ln=01;36:mh=00:pi=40;33:so=01;35:do=01;35:bd=40;33;01:cd=40;33;01:or=40;31;01:mi=00:su=37;41:sg=30;43:ca=30;41:tw=30;42:ow=34;42:st=37;44:ex=01;32:*.tar=01;31:*.tgz=01;31:*.arc=01;31:*.arj=01;31:*.taz=01;31:*.lha=01;31:*.lz4=01;31:*.lzh=01;31:*.lzma=01;31:*.tlz=01;31:*.txz=01;31:*.tzo=01;31:*.t7z=01;31:*.zip=01;31:*.z=01;31:*.dz=01;31:*.gz=01;31:*.lrz=01;31:*.lz=01;31:*.lzo=01;31:*.xz=01;31:*.zst=01;31:*.tzst=01;31:*.bz2=01;31:*.bz=01;31:*.tbz=01;31:*.tbz2=01;31:*.tz=01;31:*.deb=01;31:*.rpm=01;31:*.jar=01;31:*.war=01;31:*.ear=01;31:*.sar=01;31:*.rar=01;31:*.alz=01;31:*.ace=01;31:*.zoo=01;31:*.cpio=01;31:*.7z=01;31:*.rz=01;31:*.cab=01;31:*.wim=01;31:*.swm=01;31:*.dwm=01;31:*.esd=01;31:*.jpg=01;35:*.jpeg=01;35:*.mjpg=01;35:*.mjpeg=01;35:*.gif=01;35:*.bmp=01;35:*.pbm=01;35:*.pgm=01;35:*.ppm=01;35:*.tga=01;35:*.xbm=01;35:*.xpm=01;35:*.tif=01;35:*.tiff=01;35:*.png=01;35:*.svg=01;35:*.svgz=01;35:*.mng=01;35:*.pcx=01;35:*.mov=01;35:*.mpg=01;35:*.mpeg=01;35:*.m2v=01;35:*.mkv=01;35:*.webm=01;35:*.webp=01;35:*.ogm=01;35:*.mp4=01;35:*.m4v=01;35:*.mp4v=01;35:*.vob=01;35:*.qt=01;35:*.nuv=01;35:*.wmv=01;35:*.asf=01;35:*.rm=01;35:*.rmvb=01;35:*.flc=01;35:*.avi=01;35:*.fli=01;35:*.flv=01;35:*.gl=01;35:*.dl=01;35:*.xcf=01;35:*.xwd=01;35:*.yuv=01;35:*.cgm=01;35:*.emf=01;35:*.ogv=01;35:*.ogx=01;35:*.aac=00;36:*.au=00;36:*.flac=00;36:*.m4a=00;36:*.mid=00;36:*.midi=00;36:*.mka=00;36:*.mp3=00;36:*.mpc=00;36:*.ogg=00;36:*.ra=00;36:*.wav=00;36:*.oga=00;36:*.opus=00;36:*.spx=00;36:*.xspf=00;36:'), ('GNOME_TERMINAL_SERVICE', ':1.112'), ('SSH_AGENT_LAUNCHER', 'gnome-keyring'), ('SSH_AUTH_SOCK', '/run/user/1000/keyring/ssh'), ('AMENT_PREFIX_PATH', '/home/elizabeth/MREN203_Trover/install/trover_bringup:/home/elizabeth/MREN203_Trover/install/trover_state_estimation:/home/elizabeth/MREN203_Trover/install/trover_slam:/home/elizabeth/MREN203_Trover/install/trover_navigation:/home/elizabeth/MREN203_Trover/install/trover_drivers:/home/elizabeth/MREN203_Trover/install/trover_description:/home/elizabeth/MREN203_Trover/install/trover_communication:/opt/ros/humble'), ('SHELL', '/bin/bash'), ('QT_ACCESSIBILITY', '1'), ('GDMSESSION', 'ubuntu'), ('LESSCLOSE', '/usr/bin/lesspipe %s %s'), ('QT_IM_MODULE', 'ibus'), ('PWD', '/home/elizabeth/MREN203_Trover/build/trover_drivers'), ('LC_ALL', 'en_US.UTF-8'), ('XDG_CONFIG_DIRS', '/etc/xdg/xdg-ubuntu:/etc/xdg'), ('DBUS_STARTER_ADDRESS', 'unix:path=/run/user/1000/bus,guid=2dbf2237aac09be4dbc99ef269b8521b'), ('XDG_DATA_DIRS', '/usr/share/ubuntu:/usr/local/share/:/usr/share/:/var/lib/snapd/desktop'), ('PYTHONPATH', '/home/elizabeth/MREN203_Trover/install/trover_state_estimation/lib/python3.10/site-packages:/home/elizabeth/MREN203_Trover/install/trover_slam/lib/python3.10/site-packages:/home/elizabeth/MREN203_Trover/install/trover_navigation/lib/python3.10/site-packages:/home/elizabeth/MREN203_Trover/install/trover_communication/lib/python3.10/site-packages:/opt/ros/humble/lib/python3.10/site-packages:/opt/ros/humble/local/lib/python3.10/dist-packages'), ('COLCON', '1'), ('VTE_VERSION', '6800'), ('CMAKE_PREFIX_PATH', '/home/elizabeth/MREN203_Trover/install/trover_bringup:/home/elizabeth/MREN203_Trover/install/trover_drivers:/home/elizabeth/MREN203_Trover/install/trover_description:/home/elizabeth/MREN203_Trover/install/trover_state_estimation:/home/elizabeth/MREN203_Trover/install/trover_slam:/home/elizabeth/MREN203_Trover/install/trover_navigation:/home/elizabeth/MREN203_Trover/install/trover_communication:/opt/ros/humble')]), 'shell': False}
[8.065320] (-) TimerEvent: {}
[8.175940] (-) TimerEvent: {}
[8.204127] (trover_drivers) CommandEnded: {'returncode': 0}
[8.212529] (trover_drivers) JobProgress: {'identifier': 'trover_drivers', 'progress': 'install'}
[8.212715] (trover_drivers) Command: {'cmd': ['/usr/bin/cmake', '--install', '/home/elizabeth/MREN203_Trover/build/trover_drivers'], 'cwd': '/home/elizabeth/MREN203_Trover/build/trover_drivers', 'env': OrderedDict([('LESSOPEN', '| /usr/bin/lesspipe %s'), ('LANGUAGE', 'en_CA:en'), ('USER', 'elizabeth'), ('XDG_SESSION_TYPE', 'wayland'), ('SHLVL', '1'), ('LD_LIBRARY_PATH', '/usr/lib/x86_64-linux-gnu/gazebo-11/plugins:/opt/ros/humble/opt/rviz_ogre_vendor/lib:/opt/ros/humble/lib/x86_64-linux-gnu:/opt/ros/humble/lib'), ('HOME', '/home/elizabeth'), ('DESKTOP_SESSION', 'ubuntu'), ('ROS_PYTHON_VERSION', '3'), ('GNOME_SHELL_SESSION_MODE', 'ubuntu'), ('GTK_MODULES', 'gail:atk-bridge'), ('DBUS_STARTER_BUS_TYPE', 'session'), ('SYSTEMD_EXEC_PID', '1257'), ('DBUS_SESSION_BUS_ADDRESS', 'unix:path=/run/user/1000/bus,guid=2dbf2237aac09be4dbc99ef269b8521b'), ('COLORTERM', 'truecolor'), ('IM_CONFIG_PHASE', '1'), ('WAYLAND_DISPLAY', 'wayland-0'), ('COLCON_PREFIX_PATH', '/home/elizabeth/MREN203_Trover/install'), ('ROS_DISTRO', 'humble'), ('LOGNAME', 'elizabeth'), ('_', '/usr/bin/colcon'), ('ROS_VERSION', '2'), ('XDG_SESSION_CLASS', 'user'), ('USERNAME', 'elizabeth'), ('TERM', 'xterm-256color'), ('GNOME_DESKTOP_SESSION_ID', 'this-is-deprecated'), ('ROS_LOCALHOST_ONLY', '0'), ('PATH', '/opt/ros/humble/bin:/usr/local/sbin:/usr/local/bin:/usr/sbin:/usr/bin:/sbin:/bin:/usr/games:/usr/local/games:/snap/bin:/snap/bin'), ('SESSION_MANAGER', 'local/elizabeth-VirtualBox:@/tmp/.ICE-unix/1257,unix/elizabeth-VirtualBox:/tmp/.ICE-unix/1257'), ('XDG_MENU_PREFIX', 'gnome-'), ('GNOME_TERMINAL_SCREEN', '/org/gnome/Terminal/screen/96c42cd0_fe71_470b_8b03_ebc588a4676e'), ('GNOME_SETUP_DISPLAY', ':1'), ('XDG_RUNTIME_DIR', '/run/user/1000'), ('DISPLAY', ':0'), ('LANG', 'en_US.UTF-8'), ('XDG_CURRENT_DESKTOP', 'ubuntu:GNOME'), ('XMODIFIERS', '@im=ibus'), ('XDG_SESSION_DESKTOP', 'ubuntu'), ('XAUTHORITY', '/run/user/1000/.mutter-Xwaylandauth.UHXJM3'), ('LS_COLORS', 'rs=0:di=01;34:ln=01;36:mh=00:pi=40;33:so=01;35:do=01;35:bd=40;33;01:cd=40;33;01:or=40;31;01:mi=00:su=37;41:sg=30;43:ca=30;41:tw=30;42:ow=34;42:st=37;44:ex=01;32:*.tar=01;31:*.tgz=01;31:*.arc=01;31:*.arj=01;31:*.taz=01;31:*.lha=01;31:*.lz4=01;31:*.lzh=01;31:*.lzma=01;31:*.tlz=01;31:*.txz=01;31:*.tzo=01;31:*.t7z=01;31:*.zip=01;31:*.z=01;31:*.dz=01;31:*.gz=01;31:*.lrz=01;31:*.lz=01;31:*.lzo=01;31:*.xz=01;31:*.zst=01;31:*.tzst=01;31:*.bz2=01;31:*.bz=01;31:*.tbz=01;31:*.tbz2=01;31:*.tz=01;31:*.deb=01;31:*.rpm=01;31:*.jar=01;31:*.war=01;31:*.ear=01;31:*.sar=01;31:*.rar=01;31:*.alz=01;31:*.ace=01;31:*.zoo=01;31:*.cpio=01;31:*.7z=01;31:*.rz=01;31:*.cab=01;31:*.wim=01;31:*.swm=01;31:*.dwm=01;31:*.esd=01;31:*.jpg=01;35:*.jpeg=01;35:*.mjpg=01;35:*.mjpeg=01;35:*.gif=01;35:*.bmp=01;35:*.pbm=01;35:*.pgm=01;35:*.ppm=01;35:*.tga=01;35:*.xbm=01;35:*.xpm=01;35:*.tif=01;35:*.tiff=01;35:*.png=01;35:*.svg=01;35:*.svgz=01;35:*.mng=01;35:*.pcx=01;35:*.mov=01;35:*.mpg=01;35:*.mpeg=01;35:*.m2v=01;35:*.mkv=01;35:*.webm=01;35:*.webp=01;35:*.ogm=01;35:*.mp4=01;35:*.m4v=01;35:*.mp4v=01;35:*.vob=01;35:*.qt=01;35:*.nuv=01;35:*.wmv=01;35:*.asf=01;35:*.rm=01;35:*.rmvb=01;35:*.flc=01;35:*.avi=01;35:*.fli=01;35:*.flv=01;35:*.gl=01;35:*.dl=01;35:*.xcf=01;35:*.xwd=01;35:*.yuv=01;35:*.cgm=01;35:*.emf=01;35:*.ogv=01;35:*.ogx=01;35:*.aac=00;36:*.au=00;36:*.flac=00;36:*.m4a=00;36:*.mid=00;36:*.midi=00;36:*.mka=00;36:*.mp3=00;36:*.mpc=00;36:*.ogg=00;36:*.ra=00;36:*.wav=00;36:*.oga=00;36:*.opus=00;36:*.spx=00;36:*.xspf=00;36:'), ('GNOME_TERMINAL_SERVICE', ':1.112'), ('SSH_AGENT_LAUNCHER', 'gnome-keyring'), ('SSH_AUTH_SOCK', '/run/user/1000/keyring/ssh'), ('AMENT_PREFIX_PATH', '/home/elizabeth/MREN203_Trover/install/trover_bringup:/home/elizabeth/MREN203_Trover/install/trover_state_estimation:/home/elizabeth/MREN203_Trover/install/trover_slam:/home/elizabeth/MREN203_Trover/install/trover_navigation:/home/elizabeth/MREN203_Trover/install/trover_drivers:/home/elizabeth/MREN203_Trover/install/trover_description:/home/elizabeth/MREN203_Trover/install/trover_communication:/opt/ros/humble'), ('SHELL', '/bin/bash'), ('QT_ACCESSIBILITY', '1'), ('GDMSESSION', 'ubuntu'), ('LESSCLOSE', '/usr/bin/lesspipe %s %s'), ('QT_IM_MODULE', 'ibus'), ('PWD', '/home/elizabeth/MREN203_Trover/build/trover_drivers'), ('LC_ALL', 'en_US.UTF-8'), ('XDG_CONFIG_DIRS', '/etc/xdg/xdg-ubuntu:/etc/xdg'), ('DBUS_STARTER_ADDRESS', 'unix:path=/run/user/1000/bus,guid=2dbf2237aac09be4dbc99ef269b8521b'), ('XDG_DATA_DIRS', '/usr/share/ubuntu:/usr/local/share/:/usr/share/:/var/lib/snapd/desktop'), ('PYTHONPATH', '/home/elizabeth/MREN203_Trover/install/trover_state_estimation/lib/python3.10/site-packages:/home/elizabeth/MREN203_Trover/install/trover_slam/lib/python3.10/site-packages:/home/elizabeth/MREN203_Trover/install/trover_navigation/lib/python3.10/site-packages:/home/elizabeth/MREN203_Trover/install/trover_communication/lib/python3.10/site-packages:/opt/ros/humble/lib/python3.10/site-packages:/opt/ros/humble/local/lib/python3.10/dist-packages'), ('COLCON', '1'), ('VTE_VERSION', '6800'), ('CMAKE_PREFIX_PATH', '/home/elizabeth/MREN203_Trover/install/trover_bringup:/home/elizabeth/MREN203_Trover/install/trover_drivers:/home/elizabeth/MREN203_Trover/install/trover_description:/home/elizabeth/MREN203_Trover/install/trover_state_estimation:/home/elizabeth/MREN203_Trover/install/trover_slam:/home/elizabeth/MREN203_Trover/install/trover_navigation:/home/elizabeth/MREN203_Trover/install/trover_communication:/opt/ros/humble')]), 'shell': False}
[8.272274] (trover_drivers) StdoutLine: {'line': b'-- Install configuration: ""\n'}
[8.273160] (trover_drivers) StdoutLine: {'line': b'-- Up-to-date: /home/elizabeth/MREN203_Trover/install/trover_drivers/share/ament_index/resource_index/package_run_dependencies/trover_drivers\n'}
[8.273377] (trover_drivers) StdoutLine: {'line': b'-- Up-to-date: /home/elizabeth/MREN203_Trover/install/trover_drivers/share/ament_index/resource_index/parent_prefix_path/trover_drivers\n'}
[8.273732] (trover_drivers) StdoutLine: {'line': b'-- Up-to-date: /home/elizabeth/MREN203_Trover/install/trover_drivers/share/trover_drivers/environment/ament_prefix_path.sh\n'}
[8.274220] (trover_drivers) StdoutLine: {'line': b'-- Up-to-date: /home/elizabeth/MREN203_Trover/install/trover_drivers/share/trover_drivers/environment/ament_prefix_path.dsv\n'}
[8.274339] (trover_drivers) StdoutLine: {'line': b'-- Up-to-date: /home/elizabeth/MREN203_Trover/install/trover_drivers/share/trover_drivers/environment/path.sh\n'}
[8.274434] (trover_drivers) StdoutLine: {'line': b'-- Up-to-date: /home/elizabeth/MREN203_Trover/install/trover_drivers/share/trover_drivers/environment/path.dsv\n'}
[8.274524] (trover_drivers) StdoutLine: {'line': b'-- Up-to-date: /home/elizabeth/MREN203_Trover/install/trover_drivers/share/trover_drivers/local_setup.bash\n'}
[8.274966] (trover_drivers) StdoutLine: {'line': b'-- Up-to-date: /home/elizabeth/MREN203_Trover/install/trover_drivers/share/trover_drivers/local_setup.sh\n'}
[8.275130] (trover_drivers) StdoutLine: {'line': b'-- Up-to-date: /home/elizabeth/MREN203_Trover/install/trover_drivers/share/trover_drivers/local_setup.zsh\n'}
[8.275294] (trover_drivers) StdoutLine: {'line': b'-- Up-to-date: /home/elizabeth/MREN203_Trover/install/trover_drivers/share/trover_drivers/local_setup.dsv\n'}
[8.275400] (trover_drivers) StdoutLine: {'line': b'-- Installing: /home/elizabeth/MREN203_Trover/install/trover_drivers/share/trover_drivers/package.dsv\n'}
[8.276154] (trover_drivers) StdoutLine: {'line': b'-- Up-to-date: /home/elizabeth/MREN203_Trover/install/trover_drivers/share/ament_index/resource_index/packages/trover_drivers\n'}
[8.276379] (-) TimerEvent: {}
[8.278638] (trover_drivers) StdoutLine: {'line': b'-- Up-to-date: /home/elizabeth/MREN203_Trover/install/trover_drivers/share/trover_drivers/cmake/trover_driversConfig.cmake\n'}
[8.280227] (trover_drivers) StdoutLine: {'line': b'-- Up-to-date: /home/elizabeth/MREN203_Trover/install/trover_drivers/share/trover_drivers/cmake/trover_driversConfig-version.cmake\n'}
[8.280359] (trover_drivers) StdoutLine: {'line': b'-- Up-to-date: /home/elizabeth/MREN203_Trover/install/trover_drivers/share/trover_drivers/package.xml\n'}
[8.295865] (trover_drivers) CommandEnded: {'returncode': 0}
[8.372865] (trover_drivers) JobEnded: {'identifier': 'trover_drivers', 'rc': 0}
[8.375775] (trover_bringup) JobStarted: {'identifier': 'trover_bringup'}
[8.377209] (-) TimerEvent: {}
[8.464586] (trover_bringup) JobProgress: {'identifier': 'trover_bringup', 'progress': 'cmake'}
[8.474103] (trover_bringup) JobProgress: {'identifier': 'trover_bringup', 'progress': 'build'}
[8.475232] (trover_bringup) Command: {'cmd': ['/usr/bin/cmake', '--build', '/home/elizabeth/MREN203_Trover/build/trover_bringup', '--', '-j2', '-l2'], 'cwd': '/home/elizabeth/MREN203_Trover/build/trover_bringup', 'env': OrderedDict([('LESSOPEN', '| /usr/bin/lesspipe %s'), ('LANGUAGE', 'en_CA:en'), ('USER', 'elizabeth'), ('XDG_SESSION_TYPE', 'wayland'), ('SHLVL', '1'), ('LD_LIBRARY_PATH', '/usr/lib/x86_64-linux-gnu/gazebo-11/plugins:/opt/ros/humble/opt/rviz_ogre_vendor/lib:/opt/ros/humble/lib/x86_64-linux-gnu:/opt/ros/humble/lib'), ('HOME', '/home/elizabeth'), ('DESKTOP_SESSION', 'ubuntu'), ('ROS_PYTHON_VERSION', '3'), ('GNOME_SHELL_SESSION_MODE', 'ubuntu'), ('GTK_MODULES', 'gail:atk-bridge'), ('DBUS_STARTER_BUS_TYPE', 'session'), ('SYSTEMD_EXEC_PID', '1257'), ('DBUS_SESSION_BUS_ADDRESS', 'unix:path=/run/user/1000/bus,guid=2dbf2237aac09be4dbc99ef269b8521b'), ('COLORTERM', 'truecolor'), ('IM_CONFIG_PHASE', '1'), ('WAYLAND_DISPLAY', 'wayland-0'), ('COLCON_PREFIX_PATH', '/home/elizabeth/MREN203_Trover/install'), ('ROS_DISTRO', 'humble'), ('LOGNAME', 'elizabeth'), ('_', '/usr/bin/colcon'), ('ROS_VERSION', '2'), ('XDG_SESSION_CLASS', 'user'), ('USERNAME', 'elizabeth'), ('TERM', 'xterm-256color'), ('GNOME_DESKTOP_SESSION_ID', 'this-is-deprecated'), ('ROS_LOCALHOST_ONLY', '0'), ('PATH', '/opt/ros/humble/bin:/usr/local/sbin:/usr/local/bin:/usr/sbin:/usr/bin:/sbin:/bin:/usr/games:/usr/local/games:/snap/bin:/snap/bin'), ('SESSION_MANAGER', 'local/elizabeth-VirtualBox:@/tmp/.ICE-unix/1257,unix/elizabeth-VirtualBox:/tmp/.ICE-unix/1257'), ('XDG_MENU_PREFIX', 'gnome-'), ('GNOME_TERMINAL_SCREEN', '/org/gnome/Terminal/screen/96c42cd0_fe71_470b_8b03_ebc588a4676e'), ('GNOME_SETUP_DISPLAY', ':1'), ('XDG_RUNTIME_DIR', '/run/user/1000'), ('DISPLAY', ':0'), ('LANG', 'en_US.UTF-8'), ('XDG_CURRENT_DESKTOP', 'ubuntu:GNOME'), ('XMODIFIERS', '@im=ibus'), ('XDG_SESSION_DESKTOP', 'ubuntu'), ('XAUTHORITY', '/run/user/1000/.mutter-Xwaylandauth.UHXJM3'), ('LS_COLORS', 'rs=0:di=01;34:ln=01;36:mh=00:pi=40;33:so=01;35:do=01;35:bd=40;33;01:cd=40;33;01:or=40;31;01:mi=00:su=37;41:sg=30;43:ca=30;41:tw=30;42:ow=34;42:st=37;44:ex=01;32:*.tar=01;31:*.tgz=01;31:*.arc=01;31:*.arj=01;31:*.taz=01;31:*.lha=01;31:*.lz4=01;31:*.lzh=01;31:*.lzma=01;31:*.tlz=01;31:*.txz=01;31:*.tzo=01;31:*.t7z=01;31:*.zip=01;31:*.z=01;31:*.dz=01;31:*.gz=01;31:*.lrz=01;31:*.lz=01;31:*.lzo=01;31:*.xz=01;31:*.zst=01;31:*.tzst=01;31:*.bz2=01;31:*.bz=01;31:*.tbz=01;31:*.tbz2=01;31:*.tz=01;31:*.deb=01;31:*.rpm=01;31:*.jar=01;31:*.war=01;31:*.ear=01;31:*.sar=01;31:*.rar=01;31:*.alz=01;31:*.ace=01;31:*.zoo=01;31:*.cpio=01;31:*.7z=01;31:*.rz=01;31:*.cab=01;31:*.wim=01;31:*.swm=01;31:*.dwm=01;31:*.esd=01;31:*.jpg=01;35:*.jpeg=01;35:*.mjpg=01;35:*.mjpeg=01;35:*.gif=01;35:*.bmp=01;35:*.pbm=01;35:*.pgm=01;35:*.ppm=01;35:*.tga=01;35:*.xbm=01;35:*.xpm=01;35:*.tif=01;35:*.tiff=01;35:*.png=01;35:*.svg=01;35:*.svgz=01;35:*.mng=01;35:*.pcx=01;35:*.mov=01;35:*.mpg=01;35:*.mpeg=01;35:*.m2v=01;35:*.mkv=01;35:*.webm=01;35:*.webp=01;35:*.ogm=01;35:*.mp4=01;35:*.m4v=01;35:*.mp4v=01;35:*.vob=01;35:*.qt=01;35:*.nuv=01;35:*.wmv=01;35:*.asf=01;35:*.rm=01;35:*.rmvb=01;35:*.flc=01;35:*.avi=01;35:*.fli=01;35:*.flv=01;35:*.gl=01;35:*.dl=01;35:*.xcf=01;35:*.xwd=01;35:*.yuv=01;35:*.cgm=01;35:*.emf=01;35:*.ogv=01;35:*.ogx=01;35:*.aac=00;36:*.au=00;36:*.flac=00;36:*.m4a=00;36:*.mid=00;36:*.midi=00;36:*.mka=00;36:*.mp3=00;36:*.mpc=00;36:*.ogg=00;36:*.ra=00;36:*.wav=00;36:*.oga=00;36:*.opus=00;36:*.spx=00;36:*.xspf=00;36:'), ('GNOME_TERMINAL_SERVICE', ':1.112'), ('SSH_AGENT_LAUNCHER', 'gnome-keyring'), ('SSH_AUTH_SOCK', '/run/user/1000/keyring/ssh'), ('AMENT_PREFIX_PATH', '/home/elizabeth/MREN203_Trover/install/trover_state_estimation:/home/elizabeth/MREN203_Trover/install/trover_slam:/home/elizabeth/MREN203_Trover/install/trover_navigation:/home/elizabeth/MREN203_Trover/install/trover_bringup:/home/elizabeth/MREN203_Trover/install/trover_drivers:/home/elizabeth/MREN203_Trover/install/trover_description:/home/elizabeth/MREN203_Trover/install/trover_communication:/opt/ros/humble'), ('SHELL', '/bin/bash'), ('QT_ACCESSIBILITY', '1'), ('GDMSESSION', 'ubuntu'), ('LESSCLOSE', '/usr/bin/lesspipe %s %s'), ('QT_IM_MODULE', 'ibus'), ('PWD', '/home/elizabeth/MREN203_Trover/build/trover_bringup'), ('LC_ALL', 'en_US.UTF-8'), ('XDG_CONFIG_DIRS', '/etc/xdg/xdg-ubuntu:/etc/xdg'), ('DBUS_STARTER_ADDRESS', 'unix:path=/run/user/1000/bus,guid=2dbf2237aac09be4dbc99ef269b8521b'), ('XDG_DATA_DIRS', '/usr/share/ubuntu:/usr/local/share/:/usr/share/:/var/lib/snapd/desktop'), ('PYTHONPATH', '/home/elizabeth/MREN203_Trover/install/trover_state_estimation/lib/python3.10/site-packages:/home/elizabeth/MREN203_Trover/install/trover_slam/lib/python3.10/site-packages:/home/elizabeth/MREN203_Trover/install/trover_navigation/lib/python3.10/site-packages:/home/elizabeth/MREN203_Trover/install/trover_communication/lib/python3.10/site-packages:/opt/ros/humble/lib/python3.10/site-packages:/opt/ros/humble/local/lib/python3.10/dist-packages'), ('COLCON', '1'), ('VTE_VERSION', '6800'), ('CMAKE_PREFIX_PATH', '/home/elizabeth/MREN203_Trover/install/trover_description:/home/elizabeth/MREN203_Trover/install/trover_bringup:/home/elizabeth/MREN203_Trover/install/trover_drivers:/home/elizabeth/MREN203_Trover/install/trover_state_estimation:/home/elizabeth/MREN203_Trover/install/trover_slam:/home/elizabeth/MREN203_Trover/install/trover_navigation:/home/elizabeth/MREN203_Trover/install/trover_communication:/opt/ros/humble')]), 'shell': False}
[8.502350] (-) TimerEvent: {}
[8.603317] (-) TimerEvent: {}
[8.741332] (-) TimerEvent: {}
[8.786730] (trover_bringup) CommandEnded: {'returncode': 0}
[8.807500] (trover_communication) StdoutLine: {'line': b'running egg_info\n'}
[8.855215] (-) TimerEvent: {}
[8.872699] (trover_communication) StdoutLine: {'line': b'writing ../../build/trover_communication/trover_communication.egg-info/PKG-INFO\n'}
[8.878240] (trover_bringup) JobProgress: {'identifier': 'trover_bringup', 'progress': 'install'}
[8.879188] (trover_bringup) Command: {'cmd': ['/usr/bin/cmake', '--install', '/home/elizabeth/MREN203_Trover/build/trover_bringup'], 'cwd': '/home/elizabeth/MREN203_Trover/build/trover_bringup', 'env': OrderedDict([('LESSOPEN', '| /usr/bin/lesspipe %s'), ('LANGUAGE', 'en_CA:en'), ('USER', 'elizabeth'), ('XDG_SESSION_TYPE', 'wayland'), ('SHLVL', '1'), ('LD_LIBRARY_PATH', '/usr/lib/x86_64-linux-gnu/gazebo-11/plugins:/opt/ros/humble/opt/rviz_ogre_vendor/lib:/opt/ros/humble/lib/x86_64-linux-gnu:/opt/ros/humble/lib'), ('HOME', '/home/elizabeth'), ('DESKTOP_SESSION', 'ubuntu'), ('ROS_PYTHON_VERSION', '3'), ('GNOME_SHELL_SESSION_MODE', 'ubuntu'), ('GTK_MODULES', 'gail:atk-bridge'), ('DBUS_STARTER_BUS_TYPE', 'session'), ('SYSTEMD_EXEC_PID', '1257'), ('DBUS_SESSION_BUS_ADDRESS', 'unix:path=/run/user/1000/bus,guid=2dbf2237aac09be4dbc99ef269b8521b'), ('COLORTERM', 'truecolor'), ('IM_CONFIG_PHASE', '1'), ('WAYLAND_DISPLAY', 'wayland-0'), ('COLCON_PREFIX_PATH', '/home/elizabeth/MREN203_Trover/install'), ('ROS_DISTRO', 'humble'), ('LOGNAME', 'elizabeth'), ('_', '/usr/bin/colcon'), ('ROS_VERSION', '2'), ('XDG_SESSION_CLASS', 'user'), ('USERNAME', 'elizabeth'), ('TERM', 'xterm-256color'), ('GNOME_DESKTOP_SESSION_ID', 'this-is-deprecated'), ('ROS_LOCALHOST_ONLY', '0'), ('PATH', '/opt/ros/humble/bin:/usr/local/sbin:/usr/local/bin:/usr/sbin:/usr/bin:/sbin:/bin:/usr/games:/usr/local/games:/snap/bin:/snap/bin'), ('SESSION_MANAGER', 'local/elizabeth-VirtualBox:@/tmp/.ICE-unix/1257,unix/elizabeth-VirtualBox:/tmp/.ICE-unix/1257'), ('XDG_MENU_PREFIX', 'gnome-'), ('GNOME_TERMINAL_SCREEN', '/org/gnome/Terminal/screen/96c42cd0_fe71_470b_8b03_ebc588a4676e'), ('GNOME_SETUP_DISPLAY', ':1'), ('XDG_RUNTIME_DIR', '/run/user/1000'), ('DISPLAY', ':0'), ('LANG', 'en_US.UTF-8'), ('XDG_CURRENT_DESKTOP', 'ubuntu:GNOME'), ('XMODIFIERS', '@im=ibus'), ('XDG_SESSION_DESKTOP', 'ubuntu'), ('XAUTHORITY', '/run/user/1000/.mutter-Xwaylandauth.UHXJM3'), ('LS_COLORS', 'rs=0:di=01;34:ln=01;36:mh=00:pi=40;33:so=01;35:do=01;35:bd=40;33;01:cd=40;33;01:or=40;31;01:mi=00:su=37;41:sg=30;43:ca=30;41:tw=30;42:ow=34;42:st=37;44:ex=01;32:*.tar=01;31:*.tgz=01;31:*.arc=01;31:*.arj=01;31:*.taz=01;31:*.lha=01;31:*.lz4=01;31:*.lzh=01;31:*.lzma=01;31:*.tlz=01;31:*.txz=01;31:*.tzo=01;31:*.t7z=01;31:*.zip=01;31:*.z=01;31:*.dz=01;31:*.gz=01;31:*.lrz=01;31:*.lz=01;31:*.lzo=01;31:*.xz=01;31:*.zst=01;31:*.tzst=01;31:*.bz2=01;31:*.bz=01;31:*.tbz=01;31:*.tbz2=01;31:*.tz=01;31:*.deb=01;31:*.rpm=01;31:*.jar=01;31:*.war=01;31:*.ear=01;31:*.sar=01;31:*.rar=01;31:*.alz=01;31:*.ace=01;31:*.zoo=01;31:*.cpio=01;31:*.7z=01;31:*.rz=01;31:*.cab=01;31:*.wim=01;31:*.swm=01;31:*.dwm=01;31:*.esd=01;31:*.jpg=01;35:*.jpeg=01;35:*.mjpg=01;35:*.mjpeg=01;35:*.gif=01;35:*.bmp=01;35:*.pbm=01;35:*.pgm=01;35:*.ppm=01;35:*.tga=01;35:*.xbm=01;35:*.xpm=01;35:*.tif=01;35:*.tiff=01;35:*.png=01;35:*.svg=01;35:*.svgz=01;35:*.mng=01;35:*.pcx=01;35:*.mov=01;35:*.mpg=01;35:*.mpeg=01;35:*.m2v=01;35:*.mkv=01;35:*.webm=01;35:*.webp=01;35:*.ogm=01;35:*.mp4=01;35:*.m4v=01;35:*.mp4v=01;35:*.vob=01;35:*.qt=01;35:*.nuv=01;35:*.wmv=01;35:*.asf=01;35:*.rm=01;35:*.rmvb=01;35:*.flc=01;35:*.avi=01;35:*.fli=01;35:*.flv=01;35:*.gl=01;35:*.dl=01;35:*.xcf=01;35:*.xwd=01;35:*.yuv=01;35:*.cgm=01;35:*.emf=01;35:*.ogv=01;35:*.ogx=01;35:*.aac=00;36:*.au=00;36:*.flac=00;36:*.m4a=00;36:*.mid=00;36:*.midi=00;36:*.mka=00;36:*.mp3=00;36:*.mpc=00;36:*.ogg=00;36:*.ra=00;36:*.wav=00;36:*.oga=00;36:*.opus=00;36:*.spx=00;36:*.xspf=00;36:'), ('GNOME_TERMINAL_SERVICE', ':1.112'), ('SSH_AGENT_LAUNCHER', 'gnome-keyring'), ('SSH_AUTH_SOCK', '/run/user/1000/keyring/ssh'), ('AMENT_PREFIX_PATH', '/home/elizabeth/MREN203_Trover/install/trover_state_estimation:/home/elizabeth/MREN203_Trover/install/trover_slam:/home/elizabeth/MREN203_Trover/install/trover_navigation:/home/elizabeth/MREN203_Trover/install/trover_bringup:/home/elizabeth/MREN203_Trover/install/trover_drivers:/home/elizabeth/MREN203_Trover/install/trover_description:/home/elizabeth/MREN203_Trover/install/trover_communication:/opt/ros/humble'), ('SHELL', '/bin/bash'), ('QT_ACCESSIBILITY', '1'), ('GDMSESSION', 'ubuntu'), ('LESSCLOSE', '/usr/bin/lesspipe %s %s'), ('QT_IM_MODULE', 'ibus'), ('PWD', '/home/elizabeth/MREN203_Trover/build/trover_bringup'), ('LC_ALL', 'en_US.UTF-8'), ('XDG_CONFIG_DIRS', '/etc/xdg/xdg-ubuntu:/etc/xdg'), ('DBUS_STARTER_ADDRESS', 'unix:path=/run/user/1000/bus,guid=2dbf2237aac09be4dbc99ef269b8521b'), ('XDG_DATA_DIRS', '/usr/share/ubuntu:/usr/local/share/:/usr/share/:/var/lib/snapd/desktop'), ('PYTHONPATH', '/home/elizabeth/MREN203_Trover/install/trover_state_estimation/lib/python3.10/site-packages:/home/elizabeth/MREN203_Trover/install/trover_slam/lib/python3.10/site-packages:/home/elizabeth/MREN203_Trover/install/trover_navigation/lib/python3.10/site-packages:/home/elizabeth/MREN203_Trover/install/trover_communication/lib/python3.10/site-packages:/opt/ros/humble/lib/python3.10/site-packages:/opt/ros/humble/local/lib/python3.10/dist-packages'), ('COLCON', '1'), ('VTE_VERSION', '6800'), ('CMAKE_PREFIX_PATH', '/home/elizabeth/MREN203_Trover/install/trover_description:/home/elizabeth/MREN203_Trover/install/trover_bringup:/home/elizabeth/MREN203_Trover/install/trover_drivers:/home/elizabeth/MREN203_Trover/install/trover_state_estimation:/home/elizabeth/MREN203_Trover/install/trover_slam:/home/elizabeth/MREN203_Trover/install/trover_navigation:/home/elizabeth/MREN203_Trover/install/trover_communication:/opt/ros/humble')]), 'shell': False}
[8.879931] (trover_communication) StdoutLine: {'line': b'writing dependency_links to ../../build/trover_communication/trover_communication.egg-info/dependency_links.txt\n'}
[8.880062] (trover_communication) StdoutLine: {'line': b'writing entry points to ../../build/trover_communication/trover_communication.egg-info/entry_points.txt\n'}
[8.880156] (trover_communication) StdoutLine: {'line': b'writing requirements to ../../build/trover_communication/trover_communication.egg-info/requires.txt\n'}
[8.880354] (trover_communication) StdoutLine: {'line': b'writing top-level names to ../../build/trover_communication/trover_communication.egg-info/top_level.txt\n'}
[8.889486] (trover_communication) StdoutLine: {'line': b"reading manifest file '../../build/trover_communication/trover_communication.egg-info/SOURCES.txt'\n"}
[8.892118] (trover_communication) StdoutLine: {'line': b"writing manifest file '../../build/trover_communication/trover_communication.egg-info/SOURCES.txt'\n"}
[8.893545] (trover_communication) StdoutLine: {'line': b'running build\n'}
[8.893664] (trover_communication) StdoutLine: {'line': b'running build_py\n'}
[8.898126] (trover_communication) StdoutLine: {'line': b'running install\n'}
[8.898287] (trover_communication) StdoutLine: {'line': b'running install_lib\n'}
[8.910694] (trover_communication) StdoutLine: {'line': b'running install_data\n'}
[8.913556] (trover_communication) StdoutLine: {'line': b'running install_egg_info\n'}
[8.922247] (trover_communication) StdoutLine: {'line': b"removing '/home/elizabeth/MREN203_Trover/install/trover_communication/lib/python3.10/site-packages/trover_communication-0.0.0-py3.10.egg-info' (and everything under it)\n"}
[8.922540] (trover_communication) StdoutLine: {'line': b'Copying ../../build/trover_communication/trover_communication.egg-info to /home/elizabeth/MREN203_Trover/install/trover_communication/lib/python3.10/site-packages/trover_communication-0.0.0-py3.10.egg-info\n'}
[8.928506] (trover_communication) StdoutLine: {'line': b'running install_scripts\n'}
[8.938352] (trover_bringup) StdoutLine: {'line': b'-- Install configuration: ""\n'}
[8.939575] (trover_bringup) StdoutLine: {'line': b'-- Up-to-date: /home/elizabeth/MREN203_Trover/install/trover_bringup/share/trover_bringup//launch\n'}
[8.939913] (trover_bringup) StdoutLine: {'line': b'-- Up-to-date: /home/elizabeth/MREN203_Trover/install/trover_bringup/share/trover_bringup//launch/simulated_robot.launch.py\n'}
[8.940239] (trover_bringup) StdoutLine: {'line': b'-- Up-to-date: /home/elizabeth/MREN203_Trover/install/trover_bringup/share/trover_bringup//launch/no_gazebo.launch.py\n'}
[8.940936] (trover_bringup) StdoutLine: {'line': b'-- Up-to-date: /home/elizabeth/MREN203_Trover/install/trover_bringup/share/trover_bringup//launch/real_robot.launch.py\n'}
[8.941220] (trover_bringup) StdoutLine: {'line': b'-- Up-to-date: /home/elizabeth/MREN203_Trover/install/trover_bringup/share/ament_index/resource_index/package_run_dependencies/trover_bringup\n'}
[8.941708] (trover_bringup) StdoutLine: {'line': b'-- Up-to-date: /home/elizabeth/MREN203_Trover/install/trover_bringup/share/ament_index/resource_index/parent_prefix_path/trover_bringup\n'}
[8.942111] (trover_bringup) StdoutLine: {'line': b'-- Up-to-date: /home/elizabeth/MREN203_Trover/install/trover_bringup/share/trover_bringup/environment/ament_prefix_path.sh\n'}
[8.942482] (trover_bringup) StdoutLine: {'line': b'-- Up-to-date: /home/elizabeth/MREN203_Trover/install/trover_bringup/share/trover_bringup/environment/ament_prefix_path.dsv\n'}
[8.942866] (trover_bringup) StdoutLine: {'line': b'-- Up-to-date: /home/elizabeth/MREN203_Trover/install/trover_bringup/share/trover_bringup/environment/path.sh\n'}
[8.943342] (trover_bringup) StdoutLine: {'line': b'-- Up-to-date: /home/elizabeth/MREN203_Trover/install/trover_bringup/share/trover_bringup/environment/path.dsv\n'}
[8.944042] (trover_bringup) StdoutLine: {'line': b'-- Up-to-date: /home/elizabeth/MREN203_Trover/install/trover_bringup/share/trover_bringup/local_setup.bash\n'}
[8.944462] (trover_bringup) StdoutLine: {'line': b'-- Up-to-date: /home/elizabeth/MREN203_Trover/install/trover_bringup/share/trover_bringup/local_setup.sh\n'}
[8.948360] (trover_bringup) StdoutLine: {'line': b'-- Up-to-date: /home/elizabeth/MREN203_Trover/install/trover_bringup/share/trover_bringup/local_setup.zsh\n'}
[8.948597] (trover_bringup) StdoutLine: {'line': b'-- Up-to-date: /home/elizabeth/MREN203_Trover/install/trover_bringup/share/trover_bringup/local_setup.dsv\n'}
[8.948745] (trover_bringup) StdoutLine: {'line': b'-- Installing: /home/elizabeth/MREN203_Trover/install/trover_bringup/share/trover_bringup/package.dsv\n'}
[8.952947] (trover_bringup) StdoutLine: {'line': b'-- Up-to-date: /home/elizabeth/MREN203_Trover/install/trover_bringup/share/ament_index/resource_index/packages/trover_bringup\n'}
[8.953842] (trover_bringup) StdoutLine: {'line': b'-- Up-to-date: /home/elizabeth/MREN203_Trover/install/trover_bringup/share/trover_bringup/cmake/trover_bringupConfig.cmake\n'}
[8.954019] (-) TimerEvent: {}
[8.962037] (trover_bringup) StdoutLine: {'line': b'-- Up-to-date: /home/elizabeth/MREN203_Trover/install/trover_bringup/share/trover_bringup/cmake/trover_bringupConfig-version.cmake\n'}
[8.970065] (trover_bringup) StdoutLine: {'line': b'-- Up-to-date: /home/elizabeth/MREN203_Trover/install/trover_bringup/share/trover_bringup/package.xml\n'}
[8.970178] (trover_bringup) CommandEnded: {'returncode': 0}
[9.014694] (trover_communication) StdoutLine: {'line': b'Installing trover_serial_comm script to /home/elizabeth/MREN203_Trover/install/trover_communication/lib/trover_communication\n'}
[9.016874] (trover_communication) StdoutLine: {'line': b"writing list of installed files to '/home/elizabeth/MREN203_Trover/build/trover_communication/install.log'\n"}
[9.051007] (trover_bringup) JobEnded: {'identifier': 'trover_bringup', 'rc': 0}
[9.055010] (-) TimerEvent: {}
[9.122029] (trover_communication) CommandEnded: {'returncode': 0}
[9.156623] (-) TimerEvent: {}
[9.181723] (trover_communication) JobEnded: {'identifier': 'trover_communication', 'rc': 0}
[9.186599] (-) EventReactorShutdown: {}
