[0.000000] (-) TimerEvent: {}
[0.000479] (trover_communication) JobQueued: {'identifier': 'trover_communication', 'dependencies': OrderedDict()}
[0.000561] (trover_description) JobQueued: {'identifier': 'trover_description', 'dependencies': OrderedDict()}
[0.002036] (trover_drivers) JobQueued: {'identifier': 'trover_drivers', 'dependencies': OrderedDict()}
[0.002092] (trover_navigation) JobQueued: {'identifier': 'trover_navigation', 'dependencies': OrderedDict()}
[0.002107] (trover_slam) JobQueued: {'identifier': 'trover_slam', 'dependencies': OrderedDict()}
[0.002122] (trover_state_estimation) JobQueued: {'identifier': 'trover_state_estimation', 'dependencies': OrderedDict()}
[0.002135] (trover_bringup) JobQueued: {'identifier': 'trover_bringup', 'dependencies': OrderedDict([('trover_communication', '/home/elizabeth/MREN203_Trover/install/trover_communication'), ('trover_description', '/home/elizabeth/MREN203_Trover/install/trover_description'), ('trover_navigation', '/home/elizabeth/MREN203_Trover/install/trover_navigation'), ('trover_slam', '/home/elizabeth/MREN203_Trover/install/trover_slam'), ('trover_state_estimation', '/home/elizabeth/MREN203_Trover/install/trover_state_estimation')])}
[0.002174] (trover_communication) JobStarted: {'identifier': 'trover_communication'}
[0.066701] (trover_description) JobStarted: {'identifier': 'trover_description'}
[0.347105] (-) TimerEvent: {}
[0.498813] (-) TimerEvent: {}
[0.503729] (trover_description) JobProgress: {'identifier': 'trover_description', 'progress': 'cmake'}
[0.503828] (trover_description) Command: {'cmd': ['/usr/bin/cmake', '/home/elizabeth/MREN203_Trover/src/trover_description', '-DCMAKE_INSTALL_PREFIX=/home/elizabeth/MREN203_Trover/install/trover_description'], 'cwd': '/home/elizabeth/MREN203_Trover/build/trover_description', 'env': OrderedDict([('LESSOPEN', '| /usr/bin/lesspipe %s'), ('LANGUAGE', 'en_CA:en'), ('USER', 'elizabeth'), ('XDG_SESSION_TYPE', 'wayland'), ('SHLVL', '1'), ('LD_LIBRARY_PATH', '/usr/lib/x86_64-linux-gnu/gazebo-11/plugins:/opt/ros/humble/opt/rviz_ogre_vendor/lib:/opt/ros/humble/lib/x86_64-linux-gnu:/opt/ros/humble/lib'), ('HOME', '/home/elizabeth'), ('DESKTOP_SESSION', 'ubuntu'), ('ROS_PYTHON_VERSION', '3'), ('GNOME_SHELL_SESSION_MODE', 'ubuntu'), ('GTK_MODULES', 'gail:atk-bridge'), ('DBUS_STARTER_BUS_TYPE', 'session'), ('SYSTEMD_EXEC_PID', '1250'), ('DBUS_SESSION_BUS_ADDRESS', 'unix:path=/run/user/1000/bus,guid=5efbeddd5bba6a1c394439d869c19d4f'), ('COLORTERM', 'truecolor'), ('IM_CONFIG_PHASE', '1'), ('WAYLAND_DISPLAY', 'wayland-0'), ('ROS_DISTRO', 'humble'), ('LOGNAME', 'elizabeth'), ('_', '/usr/bin/colcon'), ('ROS_VERSION', '2'), ('XDG_SESSION_CLASS', 'user'), ('USERNAME', 'elizabeth'), ('TERM', 'xterm-256color'), ('GNOME_DESKTOP_SESSION_ID', 'this-is-deprecated'), ('ROS_LOCALHOST_ONLY', '0'), ('PATH', '/opt/ros/humble/bin:/usr/local/sbin:/usr/local/bin:/usr/sbin:/usr/bin:/sbin:/bin:/usr/games:/usr/local/games:/snap/bin:/snap/bin'), ('SESSION_MANAGER', 'local/elizabeth-VirtualBox:@/tmp/.ICE-unix/1250,unix/elizabeth-VirtualBox:/tmp/.ICE-unix/1250'), ('XDG_MENU_PREFIX', 'gnome-'), ('GNOME_TERMINAL_SCREEN', '/org/gnome/Terminal/screen/bf2c41e9_49f1_483c_9057_c74089385af8'), ('GNOME_SETUP_DISPLAY', ':1'), ('XDG_RUNTIME_DIR', '/run/user/1000'), ('DISPLAY', ':0'), ('LANG', 'en_US.UTF-8'), ('XDG_CURRENT_DESKTOP', 'ubuntu:GNOME'), ('XMODIFIERS', '@im=ibus'), ('XDG_SESSION_DESKTOP', 'ubuntu'), ('XAUTHORITY', '/run/user/1000/.mutter-Xwaylandauth.DH9RM3'), ('LS_COLORS', 'rs=0:di=01;34:ln=01;36:mh=00:pi=40;33:so=01;35:do=01;35:bd=40;33;01:cd=40;33;01:or=40;31;01:mi=00:su=37;41:sg=30;43:ca=30;41:tw=30;42:ow=34;42:st=37;44:ex=01;32:*.tar=01;31:*.tgz=01;31:*.arc=01;31:*.arj=01;31:*.taz=01;31:*.lha=01;31:*.lz4=01;31:*.lzh=01;31:*.lzma=01;31:*.tlz=01;31:*.txz=01;31:*.tzo=01;31:*.t7z=01;31:*.zip=01;31:*.z=01;31:*.dz=01;31:*.gz=01;31:*.lrz=01;31:*.lz=01;31:*.lzo=01;31:*.xz=01;31:*.zst=01;31:*.tzst=01;31:*.bz2=01;31:*.bz=01;31:*.tbz=01;31:*.tbz2=01;31:*.tz=01;31:*.deb=01;31:*.rpm=01;31:*.jar=01;31:*.war=01;31:*.ear=01;31:*.sar=01;31:*.rar=01;31:*.alz=01;31:*.ace=01;31:*.zoo=01;31:*.cpio=01;31:*.7z=01;31:*.rz=01;31:*.cab=01;31:*.wim=01;31:*.swm=01;31:*.dwm=01;31:*.esd=01;31:*.jpg=01;35:*.jpeg=01;35:*.mjpg=01;35:*.mjpeg=01;35:*.gif=01;35:*.bmp=01;35:*.pbm=01;35:*.pgm=01;35:*.ppm=01;35:*.tga=01;35:*.xbm=01;35:*.xpm=01;35:*.tif=01;35:*.tiff=01;35:*.png=01;35:*.svg=01;35:*.svgz=01;35:*.mng=01;35:*.pcx=01;35:*.mov=01;35:*.mpg=01;35:*.mpeg=01;35:*.m2v=01;35:*.mkv=01;35:*.webm=01;35:*.webp=01;35:*.ogm=01;35:*.mp4=01;35:*.m4v=01;35:*.mp4v=01;35:*.vob=01;35:*.qt=01;35:*.nuv=01;35:*.wmv=01;35:*.asf=01;35:*.rm=01;35:*.rmvb=01;35:*.flc=01;35:*.avi=01;35:*.fli=01;35:*.flv=01;35:*.gl=01;35:*.dl=01;35:*.xcf=01;35:*.xwd=01;35:*.yuv=01;35:*.cgm=01;35:*.emf=01;35:*.ogv=01;35:*.ogx=01;35:*.aac=00;36:*.au=00;36:*.flac=00;36:*.m4a=00;36:*.mid=00;36:*.midi=00;36:*.mka=00;36:*.mp3=00;36:*.mpc=00;36:*.ogg=00;36:*.ra=00;36:*.wav=00;36:*.oga=00;36:*.opus=00;36:*.spx=00;36:*.xspf=00;36:'), ('GNOME_TERMINAL_SERVICE', ':1.119'), ('SSH_AGENT_LAUNCHER', 'gnome-keyring'), ('SSH_AUTH_SOCK', '/run/user/1000/keyring/ssh'), ('AMENT_PREFIX_PATH', '/opt/ros/humble'), ('SHELL', '/bin/bash'), ('QT_ACCESSIBILITY', '1'), ('GDMSESSION', 'ubuntu'), ('LESSCLOSE', '/usr/bin/lesspipe %s %s'), ('QT_IM_MODULE', 'ibus'), ('PWD', '/home/elizabeth/MREN203_Trover/build/trover_description'), ('LC_ALL', 'en_US.UTF-8'), ('XDG_CONFIG_DIRS', '/etc/xdg/xdg-ubuntu:/etc/xdg'), ('DBUS_STARTER_ADDRESS', 'unix:path=/run/user/1000/bus,guid=5efbeddd5bba6a1c394439d869c19d4f'), ('XDG_DATA_DIRS', '/usr/share/ubuntu:/usr/local/share/:/usr/share/:/var/lib/snapd/desktop'), ('PYTHONPATH', '/opt/ros/humble/lib/python3.10/site-packages:/opt/ros/humble/local/lib/python3.10/dist-packages'), ('COLCON', '1'), ('VTE_VERSION', '6800'), ('CMAKE_PREFIX_PATH', '/opt/ros/humble')]), 'shell': False}
[0.600799] (-) TimerEvent: {}
[0.703424] (-) TimerEvent: {}
[0.805066] (-) TimerEvent: {}
[0.907528] (-) TimerEvent: {}
[1.014815] (-) TimerEvent: {}
[1.115718] (-) TimerEvent: {}
[1.218307] (-) TimerEvent: {}
[1.322615] (-) TimerEvent: {}
[1.423409] (-) TimerEvent: {}
[1.524382] (-) TimerEvent: {}
[1.626580] (-) TimerEvent: {}
[1.696480] (trover_description) StdoutLine: {'line': b'-- The C compiler identification is GNU 11.4.0\n'}
[1.728203] (-) TimerEvent: {}
[1.765693] (trover_communication) Command: {'cmd': ['/usr/bin/python3', '-W', 'ignore:setup.py install is deprecated', '-W', 'ignore:easy_install command is deprecated', 'setup.py', 'egg_info', '--egg-base', '../../build/trover_communication', 'build', '--build-base', '/home/elizabeth/MREN203_Trover/build/trover_communication/build', 'install', '--record', '/home/elizabeth/MREN203_Trover/build/trover_communication/install.log', '--single-version-externally-managed', 'install_data'], 'cwd': '/home/elizabeth/MREN203_Trover/src/trover_communication', 'env': {'LESSOPEN': '| /usr/bin/lesspipe %s', 'LANGUAGE': 'en_CA:en', 'USER': 'elizabeth', 'XDG_SESSION_TYPE': 'wayland', 'SHLVL': '1', 'LD_LIBRARY_PATH': '/usr/lib/x86_64-linux-gnu/gazebo-11/plugins:/opt/ros/humble/opt/rviz_ogre_vendor/lib:/opt/ros/humble/lib/x86_64-linux-gnu:/opt/ros/humble/lib', 'HOME': '/home/elizabeth', 'DESKTOP_SESSION': 'ubuntu', 'ROS_PYTHON_VERSION': '3', 'GNOME_SHELL_SESSION_MODE': 'ubuntu', 'GTK_MODULES': 'gail:atk-bridge', 'DBUS_STARTER_BUS_TYPE': 'session', 'SYSTEMD_EXEC_PID': '1250', 'DBUS_SESSION_BUS_ADDRESS': 'unix:path=/run/user/1000/bus,guid=5efbeddd5bba6a1c394439d869c19d4f', 'COLORTERM': 'truecolor', 'IM_CONFIG_PHASE': '1', 'WAYLAND_DISPLAY': 'wayland-0', 'ROS_DISTRO': 'humble', 'LOGNAME': 'elizabeth', '_': '/usr/bin/colcon', 'ROS_VERSION': '2', 'XDG_SESSION_CLASS': 'user', 'USERNAME': 'elizabeth', 'TERM': 'xterm-256color', 'GNOME_DESKTOP_SESSION_ID': 'this-is-deprecated', 'ROS_LOCALHOST_ONLY': '0', 'PATH': '/opt/ros/humble/bin:/usr/local/sbin:/usr/local/bin:/usr/sbin:/usr/bin:/sbin:/bin:/usr/games:/usr/local/games:/snap/bin:/snap/bin', 'SESSION_MANAGER': 'local/elizabeth-VirtualBox:@/tmp/.ICE-unix/1250,unix/elizabeth-VirtualBox:/tmp/.ICE-unix/1250', 'XDG_MENU_PREFIX': 'gnome-', 'GNOME_TERMINAL_SCREEN': '/org/gnome/Terminal/screen/bf2c41e9_49f1_483c_9057_c74089385af8', 'GNOME_SETUP_DISPLAY': ':1', 'XDG_RUNTIME_DIR': '/run/user/1000', 'DISPLAY': ':0', 'LANG': 'en_US.UTF-8', 'XDG_CURRENT_DESKTOP': 'ubuntu:GNOME', 'XMODIFIERS': '@im=ibus', 'XDG_SESSION_DESKTOP': 'ubuntu', 'XAUTHORITY': '/run/user/1000/.mutter-Xwaylandauth.DH9RM3', 'LS_COLORS': 'rs=0:di=01;34:ln=01;36:mh=00:pi=40;33:so=01;35:do=01;35:bd=40;33;01:cd=40;33;01:or=40;31;01:mi=00:su=37;41:sg=30;43:ca=30;41:tw=30;42:ow=34;42:st=37;44:ex=01;32:*.tar=01;31:*.tgz=01;31:*.arc=01;31:*.arj=01;31:*.taz=01;31:*.lha=01;31:*.lz4=01;31:*.lzh=01;31:*.lzma=01;31:*.tlz=01;31:*.txz=01;31:*.tzo=01;31:*.t7z=01;31:*.zip=01;31:*.z=01;31:*.dz=01;31:*.gz=01;31:*.lrz=01;31:*.lz=01;31:*.lzo=01;31:*.xz=01;31:*.zst=01;31:*.tzst=01;31:*.bz2=01;31:*.bz=01;31:*.tbz=01;31:*.tbz2=01;31:*.tz=01;31:*.deb=01;31:*.rpm=01;31:*.jar=01;31:*.war=01;31:*.ear=01;31:*.sar=01;31:*.rar=01;31:*.alz=01;31:*.ace=01;31:*.zoo=01;31:*.cpio=01;31:*.7z=01;31:*.rz=01;31:*.cab=01;31:*.wim=01;31:*.swm=01;31:*.dwm=01;31:*.esd=01;31:*.jpg=01;35:*.jpeg=01;35:*.mjpg=01;35:*.mjpeg=01;35:*.gif=01;35:*.bmp=01;35:*.pbm=01;35:*.pgm=01;35:*.ppm=01;35:*.tga=01;35:*.xbm=01;35:*.xpm=01;35:*.tif=01;35:*.tiff=01;35:*.png=01;35:*.svg=01;35:*.svgz=01;35:*.mng=01;35:*.pcx=01;35:*.mov=01;35:*.mpg=01;35:*.mpeg=01;35:*.m2v=01;35:*.mkv=01;35:*.webm=01;35:*.webp=01;35:*.ogm=01;35:*.mp4=01;35:*.m4v=01;35:*.mp4v=01;35:*.vob=01;35:*.qt=01;35:*.nuv=01;35:*.wmv=01;35:*.asf=01;35:*.rm=01;35:*.rmvb=01;35:*.flc=01;35:*.avi=01;35:*.fli=01;35:*.flv=01;35:*.gl=01;35:*.dl=01;35:*.xcf=01;35:*.xwd=01;35:*.yuv=01;35:*.cgm=01;35:*.emf=01;35:*.ogv=01;35:*.ogx=01;35:*.aac=00;36:*.au=00;36:*.flac=00;36:*.m4a=00;36:*.mid=00;36:*.midi=00;36:*.mka=00;36:*.mp3=00;36:*.mpc=00;36:*.ogg=00;36:*.ra=00;36:*.wav=00;36:*.oga=00;36:*.opus=00;36:*.spx=00;36:*.xspf=00;36:', 'GNOME_TERMINAL_SERVICE': ':1.119', 'SSH_AGENT_LAUNCHER': 'gnome-keyring', 'SSH_AUTH_SOCK': '/run/user/1000/keyring/ssh', 'AMENT_PREFIX_PATH': '/opt/ros/humble', 'SHELL': '/bin/bash', 'QT_ACCESSIBILITY': '1', 'GDMSESSION': 'ubuntu', 'LESSCLOSE': '/usr/bin/lesspipe %s %s', 'QT_IM_MODULE': 'ibus', 'PWD': '/home/elizabeth/MREN203_Trover/build/trover_communication', 'LC_ALL': 'en_US.UTF-8', 'XDG_CONFIG_DIRS': '/etc/xdg/xdg-ubuntu:/etc/xdg', 'DBUS_STARTER_ADDRESS': 'unix:path=/run/user/1000/bus,guid=5efbeddd5bba6a1c394439d869c19d4f', 'XDG_DATA_DIRS': '/usr/share/ubuntu:/usr/local/share/:/usr/share/:/var/lib/snapd/desktop', 'PYTHONPATH': '/home/elizabeth/MREN203_Trover/build/trover_communication/prefix_override:/usr/lib/python3/dist-packages/colcon_core/task/python/colcon_distutils_commands:/home/elizabeth/MREN203_Trover/install/trover_communication/lib/python3.10/site-packages:/opt/ros/humble/lib/python3.10/site-packages:/opt/ros/humble/local/lib/python3.10/dist-packages', 'COLCON': '1', 'VTE_VERSION': '6800'}, 'shell': False}
[1.829087] (-) TimerEvent: {}
[1.931392] (-) TimerEvent: {}
[2.038894] (-) TimerEvent: {}
[2.075278] (trover_description) StdoutLine: {'line': b'-- The CXX compiler identification is GNU 11.4.0\n'}
[2.133959] (trover_description) StdoutLine: {'line': b'-- Detecting C compiler ABI info\n'}
[2.143492] (-) TimerEvent: {}
[2.246062] (-) TimerEvent: {}
[2.348464] (-) TimerEvent: {}
[2.363466] (trover_communication) StdoutLine: {'line': b'running egg_info\n'}
[2.365827] (trover_communication) StdoutLine: {'line': b'creating ../../build/trover_communication/trover_communication.egg-info\n'}
[2.366318] (trover_communication) StdoutLine: {'line': b'writing ../../build/trover_communication/trover_communication.egg-info/PKG-INFO\n'}
[2.366991] (trover_communication) StdoutLine: {'line': b'writing dependency_links to ../../build/trover_communication/trover_communication.egg-info/dependency_links.txt\n'}
[2.367315] (trover_communication) StdoutLine: {'line': b'writing entry points to ../../build/trover_communication/trover_communication.egg-info/entry_points.txt\n'}
[2.367723] (trover_communication) StdoutLine: {'line': b'writing requirements to ../../build/trover_communication/trover_communication.egg-info/requires.txt\n'}
[2.367973] (trover_communication) StdoutLine: {'line': b'writing top-level names to ../../build/trover_communication/trover_communication.egg-info/top_level.txt\n'}
[2.370882] (trover_communication) StdoutLine: {'line': b"writing manifest file '../../build/trover_communication/trover_communication.egg-info/SOURCES.txt'\n"}
[2.371123] (trover_communication) StdoutLine: {'line': b"reading manifest file '../../build/trover_communication/trover_communication.egg-info/SOURCES.txt'\n"}
[2.372353] (trover_communication) StdoutLine: {'line': b"writing manifest file '../../build/trover_communication/trover_communication.egg-info/SOURCES.txt'\n"}
[2.373866] (trover_communication) StdoutLine: {'line': b'running build\n'}
[2.374162] (trover_communication) StdoutLine: {'line': b'running build_py\n'}
[2.374821] (trover_communication) StdoutLine: {'line': b'creating /home/elizabeth/MREN203_Trover/build/trover_communication/build\n'}
[2.375744] (trover_communication) StdoutLine: {'line': b'creating /home/elizabeth/MREN203_Trover/build/trover_communication/build/lib\n'}
[2.376106] (trover_communication) StdoutLine: {'line': b'creating /home/elizabeth/MREN203_Trover/build/trover_communication/build/lib/trover_communication\n'}
[2.377039] (trover_communication) StdoutLine: {'line': b'copying trover_communication/trover_serial_comm.py -> /home/elizabeth/MREN203_Trover/build/trover_communication/build/lib/trover_communication\n'}
[2.377913] (trover_communication) StdoutLine: {'line': b'copying trover_communication/__init__.py -> /home/elizabeth/MREN203_Trover/build/trover_communication/build/lib/trover_communication\n'}
[2.378130] (trover_communication) StdoutLine: {'line': b'running install\n'}
[2.378918] (trover_communication) StdoutLine: {'line': b'running install_lib\n'}
[2.381574] (trover_communication) StdoutLine: {'line': b'creating /home/elizabeth/MREN203_Trover/install/trover_communication/lib/python3.10/site-packages/trover_communication\n'}
[2.383556] (trover_communication) StdoutLine: {'line': b'copying /home/elizabeth/MREN203_Trover/build/trover_communication/build/lib/trover_communication/trover_serial_comm.py -> /home/elizabeth/MREN203_Trover/install/trover_communication/lib/python3.10/site-packages/trover_communication\n'}
[2.385315] (trover_communication) StdoutLine: {'line': b'copying /home/elizabeth/MREN203_Trover/build/trover_communication/build/lib/trover_communication/__init__.py -> /home/elizabeth/MREN203_Trover/install/trover_communication/lib/python3.10/site-packages/trover_communication\n'}
[2.385851] (trover_communication) StdoutLine: {'line': b'byte-compiling /home/elizabeth/MREN203_Trover/install/trover_communication/lib/python3.10/site-packages/trover_communication/trover_serial_comm.py to trover_serial_comm.cpython-310.pyc\n'}
[2.388234] (trover_communication) StdoutLine: {'line': b'byte-compiling /home/elizabeth/MREN203_Trover/install/trover_communication/lib/python3.10/site-packages/trover_communication/__init__.py to __init__.cpython-310.pyc\n'}
[2.388940] (trover_communication) StdoutLine: {'line': b'running install_data\n'}
[2.389284] (trover_communication) StdoutLine: {'line': b'creating /home/elizabeth/MREN203_Trover/install/trover_communication/share/ament_index\n'}
[2.389615] (trover_communication) StdoutLine: {'line': b'creating /home/elizabeth/MREN203_Trover/install/trover_communication/share/ament_index/resource_index\n'}
[2.389864] (trover_communication) StdoutLine: {'line': b'creating /home/elizabeth/MREN203_Trover/install/trover_communication/share/ament_index/resource_index/packages\n'}
[2.390259] (trover_communication) StdoutLine: {'line': b'copying resource/trover_communication -> /home/elizabeth/MREN203_Trover/install/trover_communication/share/ament_index/resource_index/packages\n'}
[2.390415] (trover_communication) StdoutLine: {'line': b'copying package.xml -> /home/elizabeth/MREN203_Trover/install/trover_communication/share/trover_communication\n'}
[2.390686] (trover_communication) StdoutLine: {'line': b'running install_egg_info\n'}
[2.395188] (trover_communication) StdoutLine: {'line': b'Copying ../../build/trover_communication/trover_communication.egg-info to /home/elizabeth/MREN203_Trover/install/trover_communication/lib/python3.10/site-packages/trover_communication-0.0.0-py3.10.egg-info\n'}
[2.395683] (trover_communication) StdoutLine: {'line': b'running install_scripts\n'}
[2.412275] (trover_description) StdoutLine: {'line': b'-- Detecting C compiler ABI info - done\n'}
[2.420410] (trover_description) StdoutLine: {'line': b'-- Check for working C compiler: /usr/bin/cc - skipped\n'}
[2.423485] (trover_description) StdoutLine: {'line': b'-- Detecting C compile features\n'}
[2.427629] (trover_description) StdoutLine: {'line': b'-- Detecting C compile features - done\n'}
[2.443408] (trover_description) StdoutLine: {'line': b'-- Detecting CXX compiler ABI info\n'}
[2.449727] (-) TimerEvent: {}
[2.460090] (trover_communication) StdoutLine: {'line': b'Installing trover_serial_comm script to /home/elizabeth/MREN203_Trover/install/trover_communication/lib/trover_communication\n'}
[2.479233] (trover_communication) StdoutLine: {'line': b"writing list of installed files to '/home/elizabeth/MREN203_Trover/build/trover_communication/install.log'\n"}
[2.532433] (trover_communication) CommandEnded: {'returncode': 0}
[2.550999] (-) TimerEvent: {}
[2.608846] (trover_communication) JobEnded: {'identifier': 'trover_communication', 'rc': 0}
[2.613182] (trover_navigation) JobStarted: {'identifier': 'trover_navigation'}
[2.664103] (trover_description) StdoutLine: {'line': b'-- Detecting CXX compiler ABI info - done\n'}
[2.664393] (-) TimerEvent: {}
[2.671686] (trover_description) StdoutLine: {'line': b'-- Check for working CXX compiler: /usr/bin/c++ - skipped\n'}
[2.673100] (trover_description) StdoutLine: {'line': b'-- Detecting CXX compile features\n'}
[2.674491] (trover_description) StdoutLine: {'line': b'-- Detecting CXX compile features - done\n'}
[2.725919] (trover_description) StdoutLine: {'line': b'-- Found ament_cmake: 1.3.13 (/opt/ros/humble/share/ament_cmake/cmake)\n'}
[2.766355] (-) TimerEvent: {}
[2.869270] (-) TimerEvent: {}
[2.983874] (-) TimerEvent: {}
[3.035274] (trover_description) StdoutLine: {'line': b'-- Found Python3: /usr/bin/python3 (found version "3.10.12") found components: Interpreter \n'}
[3.086157] (-) TimerEvent: {}
[3.189471] (-) TimerEvent: {}
[3.290365] (-) TimerEvent: {}
[3.393501] (-) TimerEvent: {}
[3.494693] (-) TimerEvent: {}
[3.564741] (trover_description) StdoutLine: {'line': b'-- Found xacro: 2.1.1 (/opt/ros/humble/share/xacro/cmake)\n'}
[3.669505] (-) TimerEvent: {}
[3.701611] (trover_description) StdoutLine: {'line': b'-- Configuring done\n'}
[3.703013] (trover_description) StdoutLine: {'line': b'-- Generating done\n'}
[3.714667] (trover_description) StdoutLine: {'line': b'-- Build files have been written to: /home/elizabeth/MREN203_Trover/build/trover_description\n'}
[3.724170] (trover_description) CommandEnded: {'returncode': 0}
[3.724783] (trover_description) JobProgress: {'identifier': 'trover_description', 'progress': 'build'}
[3.725617] (trover_description) Command: {'cmd': ['/usr/bin/cmake', '--build', '/home/elizabeth/MREN203_Trover/build/trover_description', '--', '-j2', '-l2'], 'cwd': '/home/elizabeth/MREN203_Trover/build/trover_description', 'env': OrderedDict([('LESSOPEN', '| /usr/bin/lesspipe %s'), ('LANGUAGE', 'en_CA:en'), ('USER', 'elizabeth'), ('XDG_SESSION_TYPE', 'wayland'), ('SHLVL', '1'), ('LD_LIBRARY_PATH', '/usr/lib/x86_64-linux-gnu/gazebo-11/plugins:/opt/ros/humble/opt/rviz_ogre_vendor/lib:/opt/ros/humble/lib/x86_64-linux-gnu:/opt/ros/humble/lib'), ('HOME', '/home/elizabeth'), ('DESKTOP_SESSION', 'ubuntu'), ('ROS_PYTHON_VERSION', '3'), ('GNOME_SHELL_SESSION_MODE', 'ubuntu'), ('GTK_MODULES', 'gail:atk-bridge'), ('DBUS_STARTER_BUS_TYPE', 'session'), ('SYSTEMD_EXEC_PID', '1250'), ('DBUS_SESSION_BUS_ADDRESS', 'unix:path=/run/user/1000/bus,guid=5efbeddd5bba6a1c394439d869c19d4f'), ('COLORTERM', 'truecolor'), ('IM_CONFIG_PHASE', '1'), ('WAYLAND_DISPLAY', 'wayland-0'), ('ROS_DISTRO', 'humble'), ('LOGNAME', 'elizabeth'), ('_', '/usr/bin/colcon'), ('ROS_VERSION', '2'), ('XDG_SESSION_CLASS', 'user'), ('USERNAME', 'elizabeth'), ('TERM', 'xterm-256color'), ('GNOME_DESKTOP_SESSION_ID', 'this-is-deprecated'), ('ROS_LOCALHOST_ONLY', '0'), ('PATH', '/opt/ros/humble/bin:/usr/local/sbin:/usr/local/bin:/usr/sbin:/usr/bin:/sbin:/bin:/usr/games:/usr/local/games:/snap/bin:/snap/bin'), ('SESSION_MANAGER', 'local/elizabeth-VirtualBox:@/tmp/.ICE-unix/1250,unix/elizabeth-VirtualBox:/tmp/.ICE-unix/1250'), ('XDG_MENU_PREFIX', 'gnome-'), ('GNOME_TERMINAL_SCREEN', '/org/gnome/Terminal/screen/bf2c41e9_49f1_483c_9057_c74089385af8'), ('GNOME_SETUP_DISPLAY', ':1'), ('XDG_RUNTIME_DIR', '/run/user/1000'), ('DISPLAY', ':0'), ('LANG', 'en_US.UTF-8'), ('XDG_CURRENT_DESKTOP', 'ubuntu:GNOME'), ('XMODIFIERS', '@im=ibus'), ('XDG_SESSION_DESKTOP', 'ubuntu'), ('XAUTHORITY', '/run/user/1000/.mutter-Xwaylandauth.DH9RM3'), ('LS_COLORS', 'rs=0:di=01;34:ln=01;36:mh=00:pi=40;33:so=01;35:do=01;35:bd=40;33;01:cd=40;33;01:or=40;31;01:mi=00:su=37;41:sg=30;43:ca=30;41:tw=30;42:ow=34;42:st=37;44:ex=01;32:*.tar=01;31:*.tgz=01;31:*.arc=01;31:*.arj=01;31:*.taz=01;31:*.lha=01;31:*.lz4=01;31:*.lzh=01;31:*.lzma=01;31:*.tlz=01;31:*.txz=01;31:*.tzo=01;31:*.t7z=01;31:*.zip=01;31:*.z=01;31:*.dz=01;31:*.gz=01;31:*.lrz=01;31:*.lz=01;31:*.lzo=01;31:*.xz=01;31:*.zst=01;31:*.tzst=01;31:*.bz2=01;31:*.bz=01;31:*.tbz=01;31:*.tbz2=01;31:*.tz=01;31:*.deb=01;31:*.rpm=01;31:*.jar=01;31:*.war=01;31:*.ear=01;31:*.sar=01;31:*.rar=01;31:*.alz=01;31:*.ace=01;31:*.zoo=01;31:*.cpio=01;31:*.7z=01;31:*.rz=01;31:*.cab=01;31:*.wim=01;31:*.swm=01;31:*.dwm=01;31:*.esd=01;31:*.jpg=01;35:*.jpeg=01;35:*.mjpg=01;35:*.mjpeg=01;35:*.gif=01;35:*.bmp=01;35:*.pbm=01;35:*.pgm=01;35:*.ppm=01;35:*.tga=01;35:*.xbm=01;35:*.xpm=01;35:*.tif=01;35:*.tiff=01;35:*.png=01;35:*.svg=01;35:*.svgz=01;35:*.mng=01;35:*.pcx=01;35:*.mov=01;35:*.mpg=01;35:*.mpeg=01;35:*.m2v=01;35:*.mkv=01;35:*.webm=01;35:*.webp=01;35:*.ogm=01;35:*.mp4=01;35:*.m4v=01;35:*.mp4v=01;35:*.vob=01;35:*.qt=01;35:*.nuv=01;35:*.wmv=01;35:*.asf=01;35:*.rm=01;35:*.rmvb=01;35:*.flc=01;35:*.avi=01;35:*.fli=01;35:*.flv=01;35:*.gl=01;35:*.dl=01;35:*.xcf=01;35:*.xwd=01;35:*.yuv=01;35:*.cgm=01;35:*.emf=01;35:*.ogv=01;35:*.ogx=01;35:*.aac=00;36:*.au=00;36:*.flac=00;36:*.m4a=00;36:*.mid=00;36:*.midi=00;36:*.mka=00;36:*.mp3=00;36:*.mpc=00;36:*.ogg=00;36:*.ra=00;36:*.wav=00;36:*.oga=00;36:*.opus=00;36:*.spx=00;36:*.xspf=00;36:'), ('GNOME_TERMINAL_SERVICE', ':1.119'), ('SSH_AGENT_LAUNCHER', 'gnome-keyring'), ('SSH_AUTH_SOCK', '/run/user/1000/keyring/ssh'), ('AMENT_PREFIX_PATH', '/opt/ros/humble'), ('SHELL', '/bin/bash'), ('QT_ACCESSIBILITY', '1'), ('GDMSESSION', 'ubuntu'), ('LESSCLOSE', '/usr/bin/lesspipe %s %s'), ('QT_IM_MODULE', 'ibus'), ('PWD', '/home/elizabeth/MREN203_Trover/build/trover_description'), ('LC_ALL', 'en_US.UTF-8'), ('XDG_CONFIG_DIRS', '/etc/xdg/xdg-ubuntu:/etc/xdg'), ('DBUS_STARTER_ADDRESS', 'unix:path=/run/user/1000/bus,guid=5efbeddd5bba6a1c394439d869c19d4f'), ('XDG_DATA_DIRS', '/usr/share/ubuntu:/usr/local/share/:/usr/share/:/var/lib/snapd/desktop'), ('PYTHONPATH', '/opt/ros/humble/lib/python3.10/site-packages:/opt/ros/humble/local/lib/python3.10/dist-packages'), ('COLCON', '1'), ('VTE_VERSION', '6800'), ('CMAKE_PREFIX_PATH', '/opt/ros/humble')]), 'shell': False}
[3.773388] (-) TimerEvent: {}
[3.859534] (trover_description) CommandEnded: {'returncode': 0}
[3.860398] (trover_description) JobProgress: {'identifier': 'trover_description', 'progress': 'install'}
[3.873816] (-) TimerEvent: {}
[3.880885] (trover_description) Command: {'cmd': ['/usr/bin/cmake', '--install', '/home/elizabeth/MREN203_Trover/build/trover_description'], 'cwd': '/home/elizabeth/MREN203_Trover/build/trover_description', 'env': OrderedDict([('LESSOPEN', '| /usr/bin/lesspipe %s'), ('LANGUAGE', 'en_CA:en'), ('USER', 'elizabeth'), ('XDG_SESSION_TYPE', 'wayland'), ('SHLVL', '1'), ('LD_LIBRARY_PATH', '/usr/lib/x86_64-linux-gnu/gazebo-11/plugins:/opt/ros/humble/opt/rviz_ogre_vendor/lib:/opt/ros/humble/lib/x86_64-linux-gnu:/opt/ros/humble/lib'), ('HOME', '/home/elizabeth'), ('DESKTOP_SESSION', 'ubuntu'), ('ROS_PYTHON_VERSION', '3'), ('GNOME_SHELL_SESSION_MODE', 'ubuntu'), ('GTK_MODULES', 'gail:atk-bridge'), ('DBUS_STARTER_BUS_TYPE', 'session'), ('SYSTEMD_EXEC_PID', '1250'), ('DBUS_SESSION_BUS_ADDRESS', 'unix:path=/run/user/1000/bus,guid=5efbeddd5bba6a1c394439d869c19d4f'), ('COLORTERM', 'truecolor'), ('IM_CONFIG_PHASE', '1'), ('WAYLAND_DISPLAY', 'wayland-0'), ('ROS_DISTRO', 'humble'), ('LOGNAME', 'elizabeth'), ('_', '/usr/bin/colcon'), ('ROS_VERSION', '2'), ('XDG_SESSION_CLASS', 'user'), ('USERNAME', 'elizabeth'), ('TERM', 'xterm-256color'), ('GNOME_DESKTOP_SESSION_ID', 'this-is-deprecated'), ('ROS_LOCALHOST_ONLY', '0'), ('PATH', '/opt/ros/humble/bin:/usr/local/sbin:/usr/local/bin:/usr/sbin:/usr/bin:/sbin:/bin:/usr/games:/usr/local/games:/snap/bin:/snap/bin'), ('SESSION_MANAGER', 'local/elizabeth-VirtualBox:@/tmp/.ICE-unix/1250,unix/elizabeth-VirtualBox:/tmp/.ICE-unix/1250'), ('XDG_MENU_PREFIX', 'gnome-'), ('GNOME_TERMINAL_SCREEN', '/org/gnome/Terminal/screen/bf2c41e9_49f1_483c_9057_c74089385af8'), ('GNOME_SETUP_DISPLAY', ':1'), ('XDG_RUNTIME_DIR', '/run/user/1000'), ('DISPLAY', ':0'), ('LANG', 'en_US.UTF-8'), ('XDG_CURRENT_DESKTOP', 'ubuntu:GNOME'), ('XMODIFIERS', '@im=ibus'), ('XDG_SESSION_DESKTOP', 'ubuntu'), ('XAUTHORITY', '/run/user/1000/.mutter-Xwaylandauth.DH9RM3'), ('LS_COLORS', 'rs=0:di=01;34:ln=01;36:mh=00:pi=40;33:so=01;35:do=01;35:bd=40;33;01:cd=40;33;01:or=40;31;01:mi=00:su=37;41:sg=30;43:ca=30;41:tw=30;42:ow=34;42:st=37;44:ex=01;32:*.tar=01;31:*.tgz=01;31:*.arc=01;31:*.arj=01;31:*.taz=01;31:*.lha=01;31:*.lz4=01;31:*.lzh=01;31:*.lzma=01;31:*.tlz=01;31:*.txz=01;31:*.tzo=01;31:*.t7z=01;31:*.zip=01;31:*.z=01;31:*.dz=01;31:*.gz=01;31:*.lrz=01;31:*.lz=01;31:*.lzo=01;31:*.xz=01;31:*.zst=01;31:*.tzst=01;31:*.bz2=01;31:*.bz=01;31:*.tbz=01;31:*.tbz2=01;31:*.tz=01;31:*.deb=01;31:*.rpm=01;31:*.jar=01;31:*.war=01;31:*.ear=01;31:*.sar=01;31:*.rar=01;31:*.alz=01;31:*.ace=01;31:*.zoo=01;31:*.cpio=01;31:*.7z=01;31:*.rz=01;31:*.cab=01;31:*.wim=01;31:*.swm=01;31:*.dwm=01;31:*.esd=01;31:*.jpg=01;35:*.jpeg=01;35:*.mjpg=01;35:*.mjpeg=01;35:*.gif=01;35:*.bmp=01;35:*.pbm=01;35:*.pgm=01;35:*.ppm=01;35:*.tga=01;35:*.xbm=01;35:*.xpm=01;35:*.tif=01;35:*.tiff=01;35:*.png=01;35:*.svg=01;35:*.svgz=01;35:*.mng=01;35:*.pcx=01;35:*.mov=01;35:*.mpg=01;35:*.mpeg=01;35:*.m2v=01;35:*.mkv=01;35:*.webm=01;35:*.webp=01;35:*.ogm=01;35:*.mp4=01;35:*.m4v=01;35:*.mp4v=01;35:*.vob=01;35:*.qt=01;35:*.nuv=01;35:*.wmv=01;35:*.asf=01;35:*.rm=01;35:*.rmvb=01;35:*.flc=01;35:*.avi=01;35:*.fli=01;35:*.flv=01;35:*.gl=01;35:*.dl=01;35:*.xcf=01;35:*.xwd=01;35:*.yuv=01;35:*.cgm=01;35:*.emf=01;35:*.ogv=01;35:*.ogx=01;35:*.aac=00;36:*.au=00;36:*.flac=00;36:*.m4a=00;36:*.mid=00;36:*.midi=00;36:*.mka=00;36:*.mp3=00;36:*.mpc=00;36:*.ogg=00;36:*.ra=00;36:*.wav=00;36:*.oga=00;36:*.opus=00;36:*.spx=00;36:*.xspf=00;36:'), ('GNOME_TERMINAL_SERVICE', ':1.119'), ('SSH_AGENT_LAUNCHER', 'gnome-keyring'), ('SSH_AUTH_SOCK', '/run/user/1000/keyring/ssh'), ('AMENT_PREFIX_PATH', '/opt/ros/humble'), ('SHELL', '/bin/bash'), ('QT_ACCESSIBILITY', '1'), ('GDMSESSION', 'ubuntu'), ('LESSCLOSE', '/usr/bin/lesspipe %s %s'), ('QT_IM_MODULE', 'ibus'), ('PWD', '/home/elizabeth/MREN203_Trover/build/trover_description'), ('LC_ALL', 'en_US.UTF-8'), ('XDG_CONFIG_DIRS', '/etc/xdg/xdg-ubuntu:/etc/xdg'), ('DBUS_STARTER_ADDRESS', 'unix:path=/run/user/1000/bus,guid=5efbeddd5bba6a1c394439d869c19d4f'), ('XDG_DATA_DIRS', '/usr/share/ubuntu:/usr/local/share/:/usr/share/:/var/lib/snapd/desktop'), ('PYTHONPATH', '/opt/ros/humble/lib/python3.10/site-packages:/opt/ros/humble/local/lib/python3.10/dist-packages'), ('COLCON', '1'), ('VTE_VERSION', '6800'), ('CMAKE_PREFIX_PATH', '/opt/ros/humble')]), 'shell': False}
[3.883447] (trover_navigation) Command: {'cmd': ['/usr/bin/python3', '-W', 'ignore:setup.py install is deprecated', '-W', 'ignore:easy_install command is deprecated', 'setup.py', 'egg_info', '--egg-base', '../../build/trover_navigation', 'build', '--build-base', '/home/elizabeth/MREN203_Trover/build/trover_navigation/build', 'install', '--record', '/home/elizabeth/MREN203_Trover/build/trover_navigation/install.log', '--single-version-externally-managed', 'install_data'], 'cwd': '/home/elizabeth/MREN203_Trover/src/trover_navigation', 'env': {'LESSOPEN': '| /usr/bin/lesspipe %s', 'LANGUAGE': 'en_CA:en', 'USER': 'elizabeth', 'XDG_SESSION_TYPE': 'wayland', 'SHLVL': '1', 'LD_LIBRARY_PATH': '/usr/lib/x86_64-linux-gnu/gazebo-11/plugins:/opt/ros/humble/opt/rviz_ogre_vendor/lib:/opt/ros/humble/lib/x86_64-linux-gnu:/opt/ros/humble/lib', 'HOME': '/home/elizabeth', 'DESKTOP_SESSION': 'ubuntu', 'ROS_PYTHON_VERSION': '3', 'GNOME_SHELL_SESSION_MODE': 'ubuntu', 'GTK_MODULES': 'gail:atk-bridge', 'DBUS_STARTER_BUS_TYPE': 'session', 'SYSTEMD_EXEC_PID': '1250', 'DBUS_SESSION_BUS_ADDRESS': 'unix:path=/run/user/1000/bus,guid=5efbeddd5bba6a1c394439d869c19d4f', 'COLORTERM': 'truecolor', 'IM_CONFIG_PHASE': '1', 'WAYLAND_DISPLAY': 'wayland-0', 'ROS_DISTRO': 'humble', 'LOGNAME': 'elizabeth', '_': '/usr/bin/colcon', 'ROS_VERSION': '2', 'XDG_SESSION_CLASS': 'user', 'USERNAME': 'elizabeth', 'TERM': 'xterm-256color', 'GNOME_DESKTOP_SESSION_ID': 'this-is-deprecated', 'ROS_LOCALHOST_ONLY': '0', 'PATH': '/opt/ros/humble/bin:/usr/local/sbin:/usr/local/bin:/usr/sbin:/usr/bin:/sbin:/bin:/usr/games:/usr/local/games:/snap/bin:/snap/bin', 'SESSION_MANAGER': 'local/elizabeth-VirtualBox:@/tmp/.ICE-unix/1250,unix/elizabeth-VirtualBox:/tmp/.ICE-unix/1250', 'XDG_MENU_PREFIX': 'gnome-', 'GNOME_TERMINAL_SCREEN': '/org/gnome/Terminal/screen/bf2c41e9_49f1_483c_9057_c74089385af8', 'GNOME_SETUP_DISPLAY': ':1', 'XDG_RUNTIME_DIR': '/run/user/1000', 'DISPLAY': ':0', 'LANG': 'en_US.UTF-8', 'XDG_CURRENT_DESKTOP': 'ubuntu:GNOME', 'XMODIFIERS': '@im=ibus', 'XDG_SESSION_DESKTOP': 'ubuntu', 'XAUTHORITY': '/run/user/1000/.mutter-Xwaylandauth.DH9RM3', 'LS_COLORS': 'rs=0:di=01;34:ln=01;36:mh=00:pi=40;33:so=01;35:do=01;35:bd=40;33;01:cd=40;33;01:or=40;31;01:mi=00:su=37;41:sg=30;43:ca=30;41:tw=30;42:ow=34;42:st=37;44:ex=01;32:*.tar=01;31:*.tgz=01;31:*.arc=01;31:*.arj=01;31:*.taz=01;31:*.lha=01;31:*.lz4=01;31:*.lzh=01;31:*.lzma=01;31:*.tlz=01;31:*.txz=01;31:*.tzo=01;31:*.t7z=01;31:*.zip=01;31:*.z=01;31:*.dz=01;31:*.gz=01;31:*.lrz=01;31:*.lz=01;31:*.lzo=01;31:*.xz=01;31:*.zst=01;31:*.tzst=01;31:*.bz2=01;31:*.bz=01;31:*.tbz=01;31:*.tbz2=01;31:*.tz=01;31:*.deb=01;31:*.rpm=01;31:*.jar=01;31:*.war=01;31:*.ear=01;31:*.sar=01;31:*.rar=01;31:*.alz=01;31:*.ace=01;31:*.zoo=01;31:*.cpio=01;31:*.7z=01;31:*.rz=01;31:*.cab=01;31:*.wim=01;31:*.swm=01;31:*.dwm=01;31:*.esd=01;31:*.jpg=01;35:*.jpeg=01;35:*.mjpg=01;35:*.mjpeg=01;35:*.gif=01;35:*.bmp=01;35:*.pbm=01;35:*.pgm=01;35:*.ppm=01;35:*.tga=01;35:*.xbm=01;35:*.xpm=01;35:*.tif=01;35:*.tiff=01;35:*.png=01;35:*.svg=01;35:*.svgz=01;35:*.mng=01;35:*.pcx=01;35:*.mov=01;35:*.mpg=01;35:*.mpeg=01;35:*.m2v=01;35:*.mkv=01;35:*.webm=01;35:*.webp=01;35:*.ogm=01;35:*.mp4=01;35:*.m4v=01;35:*.mp4v=01;35:*.vob=01;35:*.qt=01;35:*.nuv=01;35:*.wmv=01;35:*.asf=01;35:*.rm=01;35:*.rmvb=01;35:*.flc=01;35:*.avi=01;35:*.fli=01;35:*.flv=01;35:*.gl=01;35:*.dl=01;35:*.xcf=01;35:*.xwd=01;35:*.yuv=01;35:*.cgm=01;35:*.emf=01;35:*.ogv=01;35:*.ogx=01;35:*.aac=00;36:*.au=00;36:*.flac=00;36:*.m4a=00;36:*.mid=00;36:*.midi=00;36:*.mka=00;36:*.mp3=00;36:*.mpc=00;36:*.ogg=00;36:*.ra=00;36:*.wav=00;36:*.oga=00;36:*.opus=00;36:*.spx=00;36:*.xspf=00;36:', 'GNOME_TERMINAL_SERVICE': ':1.119', 'SSH_AGENT_LAUNCHER': 'gnome-keyring', 'SSH_AUTH_SOCK': '/run/user/1000/keyring/ssh', 'AMENT_PREFIX_PATH': '/opt/ros/humble', 'SHELL': '/bin/bash', 'QT_ACCESSIBILITY': '1', 'GDMSESSION': 'ubuntu', 'LESSCLOSE': '/usr/bin/lesspipe %s %s', 'QT_IM_MODULE': 'ibus', 'PWD': '/home/elizabeth/MREN203_Trover/build/trover_navigation', 'LC_ALL': 'en_US.UTF-8', 'XDG_CONFIG_DIRS': '/etc/xdg/xdg-ubuntu:/etc/xdg', 'DBUS_STARTER_ADDRESS': 'unix:path=/run/user/1000/bus,guid=5efbeddd5bba6a1c394439d869c19d4f', 'XDG_DATA_DIRS': '/usr/share/ubuntu:/usr/local/share/:/usr/share/:/var/lib/snapd/desktop', 'PYTHONPATH': '/home/elizabeth/MREN203_Trover/build/trover_navigation/prefix_override:/usr/lib/python3/dist-packages/colcon_core/task/python/colcon_distutils_commands:/home/elizabeth/MREN203_Trover/install/trover_navigation/lib/python3.10/site-packages:/opt/ros/humble/lib/python3.10/site-packages:/opt/ros/humble/local/lib/python3.10/dist-packages', 'COLCON': '1', 'VTE_VERSION': '6800'}, 'shell': False}
[3.897336] (trover_description) StdoutLine: {'line': b'-- Install configuration: ""\n'}
[3.898000] (trover_description) StdoutLine: {'line': b'-- Installing: /home/elizabeth/MREN203_Trover/install/trover_description/share/trover_description/urdf\n'}
[3.898562] (trover_description) StdoutLine: {'line': b'-- Installing: /home/elizabeth/MREN203_Trover/install/trover_description/share/trover_description/urdf/trover_description.urdf.xacro\n'}
[3.911645] (trover_description) StdoutLine: {'line': b'-- Installing: /home/elizabeth/MREN203_Trover/install/trover_description/share/trover_description/launch\n'}
[3.912186] (trover_description) StdoutLine: {'line': b'-- Installing: /home/elizabeth/MREN203_Trover/install/trover_description/share/trover_description/launch/test_sensors.launch.py\n'}
[3.914843] (trover_description) StdoutLine: {'line': b'-- Installing: /home/elizabeth/MREN203_Trover/install/trover_description/share/trover_description/launch/display.launch.py\n'}
[3.920715] (trover_description) StdoutLine: {'line': b'-- Installing: /home/elizabeth/MREN203_Trover/install/trover_description/share/trover_description/launch/gazebo.launch.py\n'}
[3.922947] (trover_description) StdoutLine: {'line': b'-- Installing: /home/elizabeth/MREN203_Trover/install/trover_description/share/trover_description/rviz\n'}
[3.923995] (trover_description) StdoutLine: {'line': b'-- Installing: /home/elizabeth/MREN203_Trover/install/trover_description/share/trover_description/rviz/default.rviz\n'}
[3.926297] (trover_description) StdoutLine: {'line': b'-- Installing: /home/elizabeth/MREN203_Trover/install/trover_description/share/trover_description/rviz/default_nav.rviz\n'}
[3.929328] (trover_description) StdoutLine: {'line': b'-- Installing: /home/elizabeth/MREN203_Trover/install/trover_description/share/trover_description/worlds\n'}
[3.929708] (trover_description) StdoutLine: {'line': b'-- Installing: /home/elizabeth/MREN203_Trover/install/trover_description/share/trover_description/worlds/launch\n'}
[3.930645] (trover_description) StdoutLine: {'line': b'-- Installing: /home/elizabeth/MREN203_Trover/install/trover_description/share/trover_description/worlds/launch/small_house.launch\n'}
[3.932836] (trover_description) StdoutLine: {'line': b'-- Installing: /home/elizabeth/MREN203_Trover/install/trover_description/share/trover_description/worlds/launch/view_small_house.launch\n'}
[3.935257] (trover_description) StdoutLine: {'line': b'-- Installing: /home/elizabeth/MREN203_Trover/install/trover_description/share/trover_description/worlds/worlds\n'}
[3.936162] (trover_description) StdoutLine: {'line': b'-- Installing: /home/elizabeth/MREN203_Trover/install/trover_description/share/trover_description/worlds/worlds/small_house.world\n'}
[3.940211] (trover_description) StdoutLine: {'line': b'-- Installing: /home/elizabeth/MREN203_Trover/install/trover_description/share/trover_description/worlds/maps\n'}
[3.941056] (trover_description) StdoutLine: {'line': b'-- Installing: /home/elizabeth/MREN203_Trover/install/trover_description/share/trover_description/worlds/maps/turtlebot3_waffle_pi\n'}
[3.941255] (trover_description) StdoutLine: {'line': b'-- Installing: /home/elizabeth/MREN203_Trover/install/trover_description/share/trover_description/worlds/maps/turtlebot3_waffle_pi/map.yaml\n'}
[3.943502] (trover_description) StdoutLine: {'line': b'-- Installing: /home/elizabeth/MREN203_Trover/install/trover_description/share/trover_description/worlds/maps/turtlebot3_waffle_pi/map.pgm\n'}
[3.950399] (trover_description) StdoutLine: {'line': b'-- Installing: /home/elizabeth/MREN203_Trover/install/trover_description/share/trover_description/worlds/photos\n'}
[3.951132] (trover_description) StdoutLine: {'line': b'-- Installing: /home/elizabeth/MREN203_Trover/install/trover_description/share/trover_description/worlds/photos/DeskPortraitD_03.jpg\n'}
[3.958908] (trover_description) StdoutLine: {'line': b'-- Installing: /home/elizabeth/MREN203_Trover/install/trover_description/share/trover_description/worlds/photos/DeskPortraitB_01.jpg\n'}
[3.976451] (-) TimerEvent: {}
[3.978914] (trover_description) StdoutLine: {'line': b'-- Installing: /home/elizabeth/MREN203_Trover/install/trover_description/share/trover_description/worlds/photos/PortraitD_01.jpg\n'}
[3.985471] (trover_description) StdoutLine: {'line': b'-- Installing: /home/elizabeth/MREN203_Trover/install/trover_description/share/trover_description/worlds/photos/DeskPortraitC_01.jpg\n'}
[4.059163] (trover_description) StdoutLine: {'line': b'-- Installing: /home/elizabeth/MREN203_Trover/install/trover_description/share/trover_description/worlds/photos/PortraitD_02.jpg\n'}
[4.065676] (trover_description) StdoutLine: {'line': b'-- Installing: /home/elizabeth/MREN203_Trover/install/trover_description/share/trover_description/worlds/photos/PortraitA_01.jpg\n'}
[4.071421] (trover_description) StdoutLine: {'line': b'-- Installing: /home/elizabeth/MREN203_Trover/install/trover_description/share/trover_description/worlds/photos/DeskPortraitB_02.jpg\n'}
[4.077849] (-) TimerEvent: {}
[4.166001] (trover_description) StdoutLine: {'line': b'-- Installing: /home/elizabeth/MREN203_Trover/install/trover_description/share/trover_description/worlds/photos/PortraitB_02.jpg\n'}
[4.178383] (-) TimerEvent: {}
[4.197974] (trover_description) StdoutLine: {'line': b'-- Installing: /home/elizabeth/MREN203_Trover/install/trover_description/share/trover_description/worlds/photos/PortraitB_01.jpg\n'}
[4.217786] (trover_description) StdoutLine: {'line': b'-- Installing: /home/elizabeth/MREN203_Trover/install/trover_description/share/trover_description/worlds/photos/PortraitB_03.jpg\n'}
[4.223472] (trover_description) StdoutLine: {'line': b'-- Installing: /home/elizabeth/MREN203_Trover/install/trover_description/share/trover_description/worlds/photos/DeskPortraitA_02.jpg\n'}
[4.242889] (trover_description) StdoutLine: {'line': b'-- Installing: /home/elizabeth/MREN203_Trover/install/trover_description/share/trover_description/worlds/photos/DeskPortraitC_02.jpg\n'}
[4.251883] (trover_description) StdoutLine: {'line': b'-- Installing: /home/elizabeth/MREN203_Trover/install/trover_description/share/trover_description/worlds/photos/DeskPortraitD_04.jpg\n'}
[4.263069] (trover_description) StdoutLine: {'line': b'-- Installing: /home/elizabeth/MREN203_Trover/install/trover_description/share/trover_description/worlds/photos/PortraitE_01.jpg\n'}
[4.268975] (trover_description) StdoutLine: {'line': b'-- Installing: /home/elizabeth/MREN203_Trover/install/trover_description/share/trover_description/worlds/photos/DeskPortraitD_01.jpg\n'}
[4.281360] (-) TimerEvent: {}
[4.284115] (trover_description) StdoutLine: {'line': b'-- Installing: /home/elizabeth/MREN203_Trover/install/trover_description/share/trover_description/worlds/photos/DeskPortraitD_02.jpg\n'}
[4.296606] (trover_description) StdoutLine: {'line': b'-- Installing: /home/elizabeth/MREN203_Trover/install/trover_description/share/trover_description/worlds/photos/PortraitC_01.jpg\n'}
[4.301974] (trover_description) StdoutLine: {'line': b'-- Installing: /home/elizabeth/MREN203_Trover/install/trover_description/share/trover_description/worlds/photos/DeskPortraitA_01.jpg\n'}
[4.317439] (trover_description) StdoutLine: {'line': b'-- Installing: /home/elizabeth/MREN203_Trover/install/trover_description/share/trover_description/worlds/photos/PortraitE_02.jpg\n'}
[4.323824] (trover_description) StdoutLine: {'line': b'-- Installing: /home/elizabeth/MREN203_Trover/install/trover_description/share/trover_description/worlds/photos/PortraitA_02.jpg\n'}
[4.349587] (trover_description) StdoutLine: {'line': b'-- Installing: /home/elizabeth/MREN203_Trover/install/trover_description/share/trover_description/worlds/CMakeLists.txt\n'}
[4.352266] (trover_description) StdoutLine: {'line': b'-- Installing: /home/elizabeth/MREN203_Trover/install/trover_description/share/trover_description/worlds/README.md\n'}
[4.354871] (trover_description) StdoutLine: {'line': b'-- Installing: /home/elizabeth/MREN203_Trover/install/trover_description/share/trover_description/worlds/CONTRIBUTING.md\n'}
[4.358028] (trover_description) StdoutLine: {'line': b'-- Installing: /home/elizabeth/MREN203_Trover/install/trover_description/share/trover_description/worlds/CODE_OF_CONDUCT.md\n'}
[4.359552] (trover_description) StdoutLine: {'line': b'-- Installing: /home/elizabeth/MREN203_Trover/install/trover_description/share/trover_description/worlds/models\n'}
[4.360646] (trover_description) StdoutLine: {'line': b'-- Installing: /home/elizabeth/MREN203_Trover/install/trover_description/share/trover_description/worlds/models/aws_robomaker_residential_RoomWall_01\n'}
[4.360928] (trover_description) StdoutLine: {'line': b'-- Installing: /home/elizabeth/MREN203_Trover/install/trover_description/share/trover_description/worlds/models/aws_robomaker_residential_RoomWall_01/model.sdf\n'}
[4.363355] (trover_description) StdoutLine: {'line': b'-- Installing: /home/elizabeth/MREN203_Trover/install/trover_description/share/trover_description/worlds/models/aws_robomaker_residential_RoomWall_01/materials\n'}
[4.364348] (trover_description) StdoutLine: {'line': b'-- Installing: /home/elizabeth/MREN203_Trover/install/trover_description/share/trover_description/worlds/models/aws_robomaker_residential_RoomWall_01/materials/textures\n'}
[4.365283] (trover_description) StdoutLine: {'line': b'-- Installing: /home/elizabeth/MREN203_Trover/install/trover_description/share/trover_description/worlds/models/aws_robomaker_residential_RoomWall_01/materials/textures/aws_RoomWall_01.png\n'}
[4.384737] (-) TimerEvent: {}
[4.448667] (trover_description) StdoutLine: {'line': b'-- Installing: /home/elizabeth/MREN203_Trover/install/trover_description/share/trover_description/worlds/models/aws_robomaker_residential_RoomWall_01/model.config\n'}
[4.452223] (trover_description) StdoutLine: {'line': b'-- Installing: /home/elizabeth/MREN203_Trover/install/trover_description/share/trover_description/worlds/models/aws_robomaker_residential_RoomWall_01/meshes\n'}
[4.452608] (trover_description) StdoutLine: {'line': b'-- Installing: /home/elizabeth/MREN203_Trover/install/trover_description/share/trover_description/worlds/models/aws_robomaker_residential_RoomWall_01/meshes/aws_RoomWall_01_visual.DAE\n'}
[4.458123] (trover_description) StdoutLine: {'line': b'-- Installing: /home/elizabeth/MREN203_Trover/install/trover_description/share/trover_description/worlds/models/aws_robomaker_residential_RoomWall_01/meshes/aws_RoomWall_01_collision.DAE\n'}
[4.462022] (trover_description) StdoutLine: {'line': b'-- Installing: /home/elizabeth/MREN203_Trover/install/trover_description/share/trover_description/worlds/models/aws_robomaker_residential_TVCabinet_01\n'}
[4.462328] (trover_description) StdoutLine: {'line': b'-- Installing: /home/elizabeth/MREN203_Trover/install/trover_description/share/trover_description/worlds/models/aws_robomaker_residential_TVCabinet_01/model.sdf\n'}
[4.466334] (trover_description) StdoutLine: {'line': b'-- Installing: /home/elizabeth/MREN203_Trover/install/trover_description/share/trover_description/worlds/models/aws_robomaker_residential_TVCabinet_01/materials\n'}
[4.466559] (trover_description) StdoutLine: {'line': b'-- Installing: /home/elizabeth/MREN203_Trover/install/trover_description/share/trover_description/worlds/models/aws_robomaker_residential_TVCabinet_01/materials/textures\n'}
[4.466710] (trover_description) StdoutLine: {'line': b'-- Installing: /home/elizabeth/MREN203_Trover/install/trover_description/share/trover_description/worlds/models/aws_robomaker_residential_TVCabinet_01/materials/textures/aws_TVCabinet_01.png\n'}
[4.487793] (-) TimerEvent: {}
[4.493364] (trover_description) StdoutLine: {'line': b'-- Installing: /home/elizabeth/MREN203_Trover/install/trover_description/share/trover_description/worlds/models/aws_robomaker_residential_TVCabinet_01/model.config\n'}
[4.499483] (trover_description) StdoutLine: {'line': b'-- Installing: /home/elizabeth/MREN203_Trover/install/trover_description/share/trover_description/worlds/models/aws_robomaker_residential_TVCabinet_01/meshes\n'}
[4.501008] (trover_description) StdoutLine: {'line': b'-- Installing: /home/elizabeth/MREN203_Trover/install/trover_description/share/trover_description/worlds/models/aws_robomaker_residential_TVCabinet_01/meshes/aws_TVCabinet_01_visual.DAE\n'}
[4.505385] (trover_description) StdoutLine: {'line': b'-- Installing: /home/elizabeth/MREN203_Trover/install/trover_description/share/trover_description/worlds/models/aws_robomaker_residential_TVCabinet_01/meshes/aws_TVCabinet_01_collision.DAE\n'}
[4.508113] (trover_description) StdoutLine: {'line': b'-- Installing: /home/elizabeth/MREN203_Trover/install/trover_description/share/trover_description/worlds/models/aws_robomaker_residential_PortraitD_01\n'}
[4.508370] (trover_description) StdoutLine: {'line': b'-- Installing: /home/elizabeth/MREN203_Trover/install/trover_description/share/trover_description/worlds/models/aws_robomaker_residential_PortraitD_01/model.sdf\n'}
[4.512095] (trover_description) StdoutLine: {'line': b'-- Installing: /home/elizabeth/MREN203_Trover/install/trover_description/share/trover_description/worlds/models/aws_robomaker_residential_PortraitD_01/materials\n'}
[4.513495] (trover_description) StdoutLine: {'line': b'-- Installing: /home/elizabeth/MREN203_Trover/install/trover_description/share/trover_description/worlds/models/aws_robomaker_residential_PortraitD_01/materials/textures\n'}
[4.514957] (trover_description) StdoutLine: {'line': b'-- Installing: /home/elizabeth/MREN203_Trover/install/trover_description/share/trover_description/worlds/models/aws_robomaker_residential_PortraitD_01/materials/textures/PortraitD_01.jpg\n'}
[4.525918] (trover_description) StdoutLine: {'line': b'-- Installing: /home/elizabeth/MREN203_Trover/install/trover_description/share/trover_description/worlds/models/aws_robomaker_residential_PortraitD_01/materials/textures/aws_PortraitD_02.png\n'}
[4.555712] (trover_description) StdoutLine: {'line': b'-- Installing: /home/elizabeth/MREN203_Trover/install/trover_description/share/trover_description/worlds/models/aws_robomaker_residential_PortraitD_01/materials/textures/aws_PortraitD_01.png\n'}
[4.557964] (trover_description) StdoutLine: {'line': b'-- Installing: /home/elizabeth/MREN203_Trover/install/trover_description/share/trover_description/worlds/models/aws_robomaker_residential_PortraitD_01/model.config\n'}
[4.562455] (trover_description) StdoutLine: {'line': b'-- Installing: /home/elizabeth/MREN203_Trover/install/trover_description/share/trover_description/worlds/models/aws_robomaker_residential_PortraitD_01/meshes\n'}
[4.563071] (trover_description) StdoutLine: {'line': b'-- Installing: /home/elizabeth/MREN203_Trover/install/trover_description/share/trover_description/worlds/models/aws_robomaker_residential_PortraitD_01/meshes/aws_PortraitD_01_collision.DAE\n'}
[4.567078] (trover_description) StdoutLine: {'line': b'-- Installing: /home/elizabeth/MREN203_Trover/install/trover_description/share/trover_description/worlds/models/aws_robomaker_residential_PortraitD_01/meshes/aws_PortraitD_01_visual.DAE\n'}
[4.576879] (trover_description) StdoutLine: {'line': b'-- Installing: /home/elizabeth/MREN203_Trover/install/trover_description/share/trover_description/worlds/models/aws_robomaker_residential_Chandelier_01\n'}
[4.577934] (trover_description) StdoutLine: {'line': b'-- Installing: /home/elizabeth/MREN203_Trover/install/trover_description/share/trover_description/worlds/models/aws_robomaker_residential_Chandelier_01/model.sdf\n'}
[4.581390] (trover_description) StdoutLine: {'line': b'-- Installing: /home/elizabeth/MREN203_Trover/install/trover_description/share/trover_description/worlds/models/aws_robomaker_residential_Chandelier_01/materials\n'}
[4.586532] (trover_description) StdoutLine: {'line': b'-- Installing: /home/elizabeth/MREN203_Trover/install/trover_description/share/trover_description/worlds/models/aws_robomaker_residential_Chandelier_01/materials/textures\n'}
[4.590590] (-) TimerEvent: {}
[4.590830] (trover_description) StdoutLine: {'line': b'-- Installing: /home/elizabeth/MREN203_Trover/install/trover_description/share/trover_description/worlds/models/aws_robomaker_residential_Chandelier_01/materials/textures/aws_Chandelier_01.png\n'}
[4.617577] (trover_description) StdoutLine: {'line': b'-- Installing: /home/elizabeth/MREN203_Trover/install/trover_description/share/trover_description/worlds/models/aws_robomaker_residential_Chandelier_01/model.config\n'}
[4.619079] (trover_description) StdoutLine: {'line': b'-- Installing: /home/elizabeth/MREN203_Trover/install/trover_description/share/trover_description/worlds/models/aws_robomaker_residential_Chandelier_01/meshes\n'}
[4.620114] (trover_description) StdoutLine: {'line': b'-- Installing: /home/elizabeth/MREN203_Trover/install/trover_description/share/trover_description/worlds/models/aws_robomaker_residential_Chandelier_01/meshes/aws_Chandelier_01.DAE\n'}
[4.642846] (trover_description) StdoutLine: {'line': b'-- Installing: /home/elizabeth/MREN203_Trover/install/trover_description/share/trover_description/worlds/models/aws_robomaker_residential_Chandelier_01/meshes/aws_Chandelier_01_collision.DAE\n'}
[4.647955] (trover_description) StdoutLine: {'line': b'-- Installing: /home/elizabeth/MREN203_Trover/install/trover_description/share/trover_description/worlds/models/aws_robomaker_residential_Chandelier_01/meshes/aws_Chandelier_01_visual.DAE\n'}
[4.661039] (trover_description) StdoutLine: {'line': b'-- Installing: /home/elizabeth/MREN203_Trover/install/trover_description/share/trover_description/worlds/models/aws_robomaker_residential_AirconditionerB_01\n'}
[4.662212] (trover_description) StdoutLine: {'line': b'-- Installing: /home/elizabeth/MREN203_Trover/install/trover_description/share/trover_description/worlds/models/aws_robomaker_residential_AirconditionerB_01/model.sdf\n'}
[4.666853] (trover_description) StdoutLine: {'line': b'-- Installing: /home/elizabeth/MREN203_Trover/install/trover_description/share/trover_description/worlds/models/aws_robomaker_residential_AirconditionerB_01/materials\n'}
[4.667317] (trover_description) StdoutLine: {'line': b'-- Installing: /home/elizabeth/MREN203_Trover/install/trover_description/share/trover_description/worlds/models/aws_robomaker_residential_AirconditionerB_01/materials/textures\n'}
[4.667468] (trover_description) StdoutLine: {'line': b'-- Installing: /home/elizabeth/MREN203_Trover/install/trover_description/share/trover_description/worlds/models/aws_robomaker_residential_AirconditionerB_01/materials/textures/aws_AirconditionerB_01.png\n'}
[4.676705] (trover_description) StdoutLine: {'line': b'-- Installing: /home/elizabeth/MREN203_Trover/install/trover_description/share/trover_description/worlds/models/aws_robomaker_residential_AirconditionerB_01/model.config\n'}
[4.680416] (trover_description) StdoutLine: {'line': b'-- Installing: /home/elizabeth/MREN203_Trover/install/trover_description/share/trover_description/worlds/models/aws_robomaker_residential_AirconditionerB_01/meshes\n'}
[4.681494] (trover_description) StdoutLine: {'line': b'-- Installing: /home/elizabeth/MREN203_Trover/install/trover_description/share/trover_description/worlds/models/aws_robomaker_residential_AirconditionerB_01/meshes/aws_AirconditionerB_01_collision.DAE\n'}
[4.683715] (trover_description) StdoutLine: {'line': b'-- Installing: /home/elizabeth/MREN203_Trover/install/trover_description/share/trover_description/worlds/models/aws_robomaker_residential_AirconditionerB_01/meshes/aws_AirconditionerB_01_visual.DAE\n'}
[4.690278] (trover_description) StdoutLine: {'line': b'-- Installing: /home/elizabeth/MREN203_Trover/install/trover_description/share/trover_description/worlds/models/aws_robomaker_residential_SecurityCamera_01\n'}
[4.690707] (-) TimerEvent: {}
[4.692447] (trover_description) StdoutLine: {'line': b'-- Installing: /home/elizabeth/MREN203_Trover/install/trover_description/share/trover_description/worlds/models/aws_robomaker_residential_SecurityCamera_01/model.sdf\n'}
[4.694349] (trover_description) StdoutLine: {'line': b'-- Installing: /home/elizabeth/MREN203_Trover/install/trover_description/share/trover_description/worlds/models/aws_robomaker_residential_SecurityCamera_01/materials\n'}
[4.697393] (trover_description) StdoutLine: {'line': b'-- Installing: /home/elizabeth/MREN203_Trover/install/trover_description/share/trover_description/worlds/models/aws_robomaker_residential_SecurityCamera_01/materials/textures\n'}
[4.698792] (trover_description) StdoutLine: {'line': b'-- Installing: /home/elizabeth/MREN203_Trover/install/trover_description/share/trover_description/worlds/models/aws_robomaker_residential_SecurityCamera_01/materials/textures/aws_SecurityCamera_01.png\n'}
[4.703829] (trover_navigation) StdoutLine: {'line': b'running egg_info\n'}
[4.707135] (trover_description) StdoutLine: {'line': b'-- Installing: /home/elizabeth/MREN203_Trover/install/trover_description/share/trover_description/worlds/models/aws_robomaker_residential_SecurityCamera_01/model.config\n'}
[4.708121] (trover_navigation) StdoutLine: {'line': b'creating ../../build/trover_navigation/trover_navigation.egg-info\n'}
[4.708401] (trover_navigation) StdoutLine: {'line': b'writing ../../build/trover_navigation/trover_navigation.egg-info/PKG-INFO\n'}
[4.708547] (trover_description) StdoutLine: {'line': b'-- Installing: /home/elizabeth/MREN203_Trover/install/trover_description/share/trover_description/worlds/models/aws_robomaker_residential_SecurityCamera_01/meshes\n'}
[4.708669] (trover_description) StdoutLine: {'line': b'-- Installing: /home/elizabeth/MREN203_Trover/install/trover_description/share/trover_description/worlds/models/aws_robomaker_residential_SecurityCamera_01/meshes/aws_SecurityCamera_01_visual.DAE\n'}
[4.713681] (trover_navigation) StdoutLine: {'line': b'writing dependency_links to ../../build/trover_navigation/trover_navigation.egg-info/dependency_links.txt\n'}
[4.714153] (trover_navigation) StdoutLine: {'line': b'writing entry points to ../../build/trover_navigation/trover_navigation.egg-info/entry_points.txt\n'}
[4.715947] (trover_navigation) StdoutLine: {'line': b'writing requirements to ../../build/trover_navigation/trover_navigation.egg-info/requires.txt\n'}
[4.716182] (trover_navigation) StdoutLine: {'line': b'writing top-level names to ../../build/trover_navigation/trover_navigation.egg-info/top_level.txt\n'}
[4.717828] (trover_navigation) StdoutLine: {'line': b"writing manifest file '../../build/trover_navigation/trover_navigation.egg-info/SOURCES.txt'\n"}
[4.718039] (trover_description) StdoutLine: {'line': b'-- Installing: /home/elizabeth/MREN203_Trover/install/trover_description/share/trover_description/worlds/models/aws_robomaker_residential_SecurityCamera_01/meshes/aws_SecurityCamera_01_collision.DAE\n'}
[4.721860] (trover_description) StdoutLine: {'line': b'-- Installing: /home/elizabeth/MREN203_Trover/install/trover_description/share/trover_description/worlds/models/aws_robomaker_residential_RoomCeiling_01\n'}
[4.723988] (trover_description) StdoutLine: {'line': b'-- Installing: /home/elizabeth/MREN203_Trover/install/trover_description/share/trover_description/worlds/models/aws_robomaker_residential_RoomCeiling_01/model.sdf\n'}
[4.726123] (trover_navigation) StdoutLine: {'line': b"reading manifest file '../../build/trover_navigation/trover_navigation.egg-info/SOURCES.txt'\n"}
[4.729054] (trover_navigation) StdoutLine: {'line': b"writing manifest file '../../build/trover_navigation/trover_navigation.egg-info/SOURCES.txt'\n"}
[4.729397] (trover_navigation) StdoutLine: {'line': b'running build\n'}
[4.729569] (trover_navigation) StdoutLine: {'line': b'running build_py\n'}
[4.729671] (trover_navigation) StdoutLine: {'line': b'creating /home/elizabeth/MREN203_Trover/build/trover_navigation/build\n'}
[4.731907] (trover_description) StdoutLine: {'line': b'-- Installing: /home/elizabeth/MREN203_Trover/install/trover_description/share/trover_description/worlds/models/aws_robomaker_residential_RoomCeiling_01/materials\n'}
[4.732164] (trover_description) StdoutLine: {'line': b'-- Installing: /home/elizabeth/MREN203_Trover/install/trover_description/share/trover_description/worlds/models/aws_robomaker_residential_RoomCeiling_01/materials/textures\n'}
[4.732961] (trover_description) StdoutLine: {'line': b'-- Installing: /home/elizabeth/MREN203_Trover/install/trover_description/share/trover_description/worlds/models/aws_robomaker_residential_RoomCeiling_01/materials/textures/aws_RoomCeiling_01.png\n'}
[4.733123] (trover_navigation) StdoutLine: {'line': b'creating /home/elizabeth/MREN203_Trover/build/trover_navigation/build/lib\n'}
[4.733414] (trover_navigation) StdoutLine: {'line': b'creating /home/elizabeth/MREN203_Trover/build/trover_navigation/build/lib/trover_navigation\n'}
[4.733501] (trover_navigation) StdoutLine: {'line': b'copying trover_navigation/nav2_action_proxy.py -> /home/elizabeth/MREN203_Trover/build/trover_navigation/build/lib/trover_navigation\n'}
[4.739993] (trover_navigation) StdoutLine: {'line': b'copying trover_navigation/__init__.py -> /home/elizabeth/MREN203_Trover/build/trover_navigation/build/lib/trover_navigation\n'}
[4.740378] (trover_navigation) StdoutLine: {'line': b'running install\n'}
[4.744056] (trover_navigation) StdoutLine: {'line': b'running install_lib\n'}
[4.756595] (trover_navigation) StdoutLine: {'line': b'creating /home/elizabeth/MREN203_Trover/install/trover_navigation/lib/python3.10/site-packages/trover_navigation\n'}
[4.760070] (trover_navigation) StdoutLine: {'line': b'copying /home/elizabeth/MREN203_Trover/build/trover_navigation/build/lib/trover_navigation/nav2_action_proxy.py -> /home/elizabeth/MREN203_Trover/install/trover_navigation/lib/python3.10/site-packages/trover_navigation\n'}
[4.764879] (trover_navigation) StdoutLine: {'line': b'copying /home/elizabeth/MREN203_Trover/build/trover_navigation/build/lib/trover_navigation/__init__.py -> /home/elizabeth/MREN203_Trover/install/trover_navigation/lib/python3.10/site-packages/trover_navigation\n'}
[4.765375] (trover_navigation) StdoutLine: {'line': b'byte-compiling /home/elizabeth/MREN203_Trover/install/trover_navigation/lib/python3.10/site-packages/trover_navigation/nav2_action_proxy.py to nav2_action_proxy.cpython-310.pyc\n'}
[4.765556] (trover_description) StdoutLine: {'line': b'-- Installing: /home/elizabeth/MREN203_Trover/install/trover_description/share/trover_description/worlds/models/aws_robomaker_residential_RoomCeiling_01/model.config\n'}
[4.770251] (trover_description) StdoutLine: {'line': b'-- Installing: /home/elizabeth/MREN203_Trover/install/trover_description/share/trover_description/worlds/models/aws_robomaker_residential_RoomCeiling_01/meshes\n'}
[4.770448] (trover_description) StdoutLine: {'line': b'-- Installing: /home/elizabeth/MREN203_Trover/install/trover_description/share/trover_description/worlds/models/aws_robomaker_residential_RoomCeiling_01/meshes/aws_RoomCeiling_01_visual.DAE\n'}
[4.770542] (trover_description) StdoutLine: {'line': b'-- Installing: /home/elizabeth/MREN203_Trover/install/trover_description/share/trover_description/worlds/models/aws_robomaker_residential_RoomCeiling_01/meshes/aws_RoomCeiling_01_collision.DAE\n'}
[4.770973] (trover_navigation) StdoutLine: {'line': b'byte-compiling /home/elizabeth/MREN203_Trover/install/trover_navigation/lib/python3.10/site-packages/trover_navigation/__init__.py to __init__.cpython-310.pyc\n'}
[4.771112] (trover_description) StdoutLine: {'line': b'-- Installing: /home/elizabeth/MREN203_Trover/install/trover_description/share/trover_description/worlds/models/aws_robomaker_residential_DeskPortraitC_01\n'}
[4.774270] (trover_description) StdoutLine: {'line': b'-- Installing: /home/elizabeth/MREN203_Trover/install/trover_description/share/trover_description/worlds/models/aws_robomaker_residential_DeskPortraitC_01/model.sdf\n'}
[4.777721] (trover_navigation) StdoutLine: {'line': b'running install_data\n'}
[4.778652] (trover_navigation) StdoutLine: {'line': b'creating /home/elizabeth/MREN203_Trover/install/trover_navigation/share/ament_index\n'}
[4.778768] (trover_navigation) StdoutLine: {'line': b'creating /home/elizabeth/MREN203_Trover/install/trover_navigation/share/ament_index/resource_index\n'}
[4.778849] (trover_navigation) StdoutLine: {'line': b'creating /home/elizabeth/MREN203_Trover/install/trover_navigation/share/ament_index/resource_index/packages\n'}
[4.779084] (trover_navigation) StdoutLine: {'line': b'copying resource/trover_navigation -> /home/elizabeth/MREN203_Trover/install/trover_navigation/share/ament_index/resource_index/packages\n'}
[4.781095] (trover_navigation) StdoutLine: {'line': b'copying package.xml -> /home/elizabeth/MREN203_Trover/install/trover_navigation/share/trover_navigation\n'}
[4.782161] (trover_description) StdoutLine: {'line': b'-- Installing: /home/elizabeth/MREN203_Trover/install/trover_description/share/trover_description/worlds/models/aws_robomaker_residential_DeskPortraitC_01/materials\n'}
[4.782384] (trover_navigation) StdoutLine: {'line': b'creating /home/elizabeth/MREN203_Trover/install/trover_navigation/share/trover_navigation/launch\n'}
[4.782452] (trover_navigation) StdoutLine: {'line': b'copying launch/navigation.launch.py -> /home/elizabeth/MREN203_Trover/install/trover_navigation/share/trover_navigation/launch\n'}
[4.784189] (trover_description) StdoutLine: {'line': b'-- Installing: /home/elizabeth/MREN203_Trover/install/trover_description/share/trover_description/worlds/models/aws_robomaker_residential_DeskPortraitC_01/materials/textures\n'}
[4.784479] (trover_navigation) StdoutLine: {'line': b'creating /home/elizabeth/MREN203_Trover/install/trover_navigation/share/trover_navigation/config\n'}
[4.788262] (trover_description) StdoutLine: {'line': b'-- Installing: /home/elizabeth/MREN203_Trover/install/trover_description/share/trover_description/worlds/models/aws_robomaker_residential_DeskPortraitC_01/materials/textures/DeskPortraitC_01.jpg\n'}
[4.791215] (-) TimerEvent: {}
[4.792924] (trover_navigation) StdoutLine: {'line': b'copying config/behavior_server.yaml -> /home/elizabeth/MREN203_Trover/install/trover_navigation/share/trover_navigation/config\n'}
[4.796060] (trover_navigation) StdoutLine: {'line': b'copying config/controller_server.yaml -> /home/elizabeth/MREN203_Trover/install/trover_navigation/share/trover_navigation/config\n'}
[4.797097] (trover_navigation) StdoutLine: {'line': b'copying config/planner_server.yaml -> /home/elizabeth/MREN203_Trover/install/trover_navigation/share/trover_navigation/config\n'}
[4.797305] (trover_navigation) StdoutLine: {'line': b'copying config/bt_navigator.yaml -> /home/elizabeth/MREN203_Trover/install/trover_navigation/share/trover_navigation/config\n'}
[4.797439] (trover_navigation) StdoutLine: {'line': b'copying config/smoother_server.yaml -> /home/elizabeth/MREN203_Trover/install/trover_navigation/share/trover_navigation/config\n'}
[4.803096] (trover_navigation) StdoutLine: {'line': b'creating /home/elizabeth/MREN203_Trover/install/trover_navigation/share/trover_navigation/behavior_tree\n'}
[4.804570] (trover_navigation) StdoutLine: {'line': b'copying behavior_tree/simple_navigation.xml -> /home/elizabeth/MREN203_Trover/install/trover_navigation/share/trover_navigation/behavior_tree\n'}
[4.808602] (trover_navigation) StdoutLine: {'line': b'running install_egg_info\n'}
[4.818597] (trover_navigation) StdoutLine: {'line': b'Copying ../../build/trover_navigation/trover_navigation.egg-info to /home/elizabeth/MREN203_Trover/install/trover_navigation/lib/python3.10/site-packages/trover_navigation-0.0.0-py3.10.egg-info\n'}
[4.823421] (trover_navigation) StdoutLine: {'line': b'running install_scripts\n'}
[4.894830] (-) TimerEvent: {}
[4.927217] (trover_navigation) StdoutLine: {'line': b"writing list of installed files to '/home/elizabeth/MREN203_Trover/build/trover_navigation/install.log'\n"}
[4.975595] (trover_description) StdoutLine: {'line': b'-- Installing: /home/elizabeth/MREN203_Trover/install/trover_description/share/trover_description/worlds/models/aws_robomaker_residential_DeskPortraitC_01/materials/textures/aws_DeskPortraitC_01.png\n'}
[4.978502] (trover_description) StdoutLine: {'line': b'-- Installing: /home/elizabeth/MREN203_Trover/install/trover_description/share/trover_description/worlds/models/aws_robomaker_residential_DeskPortraitC_01/materials/textures/aws_DeskPortraitC_02.png\n'}
[4.999804] (-) TimerEvent: {}
[5.017794] (trover_navigation) CommandEnded: {'returncode': 0}
[5.021925] (trover_description) StdoutLine: {'line': b'-- Installing: /home/elizabeth/MREN203_Trover/install/trover_description/share/trover_description/worlds/models/aws_robomaker_residential_DeskPortraitC_01/model.config\n'}
[5.023713] (trover_description) StdoutLine: {'line': b'-- Installing: /home/elizabeth/MREN203_Trover/install/trover_description/share/trover_description/worlds/models/aws_robomaker_residential_DeskPortraitC_01/meshes\n'}
[5.023866] (trover_description) StdoutLine: {'line': b'-- Installing: /home/elizabeth/MREN203_Trover/install/trover_description/share/trover_description/worlds/models/aws_robomaker_residential_DeskPortraitC_01/meshes/aws_DeskPortraitC_01_collision.DAE\n'}
[5.030071] (trover_description) StdoutLine: {'line': b'-- Installing: /home/elizabeth/MREN203_Trover/install/trover_description/share/trover_description/worlds/models/aws_robomaker_residential_DeskPortraitC_01/meshes/aws_DeskPortraitC_01_visual.DAE\n'}
[5.036957] (trover_description) StdoutLine: {'line': b'-- Installing: /home/elizabeth/MREN203_Trover/install/trover_description/share/trover_description/worlds/models/aws_robomaker_residential_SofaC_01\n'}
[5.042595] (trover_description) StdoutLine: {'line': b'-- Installing: /home/elizabeth/MREN203_Trover/install/trover_description/share/trover_description/worlds/models/aws_robomaker_residential_SofaC_01/model.sdf\n'}
[5.042875] (trover_description) StdoutLine: {'line': b'-- Installing: /home/elizabeth/MREN203_Trover/install/trover_description/share/trover_description/worlds/models/aws_robomaker_residential_SofaC_01/materials\n'}
[5.042943] (trover_description) StdoutLine: {'line': b'-- Installing: /home/elizabeth/MREN203_Trover/install/trover_description/share/trover_description/worlds/models/aws_robomaker_residential_SofaC_01/materials/textures\n'}
[5.043026] (trover_description) StdoutLine: {'line': b'-- Installing: /home/elizabeth/MREN203_Trover/install/trover_description/share/trover_description/worlds/models/aws_robomaker_residential_SofaC_01/materials/textures/aws_SofaC_01.png\n'}
[5.044469] (trover_description) StdoutLine: {'line': b'-- Installing: /home/elizabeth/MREN203_Trover/install/trover_description/share/trover_description/worlds/models/aws_robomaker_residential_SofaC_01/model.config\n'}
[5.044817] (trover_description) StdoutLine: {'line': b'-- Installing: /home/elizabeth/MREN203_Trover/install/trover_description/share/trover_description/worlds/models/aws_robomaker_residential_SofaC_01/meshes\n'}
[5.044888] (trover_description) StdoutLine: {'line': b'-- Installing: /home/elizabeth/MREN203_Trover/install/trover_description/share/trover_description/worlds/models/aws_robomaker_residential_SofaC_01/meshes/aws_SofaC_01_visual.DAE\n'}
[5.051708] (trover_navigation) JobEnded: {'identifier': 'trover_navigation', 'rc': 0}
[5.056674] (trover_slam) JobStarted: {'identifier': 'trover_slam'}
[5.104214] (-) TimerEvent: {}
[5.129548] (trover_description) StdoutLine: {'line': b'-- Installing: /home/elizabeth/MREN203_Trover/install/trover_description/share/trover_description/worlds/models/aws_robomaker_residential_SofaC_01/meshes/aws_SofaC_01_collision.DAE\n'}
[5.135353] (trover_description) StdoutLine: {'line': b'-- Installing: /home/elizabeth/MREN203_Trover/install/trover_description/share/trover_description/worlds/models/aws_robomaker_residential_ChairD_01\n'}
[5.135590] (trover_description) StdoutLine: {'line': b'-- Installing: /home/elizabeth/MREN203_Trover/install/trover_description/share/trover_description/worlds/models/aws_robomaker_residential_ChairD_01/model.sdf\n'}
[5.137224] (trover_description) StdoutLine: {'line': b'-- Installing: /home/elizabeth/MREN203_Trover/install/trover_description/share/trover_description/worlds/models/aws_robomaker_residential_ChairD_01/materials\n'}
[5.137507] (trover_description) StdoutLine: {'line': b'-- Installing: /home/elizabeth/MREN203_Trover/install/trover_description/share/trover_description/worlds/models/aws_robomaker_residential_ChairD_01/materials/textures\n'}
[5.140259] (trover_description) StdoutLine: {'line': b'-- Installing: /home/elizabeth/MREN203_Trover/install/trover_description/share/trover_description/worlds/models/aws_robomaker_residential_ChairD_01/materials/textures/aws_ChairD_01.png\n'}
[5.147907] (trover_description) StdoutLine: {'line': b'-- Installing: /home/elizabeth/MREN203_Trover/install/trover_description/share/trover_description/worlds/models/aws_robomaker_residential_ChairD_01/model.config\n'}
[5.153366] (trover_description) StdoutLine: {'line': b'-- Installing: /home/elizabeth/MREN203_Trover/install/trover_description/share/trover_description/worlds/models/aws_robomaker_residential_ChairD_01/meshes\n'}
[5.156121] (trover_description) StdoutLine: {'line': b'-- Installing: /home/elizabeth/MREN203_Trover/install/trover_description/share/trover_description/worlds/models/aws_robomaker_residential_ChairD_01/meshes/aws_ChairD_01_visual.DAE\n'}
[5.167833] (trover_description) StdoutLine: {'line': b'-- Installing: /home/elizabeth/MREN203_Trover/install/trover_description/share/trover_description/worlds/models/aws_robomaker_residential_ChairD_01/meshes/aws_ChairD_01_collision.DAE\n'}
[5.170116] (trover_description) StdoutLine: {'line': b'-- Installing: /home/elizabeth/MREN203_Trover/install/trover_description/share/trover_description/worlds/models/aws_robomaker_residential_CookingBench_01\n'}
[5.170344] (trover_description) StdoutLine: {'line': b'-- Installing: /home/elizabeth/MREN203_Trover/install/trover_description/share/trover_description/worlds/models/aws_robomaker_residential_CookingBench_01/model.sdf\n'}
[5.173039] (trover_description) StdoutLine: {'line': b'-- Installing: /home/elizabeth/MREN203_Trover/install/trover_description/share/trover_description/worlds/models/aws_robomaker_residential_CookingBench_01/materials\n'}
[5.173585] (trover_description) StdoutLine: {'line': b'-- Installing: /home/elizabeth/MREN203_Trover/install/trover_description/share/trover_description/worlds/models/aws_robomaker_residential_CookingBench_01/materials/textures\n'}
[5.173677] (trover_description) StdoutLine: {'line': b'-- Installing: /home/elizabeth/MREN203_Trover/install/trover_description/share/trover_description/worlds/models/aws_robomaker_residential_CookingBench_01/materials/textures/aws_CookingBench_01.png\n'}
[5.186723] (trover_description) StdoutLine: {'line': b'-- Installing: /home/elizabeth/MREN203_Trover/install/trover_description/share/trover_description/worlds/models/aws_robomaker_residential_CookingBench_01/model.config\n'}
[5.188472] (trover_description) StdoutLine: {'line': b'-- Installing: /home/elizabeth/MREN203_Trover/install/trover_description/share/trover_description/worlds/models/aws_robomaker_residential_CookingBench_01/meshes\n'}
[5.199204] (trover_description) StdoutLine: {'line': b'-- Installing: /home/elizabeth/MREN203_Trover/install/trover_description/share/trover_description/worlds/models/aws_robomaker_residential_CookingBench_01/meshes/aws_CookingBench_01_collision.DAE\n'}
[5.201751] (trover_description) StdoutLine: {'line': b'-- Installing: /home/elizabeth/MREN203_Trover/install/trover_description/share/trover_description/worlds/models/aws_robomaker_residential_CookingBench_01/meshes/aws_CookingBench_01_visual.DAE\n'}
[5.204817] (-) TimerEvent: {}
[5.208735] (trover_description) StdoutLine: {'line': b'-- Installing: /home/elizabeth/MREN203_Trover/install/trover_description/share/trover_description/worlds/models/aws_robomaker_residential_CookingBench_01/meshes/aws_CookingBench_01.DAE\n'}
[5.221094] (trover_description) StdoutLine: {'line': b'-- Installing: /home/elizabeth/MREN203_Trover/install/trover_description/share/trover_description/worlds/models/aws_robomaker_residential_DeskPortraitA_01\n'}
[5.221555] (trover_description) StdoutLine: {'line': b'-- Installing: /home/elizabeth/MREN203_Trover/install/trover_description/share/trover_description/worlds/models/aws_robomaker_residential_DeskPortraitA_01/model.sdf\n'}
[5.222795] (trover_description) StdoutLine: {'line': b'-- Installing: /home/elizabeth/MREN203_Trover/install/trover_description/share/trover_description/worlds/models/aws_robomaker_residential_DeskPortraitA_01/materials\n'}
[5.223162] (trover_description) StdoutLine: {'line': b'-- Installing: /home/elizabeth/MREN203_Trover/install/trover_description/share/trover_description/worlds/models/aws_robomaker_residential_DeskPortraitA_01/materials/textures\n'}
[5.223538] (trover_description) StdoutLine: {'line': b'-- Installing: /home/elizabeth/MREN203_Trover/install/trover_description/share/trover_description/worlds/models/aws_robomaker_residential_DeskPortraitA_01/materials/textures/aws_DeskPortraitA_02.png\n'}
[5.242056] (trover_description) StdoutLine: {'line': b'-- Installing: /home/elizabeth/MREN203_Trover/install/trover_description/share/trover_description/worlds/models/aws_robomaker_residential_DeskPortraitA_01/materials/textures/aws_DeskPortraitA_01.png\n'}
[5.250916] (trover_description) StdoutLine: {'line': b'-- Installing: /home/elizabeth/MREN203_Trover/install/trover_description/share/trover_description/worlds/models/aws_robomaker_residential_DeskPortraitA_01/materials/textures/DeskPortraitA_01.jpg\n'}
[5.261202] (trover_description) StdoutLine: {'line': b'-- Installing: /home/elizabeth/MREN203_Trover/install/trover_description/share/trover_description/worlds/models/aws_robomaker_residential_DeskPortraitA_01/model.config\n'}
[5.265109] (trover_description) StdoutLine: {'line': b'-- Installing: /home/elizabeth/MREN203_Trover/install/trover_description/share/trover_description/worlds/models/aws_robomaker_residential_DeskPortraitA_01/meshes\n'}
[5.265486] (trover_description) StdoutLine: {'line': b'-- Installing: /home/elizabeth/MREN203_Trover/install/trover_description/share/trover_description/worlds/models/aws_robomaker_residential_DeskPortraitA_01/meshes/aws_DeskPortraitA_01_visual.DAE\n'}
[5.271584] (trover_description) StdoutLine: {'line': b'-- Installing: /home/elizabeth/MREN203_Trover/install/trover_description/share/trover_description/worlds/models/aws_robomaker_residential_DeskPortraitA_01/meshes/aws_DeskPortraitA_01_collision.DAE\n'}
[5.281979] (trover_description) StdoutLine: {'line': b'-- Installing: /home/elizabeth/MREN203_Trover/install/trover_description/share/trover_description/worlds/models/aws_robomaker_residential_Handle_01\n'}
[5.282863] (trover_description) StdoutLine: {'line': b'-- Installing: /home/elizabeth/MREN203_Trover/install/trover_description/share/trover_description/worlds/models/aws_robomaker_residential_Handle_01/model.sdf\n'}
[5.284353] (trover_description) StdoutLine: {'line': b'-- Installing: /home/elizabeth/MREN203_Trover/install/trover_description/share/trover_description/worlds/models/aws_robomaker_residential_Handle_01/materials\n'}
[5.284563] (trover_description) StdoutLine: {'line': b'-- Installing: /home/elizabeth/MREN203_Trover/install/trover_description/share/trover_description/worlds/models/aws_robomaker_residential_Handle_01/materials/textures\n'}
[5.284622] (trover_description) StdoutLine: {'line': b'-- Installing: /home/elizabeth/MREN203_Trover/install/trover_description/share/trover_description/worlds/models/aws_robomaker_residential_Handle_01/materials/textures/aws_Handle_01.png\n'}
[5.303069] (trover_description) StdoutLine: {'line': b'-- Installing: /home/elizabeth/MREN203_Trover/install/trover_description/share/trover_description/worlds/models/aws_robomaker_residential_Handle_01/model.config\n'}
[5.305377] (trover_description) StdoutLine: {'line': b'-- Installing: /home/elizabeth/MREN203_Trover/install/trover_description/share/trover_description/worlds/models/aws_robomaker_residential_Handle_01/meshes\n'}
[5.305622] (-) TimerEvent: {}
[5.306512] (trover_description) StdoutLine: {'line': b'-- Installing: /home/elizabeth/MREN203_Trover/install/trover_description/share/trover_description/worlds/models/aws_robomaker_residential_Handle_01/meshes/aws_Handle_01_collision.DAE\n'}
[5.309256] (trover_description) StdoutLine: {'line': b'-- Installing: /home/elizabeth/MREN203_Trover/install/trover_description/share/trover_description/worlds/models/aws_robomaker_residential_Handle_01/meshes/aws_Handle_01_visual.DAE\n'}
[5.324546] (trover_description) StdoutLine: {'line': b'-- Installing: /home/elizabeth/MREN203_Trover/install/trover_description/share/trover_description/worlds/models/.DS_Store\n'}
[5.325694] (trover_description) StdoutLine: {'line': b'-- Installing: /home/elizabeth/MREN203_Trover/install/trover_description/share/trover_description/worlds/models/aws_robomaker_residential_Board_01\n'}
[5.328222] (trover_description) StdoutLine: {'line': b'-- Installing: /home/elizabeth/MREN203_Trover/install/trover_description/share/trover_description/worlds/models/aws_robomaker_residential_Board_01/model.sdf\n'}
[5.340205] (trover_description) StdoutLine: {'line': b'-- Installing: /home/elizabeth/MREN203_Trover/install/trover_description/share/trover_description/worlds/models/aws_robomaker_residential_Board_01/materials\n'}
[5.340440] (trover_description) StdoutLine: {'line': b'-- Installing: /home/elizabeth/MREN203_Trover/install/trover_description/share/trover_description/worlds/models/aws_robomaker_residential_Board_01/materials/textures\n'}
[5.345106] (trover_description) StdoutLine: {'line': b'-- Installing: /home/elizabeth/MREN203_Trover/install/trover_description/share/trover_description/worlds/models/aws_robomaker_residential_Board_01/materials/textures/aws_Board_01.png\n'}
[5.369225] (trover_description) StdoutLine: {'line': b'-- Installing: /home/elizabeth/MREN203_Trover/install/trover_description/share/trover_description/worlds/models/aws_robomaker_residential_Board_01/model.config\n'}
[5.369689] (trover_description) StdoutLine: {'line': b'-- Installing: /home/elizabeth/MREN203_Trover/install/trover_description/share/trover_description/worlds/models/aws_robomaker_residential_Board_01/meshes\n'}
[5.369759] (trover_description) StdoutLine: {'line': b'-- Installing: /home/elizabeth/MREN203_Trover/install/trover_description/share/trover_description/worlds/models/aws_robomaker_residential_Board_01/meshes/aws_Board_01_collision.DAE\n'}
[5.370706] (trover_description) StdoutLine: {'line': b'-- Installing: /home/elizabeth/MREN203_Trover/install/trover_description/share/trover_description/worlds/models/aws_robomaker_residential_Board_01/meshes/aws_Board_01_visual.DAE\n'}
[5.377729] (trover_description) StdoutLine: {'line': b'-- Installing: /home/elizabeth/MREN203_Trover/install/trover_description/share/trover_description/worlds/models/aws_robomaker_residential_DeskPortraitB_02\n'}
[5.378574] (trover_description) StdoutLine: {'line': b'-- Installing: /home/elizabeth/MREN203_Trover/install/trover_description/share/trover_description/worlds/models/aws_robomaker_residential_DeskPortraitB_02/model.sdf\n'}
[5.381132] (trover_description) StdoutLine: {'line': b'-- Installing: /home/elizabeth/MREN203_Trover/install/trover_description/share/trover_description/worlds/models/aws_robomaker_residential_DeskPortraitB_02/materials\n'}
[5.381386] (trover_description) StdoutLine: {'line': b'-- Installing: /home/elizabeth/MREN203_Trover/install/trover_description/share/trover_description/worlds/models/aws_robomaker_residential_DeskPortraitB_02/materials/textures\n'}
[5.381455] (trover_description) StdoutLine: {'line': b'-- Installing: /home/elizabeth/MREN203_Trover/install/trover_description/share/trover_description/worlds/models/aws_robomaker_residential_DeskPortraitB_02/materials/textures/DeskPortraitB_02.jpg\n'}
[5.409897] (-) TimerEvent: {}
[5.512534] (-) TimerEvent: {}
[5.614461] (-) TimerEvent: {}
[5.625629] (trover_description) StdoutLine: {'line': b'-- Installing: /home/elizabeth/MREN203_Trover/install/trover_description/share/trover_description/worlds/models/aws_robomaker_residential_DeskPortraitB_02/materials/textures/aws_DeskPortraitB_02.png\n'}
[5.662810] (trover_description) StdoutLine: {'line': b'-- Installing: /home/elizabeth/MREN203_Trover/install/trover_description/share/trover_description/worlds/models/aws_robomaker_residential_DeskPortraitB_02/materials/textures/aws_DeskPortraitB_01.png\n'}
[5.665774] (trover_description) StdoutLine: {'line': b'-- Installing: /home/elizabeth/MREN203_Trover/install/trover_description/share/trover_description/worlds/models/aws_robomaker_residential_DeskPortraitB_02/model.config\n'}
[5.666546] (trover_description) StdoutLine: {'line': b'-- Installing: /home/elizabeth/MREN203_Trover/install/trover_description/share/trover_description/worlds/models/aws_robomaker_residential_DeskPortraitB_02/meshes\n'}
[5.667077] (trover_description) StdoutLine: {'line': b'-- Installing: /home/elizabeth/MREN203_Trover/install/trover_description/share/trover_description/worlds/models/aws_robomaker_residential_DeskPortraitB_02/meshes/aws_DeskPortraitB_01_visual.DAE\n'}
[5.675452] (trover_description) StdoutLine: {'line': b'-- Installing: /home/elizabeth/MREN203_Trover/install/trover_description/share/trover_description/worlds/models/aws_robomaker_residential_DeskPortraitB_02/meshes/aws_DeskPortraitB_01_collision.DAE\n'}
[5.677529] (trover_description) StdoutLine: {'line': b'-- Installing: /home/elizabeth/MREN203_Trover/install/trover_description/share/trover_description/worlds/models/aws_robomaker_residential_DeskPortraitD_03\n'}
[5.678090] (trover_description) StdoutLine: {'line': b'-- Installing: /home/elizabeth/MREN203_Trover/install/trover_description/share/trover_description/worlds/models/aws_robomaker_residential_DeskPortraitD_03/model.sdf\n'}
[5.682002] (trover_description) StdoutLine: {'line': b'-- Installing: /home/elizabeth/MREN203_Trover/install/trover_description/share/trover_description/worlds/models/aws_robomaker_residential_DeskPortraitD_03/materials\n'}
[5.683049] (trover_description) StdoutLine: {'line': b'-- Installing: /home/elizabeth/MREN203_Trover/install/trover_description/share/trover_description/worlds/models/aws_robomaker_residential_DeskPortraitD_03/materials/textures\n'}
[5.683175] (trover_description) StdoutLine: {'line': b'-- Installing: /home/elizabeth/MREN203_Trover/install/trover_description/share/trover_description/worlds/models/aws_robomaker_residential_DeskPortraitD_03/materials/textures/DeskPortraitD_03.jpg\n'}
[5.699589] (trover_description) StdoutLine: {'line': b'-- Installing: /home/elizabeth/MREN203_Trover/install/trover_description/share/trover_description/worlds/models/aws_robomaker_residential_DeskPortraitD_03/materials/textures/aws_DeskPortraitD_02.png\n'}
[5.717126] (-) TimerEvent: {}
[5.761342] (trover_description) StdoutLine: {'line': b'-- Installing: /home/elizabeth/MREN203_Trover/install/trover_description/share/trover_description/worlds/models/aws_robomaker_residential_DeskPortraitD_03/materials/textures/aws_DeskPortraitD_01.png\n'}
[5.766807] (trover_description) StdoutLine: {'line': b'-- Installing: /home/elizabeth/MREN203_Trover/install/trover_description/share/trover_description/worlds/models/aws_robomaker_residential_DeskPortraitD_03/model.config\n'}
[5.768046] (trover_description) StdoutLine: {'line': b'-- Installing: /home/elizabeth/MREN203_Trover/install/trover_description/share/trover_description/worlds/models/aws_robomaker_residential_DeskPortraitD_03/meshes\n'}
[5.769185] (trover_description) StdoutLine: {'line': b'-- Installing: /home/elizabeth/MREN203_Trover/install/trover_description/share/trover_description/worlds/models/aws_robomaker_residential_DeskPortraitD_03/meshes/aws_DeskPortraitD_01_collision.DAE\n'}
[5.771212] (trover_description) StdoutLine: {'line': b'-- Installing: /home/elizabeth/MREN203_Trover/install/trover_description/share/trover_description/worlds/models/aws_robomaker_residential_DeskPortraitD_03/meshes/aws_DeskPortraitD_01_visual.DAE\n'}
[5.774344] (trover_description) StdoutLine: {'line': b'-- Installing: /home/elizabeth/MREN203_Trover/install/trover_description/share/trover_description/worlds/models/aws_robomaker_residential_DeskPortraitD_01\n'}
[5.774949] (trover_description) StdoutLine: {'line': b'-- Installing: /home/elizabeth/MREN203_Trover/install/trover_description/share/trover_description/worlds/models/aws_robomaker_residential_DeskPortraitD_01/model.sdf\n'}
[5.777765] (trover_description) StdoutLine: {'line': b'-- Installing: /home/elizabeth/MREN203_Trover/install/trover_description/share/trover_description/worlds/models/aws_robomaker_residential_DeskPortraitD_01/materials\n'}
[5.778008] (trover_description) StdoutLine: {'line': b'-- Installing: /home/elizabeth/MREN203_Trover/install/trover_description/share/trover_description/worlds/models/aws_robomaker_residential_DeskPortraitD_01/materials/textures\n'}
[5.778946] (trover_description) StdoutLine: {'line': b'-- Installing: /home/elizabeth/MREN203_Trover/install/trover_description/share/trover_description/worlds/models/aws_robomaker_residential_DeskPortraitD_01/materials/textures/aws_DeskPortraitD_02.png\n'}
[5.818115] (-) TimerEvent: {}
[5.839857] (trover_description) StdoutLine: {'line': b'-- Installing: /home/elizabeth/MREN203_Trover/install/trover_description/share/trover_description/worlds/models/aws_robomaker_residential_DeskPortraitD_01/materials/textures/DeskPortraitD_01.jpg\n'}
[5.860952] (trover_description) StdoutLine: {'line': b'-- Installing: /home/elizabeth/MREN203_Trover/install/trover_description/share/trover_description/worlds/models/aws_robomaker_residential_DeskPortraitD_01/materials/textures/aws_DeskPortraitD_01.png\n'}
[5.863935] (trover_description) StdoutLine: {'line': b'-- Installing: /home/elizabeth/MREN203_Trover/install/trover_description/share/trover_description/worlds/models/aws_robomaker_residential_DeskPortraitD_01/model.config\n'}
[5.864759] (trover_description) StdoutLine: {'line': b'-- Installing: /home/elizabeth/MREN203_Trover/install/trover_description/share/trover_description/worlds/models/aws_robomaker_residential_DeskPortraitD_01/meshes\n'}
[5.865651] (trover_description) StdoutLine: {'line': b'-- Installing: /home/elizabeth/MREN203_Trover/install/trover_description/share/trover_description/worlds/models/aws_robomaker_residential_DeskPortraitD_01/meshes/aws_DeskPortraitD_01_collision.DAE\n'}
[5.869033] (trover_description) StdoutLine: {'line': b'-- Installing: /home/elizabeth/MREN203_Trover/install/trover_description/share/trover_description/worlds/models/aws_robomaker_residential_DeskPortraitD_01/meshes/aws_DeskPortraitD_01_visual.DAE\n'}
[5.876096] (trover_description) StdoutLine: {'line': b'-- Installing: /home/elizabeth/MREN203_Trover/install/trover_description/share/trover_description/worlds/models/aws_robomaker_residential_KitchenUtensils_01\n'}
[5.876671] (trover_description) StdoutLine: {'line': b'-- Installing: /home/elizabeth/MREN203_Trover/install/trover_description/share/trover_description/worlds/models/aws_robomaker_residential_KitchenUtensils_01/model.sdf\n'}
[5.879635] (trover_description) StdoutLine: {'line': b'-- Installing: /home/elizabeth/MREN203_Trover/install/trover_description/share/trover_description/worlds/models/aws_robomaker_residential_KitchenUtensils_01/materials\n'}
[5.883445] (trover_description) StdoutLine: {'line': b'-- Installing: /home/elizabeth/MREN203_Trover/install/trover_description/share/trover_description/worlds/models/aws_robomaker_residential_KitchenUtensils_01/materials/textures\n'}
[5.883634] (trover_description) StdoutLine: {'line': b'-- Installing: /home/elizabeth/MREN203_Trover/install/trover_description/share/trover_description/worlds/models/aws_robomaker_residential_KitchenUtensils_01/materials/textures/aws_KitchenUtensils_01.png\n'}
[5.897107] (trover_description) StdoutLine: {'line': b'-- Installing: /home/elizabeth/MREN203_Trover/install/trover_description/share/trover_description/worlds/models/aws_robomaker_residential_KitchenUtensils_01/model.config\n'}
[5.898786] (trover_description) StdoutLine: {'line': b'-- Installing: /home/elizabeth/MREN203_Trover/install/trover_description/share/trover_description/worlds/models/aws_robomaker_residential_KitchenUtensils_01/meshes\n'}
[5.899621] (trover_description) StdoutLine: {'line': b'-- Installing: /home/elizabeth/MREN203_Trover/install/trover_description/share/trover_description/worlds/models/aws_robomaker_residential_KitchenUtensils_01/meshes/aws_KitchenUtensils_01_visual.DAE\n'}
[5.921755] (-) TimerEvent: {}
[5.952031] (trover_description) StdoutLine: {'line': b'-- Installing: /home/elizabeth/MREN203_Trover/install/trover_description/share/trover_description/worlds/models/aws_robomaker_residential_KitchenUtensils_01/meshes/aws_KitchenUtensils_01_collision.DAE\n'}
[5.953846] (trover_description) StdoutLine: {'line': b'-- Installing: /home/elizabeth/MREN203_Trover/install/trover_description/share/trover_description/worlds/models/aws_robomaker_residential_HouseWallB_01\n'}
[5.954100] (trover_description) StdoutLine: {'line': b'-- Installing: /home/elizabeth/MREN203_Trover/install/trover_description/share/trover_description/worlds/models/aws_robomaker_residential_HouseWallB_01/model.sdf\n'}
[5.959066] (trover_description) StdoutLine: {'line': b'-- Installing: /home/elizabeth/MREN203_Trover/install/trover_description/share/trover_description/worlds/models/aws_robomaker_residential_HouseWallB_01/materials\n'}
[5.961500] (trover_description) StdoutLine: {'line': b'-- Installing: /home/elizabeth/MREN203_Trover/install/trover_description/share/trover_description/worlds/models/aws_robomaker_residential_HouseWallB_01/materials/textures\n'}
[5.961674] (trover_description) StdoutLine: {'line': b'-- Installing: /home/elizabeth/MREN203_Trover/install/trover_description/share/trover_description/worlds/models/aws_robomaker_residential_HouseWallB_01/materials/textures/aws_HouseWallB_01.png\n'}
[5.968019] (trover_description) StdoutLine: {'line': b'-- Installing: /home/elizabeth/MREN203_Trover/install/trover_description/share/trover_description/worlds/models/aws_robomaker_residential_HouseWallB_01/model.config\n'}
[5.970684] (trover_description) StdoutLine: {'line': b'-- Installing: /home/elizabeth/MREN203_Trover/install/trover_description/share/trover_description/worlds/models/aws_robomaker_residential_HouseWallB_01/meshes\n'}
[5.971656] (trover_description) StdoutLine: {'line': b'-- Installing: /home/elizabeth/MREN203_Trover/install/trover_description/share/trover_description/worlds/models/aws_robomaker_residential_HouseWallB_01/meshes/aws_HouseWallB_01_collision.DAE\n'}
[5.977815] (trover_description) StdoutLine: {'line': b'-- Installing: /home/elizabeth/MREN203_Trover/install/trover_description/share/trover_description/worlds/models/aws_robomaker_residential_HouseWallB_01/meshes/aws_HouseWallB_01_visual.DAE\n'}
[5.987412] (trover_description) StdoutLine: {'line': b'-- Installing: /home/elizabeth/MREN203_Trover/install/trover_description/share/trover_description/worlds/models/aws_robomaker_residential_Sofa_01\n'}
[5.987674] (trover_description) StdoutLine: {'line': b'-- Installing: /home/elizabeth/MREN203_Trover/install/trover_description/share/trover_description/worlds/models/aws_robomaker_residential_Sofa_01/model.sdf\n'}
[5.989302] (trover_description) StdoutLine: {'line': b'-- Installing: /home/elizabeth/MREN203_Trover/install/trover_description/share/trover_description/worlds/models/aws_robomaker_residential_Sofa_01/materials\n'}
[5.990076] (trover_description) StdoutLine: {'line': b'-- Installing: /home/elizabeth/MREN203_Trover/install/trover_description/share/trover_description/worlds/models/aws_robomaker_residential_Sofa_01/materials/textures\n'}
[5.991143] (trover_description) StdoutLine: {'line': b'-- Installing: /home/elizabeth/MREN203_Trover/install/trover_description/share/trover_description/worlds/models/aws_robomaker_residential_Sofa_01/materials/textures/aws_Sofa_01.png\n'}
[5.993497] (trover_description) StdoutLine: {'line': b'-- Installing: /home/elizabeth/MREN203_Trover/install/trover_description/share/trover_description/worlds/models/aws_robomaker_residential_Sofa_01/model.config\n'}
[5.998892] (trover_description) StdoutLine: {'line': b'-- Installing: /home/elizabeth/MREN203_Trover/install/trover_description/share/trover_description/worlds/models/aws_robomaker_residential_Sofa_01/meshes\n'}
[5.999914] (trover_description) StdoutLine: {'line': b'-- Installing: /home/elizabeth/MREN203_Trover/install/trover_description/share/trover_description/worlds/models/aws_robomaker_residential_Sofa_01/meshes/aws_Sofa_01_collision.DAE\n'}
[6.013048] (trover_description) StdoutLine: {'line': b'-- Installing: /home/elizabeth/MREN203_Trover/install/trover_description/share/trover_description/worlds/models/aws_robomaker_residential_Sofa_01/meshes/aws_Sofa_01.DAE\n'}
[6.022291] (-) TimerEvent: {}
[6.106598] (trover_description) StdoutLine: {'line': b'-- Installing: /home/elizabeth/MREN203_Trover/install/trover_description/share/trover_description/worlds/models/aws_robomaker_residential_Sofa_01/meshes/aws_Sofa_01_visual.DAE\n'}
[6.126765] (-) TimerEvent: {}
[6.141130] (trover_description) StdoutLine: {'line': b'-- Installing: /home/elizabeth/MREN203_Trover/install/trover_description/share/trover_description/worlds/models/aws_robomaker_residential_SofaB_01\n'}
[6.142161] (trover_description) StdoutLine: {'line': b'-- Installing: /home/elizabeth/MREN203_Trover/install/trover_description/share/trover_description/worlds/models/aws_robomaker_residential_SofaB_01/model.sdf\n'}
[6.143612] (trover_description) StdoutLine: {'line': b'-- Installing: /home/elizabeth/MREN203_Trover/install/trover_description/share/trover_description/worlds/models/aws_robomaker_residential_SofaB_01/materials\n'}
[6.143815] (trover_description) StdoutLine: {'line': b'-- Installing: /home/elizabeth/MREN203_Trover/install/trover_description/share/trover_description/worlds/models/aws_robomaker_residential_SofaB_01/materials/textures\n'}
[6.145084] (trover_description) StdoutLine: {'line': b'-- Installing: /home/elizabeth/MREN203_Trover/install/trover_description/share/trover_description/worlds/models/aws_robomaker_residential_SofaB_01/materials/textures/aws_SofaB_01.png\n'}
[6.148558] (trover_description) StdoutLine: {'line': b'-- Installing: /home/elizabeth/MREN203_Trover/install/trover_description/share/trover_description/worlds/models/aws_robomaker_residential_SofaB_01/model.config\n'}
[6.150521] (trover_description) StdoutLine: {'line': b'-- Installing: /home/elizabeth/MREN203_Trover/install/trover_description/share/trover_description/worlds/models/aws_robomaker_residential_SofaB_01/meshes\n'}
[6.151330] (trover_description) StdoutLine: {'line': b'-- Installing: /home/elizabeth/MREN203_Trover/install/trover_description/share/trover_description/worlds/models/aws_robomaker_residential_SofaB_01/meshes/aws_SofaB_01_visual.DAE\n'}
[6.160824] (trover_description) StdoutLine: {'line': b'-- Installing: /home/elizabeth/MREN203_Trover/install/trover_description/share/trover_description/worlds/models/aws_robomaker_residential_SofaB_01/meshes/aws_SofaB_01_collision.DAE\n'}
[6.161388] (trover_description) StdoutLine: {'line': b'-- Installing: /home/elizabeth/MREN203_Trover/install/trover_description/share/trover_description/worlds/models/aws_robomaker_residential_AirconditionerA_01\n'}
[6.161503] (trover_description) StdoutLine: {'line': b'-- Installing: /home/elizabeth/MREN203_Trover/install/trover_description/share/trover_description/worlds/models/aws_robomaker_residential_AirconditionerA_01/model.sdf\n'}
[6.162505] (trover_description) StdoutLine: {'line': b'-- Installing: /home/elizabeth/MREN203_Trover/install/trover_description/share/trover_description/worlds/models/aws_robomaker_residential_AirconditionerA_01/materials\n'}
[6.163320] (trover_description) StdoutLine: {'line': b'-- Installing: /home/elizabeth/MREN203_Trover/install/trover_description/share/trover_description/worlds/models/aws_robomaker_residential_AirconditionerA_01/materials/textures\n'}
[6.163636] (trover_description) StdoutLine: {'line': b'-- Installing: /home/elizabeth/MREN203_Trover/install/trover_description/share/trover_description/worlds/models/aws_robomaker_residential_AirconditionerA_01/materials/textures/aws_AirconditionerA_01.png\n'}
[6.178880] (trover_description) StdoutLine: {'line': b'-- Installing: /home/elizabeth/MREN203_Trover/install/trover_description/share/trover_description/worlds/models/aws_robomaker_residential_AirconditionerA_01/model.config\n'}
[6.181100] (trover_description) StdoutLine: {'line': b'-- Installing: /home/elizabeth/MREN203_Trover/install/trover_description/share/trover_description/worlds/models/aws_robomaker_residential_AirconditionerA_01/meshes\n'}
[6.182295] (trover_description) StdoutLine: {'line': b'-- Installing: /home/elizabeth/MREN203_Trover/install/trover_description/share/trover_description/worlds/models/aws_robomaker_residential_AirconditionerA_01/meshes/aws_AirconditionerA_01_visual.DAE\n'}
[6.186964] (trover_description) StdoutLine: {'line': b'-- Installing: /home/elizabeth/MREN203_Trover/install/trover_description/share/trover_description/worlds/models/aws_robomaker_residential_AirconditionerA_01/meshes/aws_AirconditionerA_01_collision.DAE\n'}
[6.189979] (trover_description) StdoutLine: {'line': b'-- Installing: /home/elizabeth/MREN203_Trover/install/trover_description/share/trover_description/worlds/models/aws_robomaker_residential_CoffeeTable_01\n'}
[6.190225] (trover_description) StdoutLine: {'line': b'-- Installing: /home/elizabeth/MREN203_Trover/install/trover_description/share/trover_description/worlds/models/aws_robomaker_residential_CoffeeTable_01/model.sdf\n'}
[6.192356] (trover_description) StdoutLine: {'line': b'-- Installing: /home/elizabeth/MREN203_Trover/install/trover_description/share/trover_description/worlds/models/aws_robomaker_residential_CoffeeTable_01/materials\n'}
[6.193094] (trover_description) StdoutLine: {'line': b'-- Installing: /home/elizabeth/MREN203_Trover/install/trover_description/share/trover_description/worlds/models/aws_robomaker_residential_CoffeeTable_01/materials/textures\n'}
[6.193281] (trover_description) StdoutLine: {'line': b'-- Installing: /home/elizabeth/MREN203_Trover/install/trover_description/share/trover_description/worlds/models/aws_robomaker_residential_CoffeeTable_01/materials/textures/aws_CoffeeTable_01.png\n'}
[6.214010] (trover_description) StdoutLine: {'line': b'-- Installing: /home/elizabeth/MREN203_Trover/install/trover_description/share/trover_description/worlds/models/aws_robomaker_residential_CoffeeTable_01/model.config\n'}
[6.216665] (trover_description) StdoutLine: {'line': b'-- Installing: /home/elizabeth/MREN203_Trover/install/trover_description/share/trover_description/worlds/models/aws_robomaker_residential_CoffeeTable_01/meshes\n'}
[6.217610] (trover_description) StdoutLine: {'line': b'-- Installing: /home/elizabeth/MREN203_Trover/install/trover_description/share/trover_description/worlds/models/aws_robomaker_residential_CoffeeTable_01/meshes/aws_CoffeeTable_01_collision.DAE\n'}
[6.219310] (trover_description) StdoutLine: {'line': b'-- Installing: /home/elizabeth/MREN203_Trover/install/trover_description/share/trover_description/worlds/models/aws_robomaker_residential_CoffeeTable_01/meshes/aws_CoffeeTable_01_visual.DAE\n'}
[6.224873] (trover_description) StdoutLine: {'line': b'-- Installing: /home/elizabeth/MREN203_Trover/install/trover_description/share/trover_description/worlds/models/aws_robomaker_residential_TV_01\n'}
[6.225066] (trover_description) StdoutLine: {'line': b'-- Installing: /home/elizabeth/MREN203_Trover/install/trover_description/share/trover_description/worlds/models/aws_robomaker_residential_TV_01/model.sdf\n'}
[6.226449] (trover_description) StdoutLine: {'line': b'-- Installing: /home/elizabeth/MREN203_Trover/install/trover_description/share/trover_description/worlds/models/aws_robomaker_residential_TV_01/materials\n'}
[6.227206] (trover_description) StdoutLine: {'line': b'-- Installing: /home/elizabeth/MREN203_Trover/install/trover_description/share/trover_description/worlds/models/aws_robomaker_residential_TV_01/materials/textures\n'}
[6.227341] (-) TimerEvent: {}
[6.228430] (trover_description) StdoutLine: {'line': b'-- Installing: /home/elizabeth/MREN203_Trover/install/trover_description/share/trover_description/worlds/models/aws_robomaker_residential_TV_01/materials/textures/aws_TV_01.png\n'}
[6.250505] (trover_description) StdoutLine: {'line': b'-- Installing: /home/elizabeth/MREN203_Trover/install/trover_description/share/trover_description/worlds/models/aws_robomaker_residential_TV_01/model.config\n'}
[6.253710] (trover_description) StdoutLine: {'line': b'-- Installing: /home/elizabeth/MREN203_Trover/install/trover_description/share/trover_description/worlds/models/aws_robomaker_residential_TV_01/meshes\n'}
[6.253944] (trover_description) StdoutLine: {'line': b'-- Installing: /home/elizabeth/MREN203_Trover/install/trover_description/share/trover_description/worlds/models/aws_robomaker_residential_TV_01/meshes/aws_TV_01_collision.DAE\n'}
[6.255461] (trover_description) StdoutLine: {'line': b'-- Installing: /home/elizabeth/MREN203_Trover/install/trover_description/share/trover_description/worlds/models/aws_robomaker_residential_TV_01/meshes/aws_TV_01_visual.DAE\n'}
[6.261607] (trover_description) StdoutLine: {'line': b'-- Installing: /home/elizabeth/MREN203_Trover/install/trover_description/share/trover_description/worlds/models/aws_robomaker_residential_Refrigerator_01\n'}
[6.262928] (trover_description) StdoutLine: {'line': b'-- Installing: /home/elizabeth/MREN203_Trover/install/trover_description/share/trover_description/worlds/models/aws_robomaker_residential_Refrigerator_01/model.sdf\n'}
[6.264219] (trover_description) StdoutLine: {'line': b'-- Installing: /home/elizabeth/MREN203_Trover/install/trover_description/share/trover_description/worlds/models/aws_robomaker_residential_Refrigerator_01/materials\n'}
[6.264925] (trover_description) StdoutLine: {'line': b'-- Installing: /home/elizabeth/MREN203_Trover/install/trover_description/share/trover_description/worlds/models/aws_robomaker_residential_Refrigerator_01/materials/textures\n'}
[6.265101] (trover_description) StdoutLine: {'line': b'-- Installing: /home/elizabeth/MREN203_Trover/install/trover_description/share/trover_description/worlds/models/aws_robomaker_residential_Refrigerator_01/materials/textures/aws_Refrigerator_02.png\n'}
[6.271589] (trover_description) StdoutLine: {'line': b'-- Installing: /home/elizabeth/MREN203_Trover/install/trover_description/share/trover_description/worlds/models/aws_robomaker_residential_Refrigerator_01/materials/textures/aws_Refrigerator_01.png\n'}
[6.279116] (trover_description) StdoutLine: {'line': b'-- Installing: /home/elizabeth/MREN203_Trover/install/trover_description/share/trover_description/worlds/models/aws_robomaker_residential_Refrigerator_01/model.config\n'}
[6.281273] (trover_description) StdoutLine: {'line': b'-- Installing: /home/elizabeth/MREN203_Trover/install/trover_description/share/trover_description/worlds/models/aws_robomaker_residential_Refrigerator_01/meshes\n'}
[6.282263] (trover_description) StdoutLine: {'line': b'-- Installing: /home/elizabeth/MREN203_Trover/install/trover_description/share/trover_description/worlds/models/aws_robomaker_residential_Refrigerator_01/meshes/aws_Refrigerator_01.DAE\n'}
[6.289085] (trover_description) StdoutLine: {'line': b'-- Installing: /home/elizabeth/MREN203_Trover/install/trover_description/share/trover_description/worlds/models/aws_robomaker_residential_Refrigerator_01/meshes/aws_Refrigerator_01_visual.DAE\n'}
[6.298343] (trover_description) StdoutLine: {'line': b'-- Installing: /home/elizabeth/MREN203_Trover/install/trover_description/share/trover_description/worlds/models/aws_robomaker_residential_Refrigerator_01/meshes/aws_Refrigerator_01_collision.DAE\n'}
[6.300400] (trover_description) StdoutLine: {'line': b'-- Installing: /home/elizabeth/MREN203_Trover/install/trover_description/share/trover_description/worlds/models/aws_robomaker_residential_Door_01\n'}
[6.301651] (trover_description) StdoutLine: {'line': b'-- Installing: /home/elizabeth/MREN203_Trover/install/trover_description/share/trover_description/worlds/models/aws_robomaker_residential_Door_01/model.sdf\n'}
[6.304702] (trover_description) StdoutLine: {'line': b'-- Installing: /home/elizabeth/MREN203_Trover/install/trover_description/share/trover_description/worlds/models/aws_robomaker_residential_Door_01/materials\n'}
[6.306128] (trover_description) StdoutLine: {'line': b'-- Installing: /home/elizabeth/MREN203_Trover/install/trover_description/share/trover_description/worlds/models/aws_robomaker_residential_Door_01/materials/textures\n'}
[6.307168] (trover_description) StdoutLine: {'line': b'-- Installing: /home/elizabeth/MREN203_Trover/install/trover_description/share/trover_description/worlds/models/aws_robomaker_residential_Door_01/materials/textures/aws_Door_01.png\n'}
[6.330673] (-) TimerEvent: {}
[6.341890] (trover_description) StdoutLine: {'line': b'-- Installing: /home/elizabeth/MREN203_Trover/install/trover_description/share/trover_description/worlds/models/aws_robomaker_residential_Door_01/model.config\n'}
[6.344836] (trover_description) StdoutLine: {'line': b'-- Installing: /home/elizabeth/MREN203_Trover/install/trover_description/share/trover_description/worlds/models/aws_robomaker_residential_Door_01/meshes\n'}
[6.345196] (trover_description) StdoutLine: {'line': b'-- Installing: /home/elizabeth/MREN203_Trover/install/trover_description/share/trover_description/worlds/models/aws_robomaker_residential_Door_01/meshes/aws_Door_01_visual.DAE\n'}
[6.356218] (trover_description) StdoutLine: {'line': b'-- Installing: /home/elizabeth/MREN203_Trover/install/trover_description/share/trover_description/worlds/models/aws_robomaker_residential_Door_01/meshes/aws_Door_01_collision.DAE\n'}
[6.358587] (trover_description) StdoutLine: {'line': b'-- Installing: /home/elizabeth/MREN203_Trover/install/trover_description/share/trover_description/worlds/models/aws_robomaker_residential_DeskPortraitC_02\n'}
[6.359141] (trover_description) StdoutLine: {'line': b'-- Installing: /home/elizabeth/MREN203_Trover/install/trover_description/share/trover_description/worlds/models/aws_robomaker_residential_DeskPortraitC_02/model.sdf\n'}
[6.367122] (trover_description) StdoutLine: {'line': b'-- Installing: /home/elizabeth/MREN203_Trover/install/trover_description/share/trover_description/worlds/models/aws_robomaker_residential_DeskPortraitC_02/materials\n'}
[6.367316] (trover_description) StdoutLine: {'line': b'-- Installing: /home/elizabeth/MREN203_Trover/install/trover_description/share/trover_description/worlds/models/aws_robomaker_residential_DeskPortraitC_02/materials/textures\n'}
[6.367377] (trover_description) StdoutLine: {'line': b'-- Installing: /home/elizabeth/MREN203_Trover/install/trover_description/share/trover_description/worlds/models/aws_robomaker_residential_DeskPortraitC_02/materials/textures/aws_DeskPortraitC_01.png\n'}
[6.367616] (trover_description) StdoutLine: {'line': b'-- Installing: /home/elizabeth/MREN203_Trover/install/trover_description/share/trover_description/worlds/models/aws_robomaker_residential_DeskPortraitC_02/materials/textures/DeskPortraitC_02.jpg\n'}
[6.393610] (trover_description) StdoutLine: {'line': b'-- Installing: /home/elizabeth/MREN203_Trover/install/trover_description/share/trover_description/worlds/models/aws_robomaker_residential_DeskPortraitC_02/materials/textures/aws_DeskPortraitC_02.png\n'}
[6.433536] (-) TimerEvent: {}
[6.468630] (trover_description) StdoutLine: {'line': b'-- Installing: /home/elizabeth/MREN203_Trover/install/trover_description/share/trover_description/worlds/models/aws_robomaker_residential_DeskPortraitC_02/model.config\n'}
[6.475083] (trover_description) StdoutLine: {'line': b'-- Installing: /home/elizabeth/MREN203_Trover/install/trover_description/share/trover_description/worlds/models/aws_robomaker_residential_DeskPortraitC_02/meshes\n'}
[6.475536] (trover_description) StdoutLine: {'line': b'-- Installing: /home/elizabeth/MREN203_Trover/install/trover_description/share/trover_description/worlds/models/aws_robomaker_residential_DeskPortraitC_02/meshes/aws_DeskPortraitC_01_collision.DAE\n'}
[6.480252] (trover_description) StdoutLine: {'line': b'-- Installing: /home/elizabeth/MREN203_Trover/install/trover_description/share/trover_description/worlds/models/aws_robomaker_residential_DeskPortraitC_02/meshes/aws_DeskPortraitC_01_visual.DAE\n'}
[6.490528] (trover_description) StdoutLine: {'line': b'-- Installing: /home/elizabeth/MREN203_Trover/install/trover_description/share/trover_description/worlds/models/aws_robomaker_residential_PortraitE_01\n'}
[6.492811] (trover_description) StdoutLine: {'line': b'-- Installing: /home/elizabeth/MREN203_Trover/install/trover_description/share/trover_description/worlds/models/aws_robomaker_residential_PortraitE_01/model.sdf\n'}
[6.492887] (trover_description) StdoutLine: {'line': b'-- Installing: /home/elizabeth/MREN203_Trover/install/trover_description/share/trover_description/worlds/models/aws_robomaker_residential_PortraitE_01/materials\n'}
[6.493444] (trover_description) StdoutLine: {'line': b'-- Installing: /home/elizabeth/MREN203_Trover/install/trover_description/share/trover_description/worlds/models/aws_robomaker_residential_PortraitE_01/materials/textures\n'}
[6.493622] (trover_description) StdoutLine: {'line': b'-- Installing: /home/elizabeth/MREN203_Trover/install/trover_description/share/trover_description/worlds/models/aws_robomaker_residential_PortraitE_01/materials/textures/aws_PortraitE_02.png\n'}
[6.534859] (-) TimerEvent: {}
[6.555887] (trover_description) StdoutLine: {'line': b'-- Installing: /home/elizabeth/MREN203_Trover/install/trover_description/share/trover_description/worlds/models/aws_robomaker_residential_PortraitE_01/materials/textures/aws_PortraitE_01.png\n'}
[6.558770] (trover_description) StdoutLine: {'line': b'-- Installing: /home/elizabeth/MREN203_Trover/install/trover_description/share/trover_description/worlds/models/aws_robomaker_residential_PortraitE_01/materials/textures/PortraitE_01.jpg\n'}
[6.565104] (trover_description) StdoutLine: {'line': b'-- Installing: /home/elizabeth/MREN203_Trover/install/trover_description/share/trover_description/worlds/models/aws_robomaker_residential_PortraitE_01/model.config\n'}
[6.571201] (trover_description) StdoutLine: {'line': b'-- Installing: /home/elizabeth/MREN203_Trover/install/trover_description/share/trover_description/worlds/models/aws_robomaker_residential_PortraitE_01/meshes\n'}
[6.572093] (trover_description) StdoutLine: {'line': b'-- Installing: /home/elizabeth/MREN203_Trover/install/trover_description/share/trover_description/worlds/models/aws_robomaker_residential_PortraitE_01/meshes/aws_PortraitE_01_visual.DAE\n'}
[6.582061] (trover_description) StdoutLine: {'line': b'-- Installing: /home/elizabeth/MREN203_Trover/install/trover_description/share/trover_description/worlds/models/aws_robomaker_residential_PortraitE_01/meshes/aws_PortraitE_01_collision.DAE\n'}
[6.586813] (trover_description) StdoutLine: {'line': b'-- Installing: /home/elizabeth/MREN203_Trover/install/trover_description/share/trover_description/worlds/models/aws_robomaker_residential_DeskPortraitD_04\n'}
[6.588131] (trover_description) StdoutLine: {'line': b'-- Installing: /home/elizabeth/MREN203_Trover/install/trover_description/share/trover_description/worlds/models/aws_robomaker_residential_DeskPortraitD_04/model.sdf\n'}
[6.598867] (trover_description) StdoutLine: {'line': b'-- Installing: /home/elizabeth/MREN203_Trover/install/trover_description/share/trover_description/worlds/models/aws_robomaker_residential_DeskPortraitD_04/materials\n'}
[6.602513] (trover_description) StdoutLine: {'line': b'-- Installing: /home/elizabeth/MREN203_Trover/install/trover_description/share/trover_description/worlds/models/aws_robomaker_residential_DeskPortraitD_04/materials/textures\n'}
[6.603751] (trover_description) StdoutLine: {'line': b'-- Installing: /home/elizabeth/MREN203_Trover/install/trover_description/share/trover_description/worlds/models/aws_robomaker_residential_DeskPortraitD_04/materials/textures/aws_DeskPortraitD_02.png\n'}
[6.644038] (-) TimerEvent: {}
[6.721645] (trover_description) StdoutLine: {'line': b'-- Installing: /home/elizabeth/MREN203_Trover/install/trover_description/share/trover_description/worlds/models/aws_robomaker_residential_DeskPortraitD_04/materials/textures/DeskPortraitD_04.jpg\n'}
[6.747720] (-) TimerEvent: {}
[6.750633] (trover_description) StdoutLine: {'line': b'-- Installing: /home/elizabeth/MREN203_Trover/install/trover_description/share/trover_description/worlds/models/aws_robomaker_residential_DeskPortraitD_04/materials/textures/aws_DeskPortraitD_01.png\n'}
[6.753917] (trover_description) StdoutLine: {'line': b'-- Installing: /home/elizabeth/MREN203_Trover/install/trover_description/share/trover_description/worlds/models/aws_robomaker_residential_DeskPortraitD_04/model.config\n'}
[6.766716] (trover_description) StdoutLine: {'line': b'-- Installing: /home/elizabeth/MREN203_Trover/install/trover_description/share/trover_description/worlds/models/aws_robomaker_residential_DeskPortraitD_04/meshes\n'}
[6.767293] (trover_description) StdoutLine: {'line': b'-- Installing: /home/elizabeth/MREN203_Trover/install/trover_description/share/trover_description/worlds/models/aws_robomaker_residential_DeskPortraitD_04/meshes/aws_DeskPortraitD_01_collision.DAE\n'}
[6.767380] (trover_description) StdoutLine: {'line': b'-- Installing: /home/elizabeth/MREN203_Trover/install/trover_description/share/trover_description/worlds/models/aws_robomaker_residential_DeskPortraitD_04/meshes/aws_DeskPortraitD_01_visual.DAE\n'}
[6.771030] (trover_description) StdoutLine: {'line': b'-- Installing: /home/elizabeth/MREN203_Trover/install/trover_description/share/trover_description/worlds/models/aws_robomaker_residential_Pillow_01\n'}
[6.771246] (trover_description) StdoutLine: {'line': b'-- Installing: /home/elizabeth/MREN203_Trover/install/trover_description/share/trover_description/worlds/models/aws_robomaker_residential_Pillow_01/model.sdf\n'}
[6.773475] (trover_description) StdoutLine: {'line': b'-- Installing: /home/elizabeth/MREN203_Trover/install/trover_description/share/trover_description/worlds/models/aws_robomaker_residential_Pillow_01/materials\n'}
[6.774125] (trover_description) StdoutLine: {'line': b'-- Installing: /home/elizabeth/MREN203_Trover/install/trover_description/share/trover_description/worlds/models/aws_robomaker_residential_Pillow_01/materials/textures\n'}
[6.774214] (trover_description) StdoutLine: {'line': b'-- Installing: /home/elizabeth/MREN203_Trover/install/trover_description/share/trover_description/worlds/models/aws_robomaker_residential_Pillow_01/materials/textures/aws_Pillow_01.png\n'}
[6.844159] (trover_description) StdoutLine: {'line': b'-- Installing: /home/elizabeth/MREN203_Trover/install/trover_description/share/trover_description/worlds/models/aws_robomaker_residential_Pillow_01/model.config\n'}
[6.853136] (trover_description) StdoutLine: {'line': b'-- Installing: /home/elizabeth/MREN203_Trover/install/trover_description/share/trover_description/worlds/models/aws_robomaker_residential_Pillow_01/meshes\n'}
[6.853451] (-) TimerEvent: {}
[6.853593] (trover_description) StdoutLine: {'line': b'-- Installing: /home/elizabeth/MREN203_Trover/install/trover_description/share/trover_description/worlds/models/aws_robomaker_residential_Pillow_01/meshes/aws_Pillow_01_collision.DAE\n'}
[6.855357] (trover_description) StdoutLine: {'line': b'-- Installing: /home/elizabeth/MREN203_Trover/install/trover_description/share/trover_description/worlds/models/aws_robomaker_residential_Pillow_01/meshes/aws_Pillow_01_visual.DAE\n'}
[6.902354] (trover_description) StdoutLine: {'line': b'-- Installing: /home/elizabeth/MREN203_Trover/install/trover_description/share/trover_description/worlds/models/aws_robomaker_residential_Tablet_01\n'}
[6.905149] (trover_description) StdoutLine: {'line': b'-- Installing: /home/elizabeth/MREN203_Trover/install/trover_description/share/trover_description/worlds/models/aws_robomaker_residential_Tablet_01/.DS_Store\n'}
[6.905704] (trover_description) StdoutLine: {'line': b'-- Installing: /home/elizabeth/MREN203_Trover/install/trover_description/share/trover_description/worlds/models/aws_robomaker_residential_Tablet_01/model.sdf\n'}
[6.908259] (trover_description) StdoutLine: {'line': b'-- Installing: /home/elizabeth/MREN203_Trover/install/trover_description/share/trover_description/worlds/models/aws_robomaker_residential_Tablet_01/materials\n'}
[6.909809] (trover_description) StdoutLine: {'line': b'-- Installing: /home/elizabeth/MREN203_Trover/install/trover_description/share/trover_description/worlds/models/aws_robomaker_residential_Tablet_01/materials/.DS_Store\n'}
[6.914619] (trover_description) StdoutLine: {'line': b'-- Installing: /home/elizabeth/MREN203_Trover/install/trover_description/share/trover_description/worlds/models/aws_robomaker_residential_Tablet_01/materials/textures\n'}
[6.916665] (trover_description) StdoutLine: {'line': b'-- Installing: /home/elizabeth/MREN203_Trover/install/trover_description/share/trover_description/worlds/models/aws_robomaker_residential_Tablet_01/materials/textures/aws_Tablet_01_nologo.png\n'}
[6.927683] (trover_description) StdoutLine: {'line': b'-- Installing: /home/elizabeth/MREN203_Trover/install/trover_description/share/trover_description/worlds/models/aws_robomaker_residential_Tablet_01/model.config\n'}
[6.928410] (trover_description) StdoutLine: {'line': b'-- Installing: /home/elizabeth/MREN203_Trover/install/trover_description/share/trover_description/worlds/models/aws_robomaker_residential_Tablet_01/meshes\n'}
[6.928482] (trover_description) StdoutLine: {'line': b'-- Installing: /home/elizabeth/MREN203_Trover/install/trover_description/share/trover_description/worlds/models/aws_robomaker_residential_Tablet_01/meshes/aws_Tablet_01_visual.DAE\n'}
[6.937051] (trover_description) StdoutLine: {'line': b'-- Installing: /home/elizabeth/MREN203_Trover/install/trover_description/share/trover_description/worlds/models/aws_robomaker_residential_Tablet_01/meshes/aws_Tablet_01_collision.DAE\n'}
[6.945504] (trover_description) StdoutLine: {'line': b'-- Installing: /home/elizabeth/MREN203_Trover/install/trover_description/share/trover_description/worlds/models/aws_robomaker_residential_ReadingDesk_01\n'}
[6.947733] (trover_description) StdoutLine: {'line': b'-- Installing: /home/elizabeth/MREN203_Trover/install/trover_description/share/trover_description/worlds/models/aws_robomaker_residential_ReadingDesk_01/model.sdf\n'}
[6.950241] (trover_description) StdoutLine: {'line': b'-- Installing: /home/elizabeth/MREN203_Trover/install/trover_description/share/trover_description/worlds/models/aws_robomaker_residential_ReadingDesk_01/materials\n'}
[6.950495] (trover_description) StdoutLine: {'line': b'-- Installing: /home/elizabeth/MREN203_Trover/install/trover_description/share/trover_description/worlds/models/aws_robomaker_residential_ReadingDesk_01/materials/textures\n'}
[6.950578] (trover_description) StdoutLine: {'line': b'-- Installing: /home/elizabeth/MREN203_Trover/install/trover_description/share/trover_description/worlds/models/aws_robomaker_residential_ReadingDesk_01/materials/textures/aws_ReadingDesk_01.png\n'}
[6.957062] (-) TimerEvent: {}
[6.996819] (trover_description) StdoutLine: {'line': b'-- Installing: /home/elizabeth/MREN203_Trover/install/trover_description/share/trover_description/worlds/models/aws_robomaker_residential_ReadingDesk_01/model.config\n'}
[7.002933] (trover_description) StdoutLine: {'line': b'-- Installing: /home/elizabeth/MREN203_Trover/install/trover_description/share/trover_description/worlds/models/aws_robomaker_residential_ReadingDesk_01/meshes\n'}
[7.003290] (trover_description) StdoutLine: {'line': b'-- Installing: /home/elizabeth/MREN203_Trover/install/trover_description/share/trover_description/worlds/models/aws_robomaker_residential_ReadingDesk_01/meshes/aws_ReadingDesk_01_collision.DAE\n'}
[7.015553] (trover_description) StdoutLine: {'line': b'-- Installing: /home/elizabeth/MREN203_Trover/install/trover_description/share/trover_description/worlds/models/aws_robomaker_residential_ReadingDesk_01/meshes/aws_ReadingDesk_01_visual.DAE\n'}
[7.026464] (trover_description) StdoutLine: {'line': b'-- Installing: /home/elizabeth/MREN203_Trover/install/trover_description/share/trover_description/worlds/models/aws_robomaker_residential_LightC_01\n'}
[7.026714] (trover_description) StdoutLine: {'line': b'-- Installing: /home/elizabeth/MREN203_Trover/install/trover_description/share/trover_description/worlds/models/aws_robomaker_residential_LightC_01/model.sdf\n'}
[7.034296] (trover_description) StdoutLine: {'line': b'-- Installing: /home/elizabeth/MREN203_Trover/install/trover_description/share/trover_description/worlds/models/aws_robomaker_residential_LightC_01/materials\n'}
[7.034571] (trover_description) StdoutLine: {'line': b'-- Installing: /home/elizabeth/MREN203_Trover/install/trover_description/share/trover_description/worlds/models/aws_robomaker_residential_LightC_01/materials/textures\n'}
[7.035655] (trover_description) StdoutLine: {'line': b'-- Installing: /home/elizabeth/MREN203_Trover/install/trover_description/share/trover_description/worlds/models/aws_robomaker_residential_LightC_01/materials/textures/aws_LightC_01.png\n'}
[7.041261] (trover_description) StdoutLine: {'line': b'-- Installing: /home/elizabeth/MREN203_Trover/install/trover_description/share/trover_description/worlds/models/aws_robomaker_residential_LightC_01/model.config\n'}
[7.043482] (trover_description) StdoutLine: {'line': b'-- Installing: /home/elizabeth/MREN203_Trover/install/trover_description/share/trover_description/worlds/models/aws_robomaker_residential_LightC_01/meshes\n'}
[7.047544] (trover_description) StdoutLine: {'line': b'-- Installing: /home/elizabeth/MREN203_Trover/install/trover_description/share/trover_description/worlds/models/aws_robomaker_residential_LightC_01/meshes/aws_LightC_01_visual.DAE\n'}
[7.057037] (trover_description) StdoutLine: {'line': b'-- Installing: /home/elizabeth/MREN203_Trover/install/trover_description/share/trover_description/worlds/models/aws_robomaker_residential_LightC_01/meshes/aws_LightC_01_collision.DAE\n'}
[7.057282] (-) TimerEvent: {}
[7.062654] (trover_description) StdoutLine: {'line': b'-- Installing: /home/elizabeth/MREN203_Trover/install/trover_description/share/trover_description/worlds/models/aws_robomaker_residential_Curtain_01\n'}
[7.063205] (trover_description) StdoutLine: {'line': b'-- Installing: /home/elizabeth/MREN203_Trover/install/trover_description/share/trover_description/worlds/models/aws_robomaker_residential_Curtain_01/model.sdf\n'}
[7.073646] (trover_description) StdoutLine: {'line': b'-- Installing: /home/elizabeth/MREN203_Trover/install/trover_description/share/trover_description/worlds/models/aws_robomaker_residential_Curtain_01/materials\n'}
[7.073864] (trover_description) StdoutLine: {'line': b'-- Installing: /home/elizabeth/MREN203_Trover/install/trover_description/share/trover_description/worlds/models/aws_robomaker_residential_Curtain_01/materials/textures\n'}
[7.073924] (trover_description) StdoutLine: {'line': b'-- Installing: /home/elizabeth/MREN203_Trover/install/trover_description/share/trover_description/worlds/models/aws_robomaker_residential_Curtain_01/materials/textures/aws_Curtain_01.png\n'}
[7.090717] (trover_slam) Command: {'cmd': ['/usr/bin/python3', '-W', 'ignore:setup.py install is deprecated', '-W', 'ignore:easy_install command is deprecated', 'setup.py', 'egg_info', '--egg-base', '../../build/trover_slam', 'build', '--build-base', '/home/elizabeth/MREN203_Trover/build/trover_slam/build', 'install', '--record', '/home/elizabeth/MREN203_Trover/build/trover_slam/install.log', '--single-version-externally-managed', 'install_data'], 'cwd': '/home/elizabeth/MREN203_Trover/src/trover_slam', 'env': {'LESSOPEN': '| /usr/bin/lesspipe %s', 'LANGUAGE': 'en_CA:en', 'USER': 'elizabeth', 'XDG_SESSION_TYPE': 'wayland', 'SHLVL': '1', 'LD_LIBRARY_PATH': '/usr/lib/x86_64-linux-gnu/gazebo-11/plugins:/opt/ros/humble/opt/rviz_ogre_vendor/lib:/opt/ros/humble/lib/x86_64-linux-gnu:/opt/ros/humble/lib', 'HOME': '/home/elizabeth', 'DESKTOP_SESSION': 'ubuntu', 'ROS_PYTHON_VERSION': '3', 'GNOME_SHELL_SESSION_MODE': 'ubuntu', 'GTK_MODULES': 'gail:atk-bridge', 'DBUS_STARTER_BUS_TYPE': 'session', 'SYSTEMD_EXEC_PID': '1250', 'DBUS_SESSION_BUS_ADDRESS': 'unix:path=/run/user/1000/bus,guid=5efbeddd5bba6a1c394439d869c19d4f', 'COLORTERM': 'truecolor', 'IM_CONFIG_PHASE': '1', 'WAYLAND_DISPLAY': 'wayland-0', 'ROS_DISTRO': 'humble', 'LOGNAME': 'elizabeth', '_': '/usr/bin/colcon', 'ROS_VERSION': '2', 'XDG_SESSION_CLASS': 'user', 'USERNAME': 'elizabeth', 'TERM': 'xterm-256color', 'GNOME_DESKTOP_SESSION_ID': 'this-is-deprecated', 'ROS_LOCALHOST_ONLY': '0', 'PATH': '/opt/ros/humble/bin:/usr/local/sbin:/usr/local/bin:/usr/sbin:/usr/bin:/sbin:/bin:/usr/games:/usr/local/games:/snap/bin:/snap/bin', 'SESSION_MANAGER': 'local/elizabeth-VirtualBox:@/tmp/.ICE-unix/1250,unix/elizabeth-VirtualBox:/tmp/.ICE-unix/1250', 'XDG_MENU_PREFIX': 'gnome-', 'GNOME_TERMINAL_SCREEN': '/org/gnome/Terminal/screen/bf2c41e9_49f1_483c_9057_c74089385af8', 'GNOME_SETUP_DISPLAY': ':1', 'XDG_RUNTIME_DIR': '/run/user/1000', 'DISPLAY': ':0', 'LANG': 'en_US.UTF-8', 'XDG_CURRENT_DESKTOP': 'ubuntu:GNOME', 'XMODIFIERS': '@im=ibus', 'XDG_SESSION_DESKTOP': 'ubuntu', 'XAUTHORITY': '/run/user/1000/.mutter-Xwaylandauth.DH9RM3', 'LS_COLORS': 'rs=0:di=01;34:ln=01;36:mh=00:pi=40;33:so=01;35:do=01;35:bd=40;33;01:cd=40;33;01:or=40;31;01:mi=00:su=37;41:sg=30;43:ca=30;41:tw=30;42:ow=34;42:st=37;44:ex=01;32:*.tar=01;31:*.tgz=01;31:*.arc=01;31:*.arj=01;31:*.taz=01;31:*.lha=01;31:*.lz4=01;31:*.lzh=01;31:*.lzma=01;31:*.tlz=01;31:*.txz=01;31:*.tzo=01;31:*.t7z=01;31:*.zip=01;31:*.z=01;31:*.dz=01;31:*.gz=01;31:*.lrz=01;31:*.lz=01;31:*.lzo=01;31:*.xz=01;31:*.zst=01;31:*.tzst=01;31:*.bz2=01;31:*.bz=01;31:*.tbz=01;31:*.tbz2=01;31:*.tz=01;31:*.deb=01;31:*.rpm=01;31:*.jar=01;31:*.war=01;31:*.ear=01;31:*.sar=01;31:*.rar=01;31:*.alz=01;31:*.ace=01;31:*.zoo=01;31:*.cpio=01;31:*.7z=01;31:*.rz=01;31:*.cab=01;31:*.wim=01;31:*.swm=01;31:*.dwm=01;31:*.esd=01;31:*.jpg=01;35:*.jpeg=01;35:*.mjpg=01;35:*.mjpeg=01;35:*.gif=01;35:*.bmp=01;35:*.pbm=01;35:*.pgm=01;35:*.ppm=01;35:*.tga=01;35:*.xbm=01;35:*.xpm=01;35:*.tif=01;35:*.tiff=01;35:*.png=01;35:*.svg=01;35:*.svgz=01;35:*.mng=01;35:*.pcx=01;35:*.mov=01;35:*.mpg=01;35:*.mpeg=01;35:*.m2v=01;35:*.mkv=01;35:*.webm=01;35:*.webp=01;35:*.ogm=01;35:*.mp4=01;35:*.m4v=01;35:*.mp4v=01;35:*.vob=01;35:*.qt=01;35:*.nuv=01;35:*.wmv=01;35:*.asf=01;35:*.rm=01;35:*.rmvb=01;35:*.flc=01;35:*.avi=01;35:*.fli=01;35:*.flv=01;35:*.gl=01;35:*.dl=01;35:*.xcf=01;35:*.xwd=01;35:*.yuv=01;35:*.cgm=01;35:*.emf=01;35:*.ogv=01;35:*.ogx=01;35:*.aac=00;36:*.au=00;36:*.flac=00;36:*.m4a=00;36:*.mid=00;36:*.midi=00;36:*.mka=00;36:*.mp3=00;36:*.mpc=00;36:*.ogg=00;36:*.ra=00;36:*.wav=00;36:*.oga=00;36:*.opus=00;36:*.spx=00;36:*.xspf=00;36:', 'GNOME_TERMINAL_SERVICE': ':1.119', 'SSH_AGENT_LAUNCHER': 'gnome-keyring', 'SSH_AUTH_SOCK': '/run/user/1000/keyring/ssh', 'AMENT_PREFIX_PATH': '/opt/ros/humble', 'SHELL': '/bin/bash', 'QT_ACCESSIBILITY': '1', 'GDMSESSION': 'ubuntu', 'LESSCLOSE': '/usr/bin/lesspipe %s %s', 'QT_IM_MODULE': 'ibus', 'PWD': '/home/elizabeth/MREN203_Trover/build/trover_slam', 'LC_ALL': 'en_US.UTF-8', 'XDG_CONFIG_DIRS': '/etc/xdg/xdg-ubuntu:/etc/xdg', 'DBUS_STARTER_ADDRESS': 'unix:path=/run/user/1000/bus,guid=5efbeddd5bba6a1c394439d869c19d4f', 'XDG_DATA_DIRS': '/usr/share/ubuntu:/usr/local/share/:/usr/share/:/var/lib/snapd/desktop', 'PYTHONPATH': '/home/elizabeth/MREN203_Trover/build/trover_slam/prefix_override:/usr/lib/python3/dist-packages/colcon_core/task/python/colcon_distutils_commands:/home/elizabeth/MREN203_Trover/install/trover_slam/lib/python3.10/site-packages:/opt/ros/humble/lib/python3.10/site-packages:/opt/ros/humble/local/lib/python3.10/dist-packages', 'COLCON': '1', 'VTE_VERSION': '6800'}, 'shell': False}
[7.094659] (trover_description) StdoutLine: {'line': b'-- Installing: /home/elizabeth/MREN203_Trover/install/trover_description/share/trover_description/worlds/models/aws_robomaker_residential_Curtain_01/model.config\n'}
[7.103593] (trover_description) StdoutLine: {'line': b'-- Installing: /home/elizabeth/MREN203_Trover/install/trover_description/share/trover_description/worlds/models/aws_robomaker_residential_Curtain_01/meshes\n'}
[7.103877] (trover_description) StdoutLine: {'line': b'-- Installing: /home/elizabeth/MREN203_Trover/install/trover_description/share/trover_description/worlds/models/aws_robomaker_residential_Curtain_01/meshes/aws_Curtain_01_visual.DAE\n'}
[7.112407] (trover_description) StdoutLine: {'line': b'-- Installing: /home/elizabeth/MREN203_Trover/install/trover_description/share/trover_description/worlds/models/aws_robomaker_residential_Curtain_01/meshes/aws_Curtain_01_collision.DAE\n'}
[7.117714] (trover_description) StdoutLine: {'line': b'-- Installing: /home/elizabeth/MREN203_Trover/install/trover_description/share/trover_description/worlds/models/aws_robomaker_residential_ChairA_01\n'}
[7.118030] (trover_description) StdoutLine: {'line': b'-- Installing: /home/elizabeth/MREN203_Trover/install/trover_description/share/trover_description/worlds/models/aws_robomaker_residential_ChairA_01/model.sdf\n'}
[7.120842] (trover_description) StdoutLine: {'line': b'-- Installing: /home/elizabeth/MREN203_Trover/install/trover_description/share/trover_description/worlds/models/aws_robomaker_residential_ChairA_01/materials\n'}
[7.121170] (trover_description) StdoutLine: {'line': b'-- Installing: /home/elizabeth/MREN203_Trover/install/trover_description/share/trover_description/worlds/models/aws_robomaker_residential_ChairA_01/materials/textures\n'}
[7.121375] (trover_description) StdoutLine: {'line': b'-- Installing: /home/elizabeth/MREN203_Trover/install/trover_description/share/trover_description/worlds/models/aws_robomaker_residential_ChairA_01/materials/textures/aws_ChairA_01.png\n'}
[7.149763] (trover_description) StdoutLine: {'line': b'-- Installing: /home/elizabeth/MREN203_Trover/install/trover_description/share/trover_description/worlds/models/aws_robomaker_residential_ChairA_01/model.config\n'}
[7.153566] (trover_description) StdoutLine: {'line': b'-- Installing: /home/elizabeth/MREN203_Trover/install/trover_description/share/trover_description/worlds/models/aws_robomaker_residential_ChairA_01/meshes\n'}
[7.154028] (trover_description) StdoutLine: {'line': b'-- Installing: /home/elizabeth/MREN203_Trover/install/trover_description/share/trover_description/worlds/models/aws_robomaker_residential_ChairA_01/meshes/aws_ChairA_01_visual.DAE\n'}
[7.160575] (-) TimerEvent: {}
[7.175964] (trover_description) StdoutLine: {'line': b'-- Installing: /home/elizabeth/MREN203_Trover/install/trover_description/share/trover_description/worlds/models/aws_robomaker_residential_ChairA_01/meshes/aws_ChairA_01_collision.DAE\n'}
[7.182590] (trover_description) StdoutLine: {'line': b'-- Installing: /home/elizabeth/MREN203_Trover/install/trover_description/share/trover_description/worlds/models/aws_robomaker_residential_Ball_01\n'}
[7.184105] (trover_description) StdoutLine: {'line': b'-- Installing: /home/elizabeth/MREN203_Trover/install/trover_description/share/trover_description/worlds/models/aws_robomaker_residential_Ball_01/model.sdf\n'}
[7.186100] (trover_description) StdoutLine: {'line': b'-- Installing: /home/elizabeth/MREN203_Trover/install/trover_description/share/trover_description/worlds/models/aws_robomaker_residential_Ball_01/materials\n'}
[7.188465] (trover_description) StdoutLine: {'line': b'-- Installing: /home/elizabeth/MREN203_Trover/install/trover_description/share/trover_description/worlds/models/aws_robomaker_residential_Ball_01/materials/textures\n'}
[7.188710] (trover_description) StdoutLine: {'line': b'-- Installing: /home/elizabeth/MREN203_Trover/install/trover_description/share/trover_description/worlds/models/aws_robomaker_residential_Ball_01/materials/textures/aws_Ball_01.png\n'}
[7.195779] (trover_description) StdoutLine: {'line': b'-- Installing: /home/elizabeth/MREN203_Trover/install/trover_description/share/trover_description/worlds/models/aws_robomaker_residential_Ball_01/model.config\n'}
[7.200483] (trover_description) StdoutLine: {'line': b'-- Installing: /home/elizabeth/MREN203_Trover/install/trover_description/share/trover_description/worlds/models/aws_robomaker_residential_Ball_01/meshes\n'}
[7.200750] (trover_description) StdoutLine: {'line': b'-- Installing: /home/elizabeth/MREN203_Trover/install/trover_description/share/trover_description/worlds/models/aws_robomaker_residential_Ball_01/meshes/aws_Ball_01_collision.DAE\n'}
[7.203729] (trover_description) StdoutLine: {'line': b'-- Installing: /home/elizabeth/MREN203_Trover/install/trover_description/share/trover_description/worlds/models/aws_robomaker_residential_Ball_01/meshes/aws_Ball_01_visual.DAE\n'}
[7.208856] (trover_description) StdoutLine: {'line': b'-- Installing: /home/elizabeth/MREN203_Trover/install/trover_description/share/trover_description/worlds/models/aws_robomaker_residential_Trash_01\n'}
[7.209283] (trover_description) StdoutLine: {'line': b'-- Installing: /home/elizabeth/MREN203_Trover/install/trover_description/share/trover_description/worlds/models/aws_robomaker_residential_Trash_01/model.sdf\n'}
[7.210736] (trover_description) StdoutLine: {'line': b'-- Installing: /home/elizabeth/MREN203_Trover/install/trover_description/share/trover_description/worlds/models/aws_robomaker_residential_Trash_01/materials\n'}
[7.211567] (trover_description) StdoutLine: {'line': b'-- Installing: /home/elizabeth/MREN203_Trover/install/trover_description/share/trover_description/worlds/models/aws_robomaker_residential_Trash_01/materials/textures\n'}
[7.212750] (trover_description) StdoutLine: {'line': b'-- Installing: /home/elizabeth/MREN203_Trover/install/trover_description/share/trover_description/worlds/models/aws_robomaker_residential_Trash_01/materials/textures/aws_Trash_01.png\n'}
[7.223947] (trover_description) StdoutLine: {'line': b'-- Installing: /home/elizabeth/MREN203_Trover/install/trover_description/share/trover_description/worlds/models/aws_robomaker_residential_Trash_01/model.config\n'}
[7.225298] (trover_description) StdoutLine: {'line': b'-- Installing: /home/elizabeth/MREN203_Trover/install/trover_description/share/trover_description/worlds/models/aws_robomaker_residential_Trash_01/meshes\n'}
[7.226037] (trover_description) StdoutLine: {'line': b'-- Installing: /home/elizabeth/MREN203_Trover/install/trover_description/share/trover_description/worlds/models/aws_robomaker_residential_Trash_01/meshes/aws_Trash_01_collision.DAE\n'}
[7.229328] (trover_description) StdoutLine: {'line': b'-- Installing: /home/elizabeth/MREN203_Trover/install/trover_description/share/trover_description/worlds/models/aws_robomaker_residential_Trash_01/meshes/aws_Trash_01_visual.DAE\n'}
[7.235370] (trover_description) StdoutLine: {'line': b'-- Installing: /home/elizabeth/MREN203_Trover/install/trover_description/share/trover_description/worlds/models/aws_robomaker_residential_PortraitA_02\n'}
[7.239851] (trover_description) StdoutLine: {'line': b'-- Installing: /home/elizabeth/MREN203_Trover/install/trover_description/share/trover_description/worlds/models/aws_robomaker_residential_PortraitA_02/model.sdf\n'}
[7.241109] (trover_description) StdoutLine: {'line': b'-- Installing: /home/elizabeth/MREN203_Trover/install/trover_description/share/trover_description/worlds/models/aws_robomaker_residential_PortraitA_02/materials\n'}
[7.241823] (trover_description) StdoutLine: {'line': b'-- Installing: /home/elizabeth/MREN203_Trover/install/trover_description/share/trover_description/worlds/models/aws_robomaker_residential_PortraitA_02/materials/textures\n'}
[7.244983] (trover_description) StdoutLine: {'line': b'-- Installing: /home/elizabeth/MREN203_Trover/install/trover_description/share/trover_description/worlds/models/aws_robomaker_residential_PortraitA_02/materials/textures/aws_PortraitA_02.png\n'}
[7.258882] (trover_description) StdoutLine: {'line': b'-- Installing: /home/elizabeth/MREN203_Trover/install/trover_description/share/trover_description/worlds/models/aws_robomaker_residential_PortraitA_02/materials/textures/aws_PortraitA_01.png\n'}
[7.262562] (trover_description) StdoutLine: {'line': b'-- Installing: /home/elizabeth/MREN203_Trover/install/trover_description/share/trover_description/worlds/models/aws_robomaker_residential_PortraitA_02/materials/textures/PortraitA_02.jpg\n'}
[7.262974] (-) TimerEvent: {}
[7.286227] (trover_description) StdoutLine: {'line': b'-- Installing: /home/elizabeth/MREN203_Trover/install/trover_description/share/trover_description/worlds/models/aws_robomaker_residential_PortraitA_02/model.config\n'}
[7.287292] (trover_description) StdoutLine: {'line': b'-- Installing: /home/elizabeth/MREN203_Trover/install/trover_description/share/trover_description/worlds/models/aws_robomaker_residential_PortraitA_02/meshes\n'}
[7.287902] (trover_description) StdoutLine: {'line': b'-- Installing: /home/elizabeth/MREN203_Trover/install/trover_description/share/trover_description/worlds/models/aws_robomaker_residential_PortraitA_02/meshes/aws_PortraitA_01_collision.DAE\n'}
[7.290666] (trover_description) StdoutLine: {'line': b'-- Installing: /home/elizabeth/MREN203_Trover/install/trover_description/share/trover_description/worlds/models/aws_robomaker_residential_PortraitA_02/meshes/aws_PortraitA_01_visual.DAE\n'}
[7.294634] (trover_description) StdoutLine: {'line': b'-- Installing: /home/elizabeth/MREN203_Trover/install/trover_description/share/trover_description/worlds/models/aws_robomaker_residential_DeskPortraitA_02\n'}
[7.295102] (trover_description) StdoutLine: {'line': b'-- Installing: /home/elizabeth/MREN203_Trover/install/trover_description/share/trover_description/worlds/models/aws_robomaker_residential_DeskPortraitA_02/model.sdf\n'}
[7.304279] (trover_description) StdoutLine: {'line': b'-- Installing: /home/elizabeth/MREN203_Trover/install/trover_description/share/trover_description/worlds/models/aws_robomaker_residential_DeskPortraitA_02/materials\n'}
[7.305397] (trover_description) StdoutLine: {'line': b'-- Installing: /home/elizabeth/MREN203_Trover/install/trover_description/share/trover_description/worlds/models/aws_robomaker_residential_DeskPortraitA_02/materials/textures\n'}
[7.305468] (trover_description) StdoutLine: {'line': b'-- Installing: /home/elizabeth/MREN203_Trover/install/trover_description/share/trover_description/worlds/models/aws_robomaker_residential_DeskPortraitA_02/materials/textures/DeskPortraitA_02.jpg\n'}
[7.328188] (trover_description) StdoutLine: {'line': b'-- Installing: /home/elizabeth/MREN203_Trover/install/trover_description/share/trover_description/worlds/models/aws_robomaker_residential_DeskPortraitA_02/materials/textures/aws_DeskPortraitA_02.png\n'}
[7.346498] (trover_description) StdoutLine: {'line': b'-- Installing: /home/elizabeth/MREN203_Trover/install/trover_description/share/trover_description/worlds/models/aws_robomaker_residential_DeskPortraitA_02/materials/textures/aws_DeskPortraitA_01.png\n'}
[7.351614] (trover_description) StdoutLine: {'line': b'-- Installing: /home/elizabeth/MREN203_Trover/install/trover_description/share/trover_description/worlds/models/aws_robomaker_residential_DeskPortraitA_02/model.config\n'}
[7.354288] (trover_description) StdoutLine: {'line': b'-- Installing: /home/elizabeth/MREN203_Trover/install/trover_description/share/trover_description/worlds/models/aws_robomaker_residential_DeskPortraitA_02/meshes\n'}
[7.356190] (trover_description) StdoutLine: {'line': b'-- Installing: /home/elizabeth/MREN203_Trover/install/trover_description/share/trover_description/worlds/models/aws_robomaker_residential_DeskPortraitA_02/meshes/aws_DeskPortraitA_01_visual.DAE\n'}
[7.362219] (trover_description) StdoutLine: {'line': b'-- Installing: /home/elizabeth/MREN203_Trover/install/trover_description/share/trover_description/worlds/models/aws_robomaker_residential_DeskPortraitA_02/meshes/aws_DeskPortraitA_01_collision.DAE\n'}
[7.363450] (-) TimerEvent: {}
[7.368204] (trover_description) StdoutLine: {'line': b'-- Installing: /home/elizabeth/MREN203_Trover/install/trover_description/share/trover_description/worlds/models/aws_robomaker_residential_KitchenTable_01\n'}
[7.368460] (trover_description) StdoutLine: {'line': b'-- Installing: /home/elizabeth/MREN203_Trover/install/trover_description/share/trover_description/worlds/models/aws_robomaker_residential_KitchenTable_01/model.sdf\n'}
[7.368903] (trover_description) StdoutLine: {'line': b'-- Installing: /home/elizabeth/MREN203_Trover/install/trover_description/share/trover_description/worlds/models/aws_robomaker_residential_KitchenTable_01/materials\n'}
[7.369492] (trover_description) StdoutLine: {'line': b'-- Installing: /home/elizabeth/MREN203_Trover/install/trover_description/share/trover_description/worlds/models/aws_robomaker_residential_KitchenTable_01/materials/textures\n'}
[7.372793] (trover_description) StdoutLine: {'line': b'-- Installing: /home/elizabeth/MREN203_Trover/install/trover_description/share/trover_description/worlds/models/aws_robomaker_residential_KitchenTable_01/materials/textures/aws_KitchenTable_01.png\n'}
[7.389384] (trover_description) StdoutLine: {'line': b'-- Installing: /home/elizabeth/MREN203_Trover/install/trover_description/share/trover_description/worlds/models/aws_robomaker_residential_KitchenTable_01/model.config\n'}
[7.391913] (trover_description) StdoutLine: {'line': b'-- Installing: /home/elizabeth/MREN203_Trover/install/trover_description/share/trover_description/worlds/models/aws_robomaker_residential_KitchenTable_01/meshes\n'}
[7.393831] (trover_description) StdoutLine: {'line': b'-- Installing: /home/elizabeth/MREN203_Trover/install/trover_description/share/trover_description/worlds/models/aws_robomaker_residential_KitchenTable_01/meshes/aws_KitchenTable_01_collision.DAE\n'}
[7.401097] (trover_description) StdoutLine: {'line': b'-- Installing: /home/elizabeth/MREN203_Trover/install/trover_description/share/trover_description/worlds/models/aws_robomaker_residential_KitchenTable_01/meshes/aws_KitchenTable_01_visual.DAE\n'}
[7.409003] (trover_description) StdoutLine: {'line': b'-- Installing: /home/elizabeth/MREN203_Trover/install/trover_description/share/trover_description/worlds/models/aws_robomaker_residential_FoldingDoor_01\n'}
[7.409376] (trover_description) StdoutLine: {'line': b'-- Installing: /home/elizabeth/MREN203_Trover/install/trover_description/share/trover_description/worlds/models/aws_robomaker_residential_FoldingDoor_01/model.sdf\n'}
[7.411672] (trover_description) StdoutLine: {'line': b'-- Installing: /home/elizabeth/MREN203_Trover/install/trover_description/share/trover_description/worlds/models/aws_robomaker_residential_FoldingDoor_01/materials\n'}
[7.412055] (trover_description) StdoutLine: {'line': b'-- Installing: /home/elizabeth/MREN203_Trover/install/trover_description/share/trover_description/worlds/models/aws_robomaker_residential_FoldingDoor_01/materials/textures\n'}
[7.412688] (trover_description) StdoutLine: {'line': b'-- Installing: /home/elizabeth/MREN203_Trover/install/trover_description/share/trover_description/worlds/models/aws_robomaker_residential_FoldingDoor_01/materials/textures/aws_FoldingDoor_01.png\n'}
[7.419315] (trover_description) StdoutLine: {'line': b'-- Installing: /home/elizabeth/MREN203_Trover/install/trover_description/share/trover_description/worlds/models/aws_robomaker_residential_FoldingDoor_01/model.config\n'}
[7.419574] (trover_description) StdoutLine: {'line': b'-- Installing: /home/elizabeth/MREN203_Trover/install/trover_description/share/trover_description/worlds/models/aws_robomaker_residential_FoldingDoor_01/meshes\n'}
[7.419640] (trover_description) StdoutLine: {'line': b'-- Installing: /home/elizabeth/MREN203_Trover/install/trover_description/share/trover_description/worlds/models/aws_robomaker_residential_FoldingDoor_01/meshes/aws_FoldingDoor_01_collision.DAE\n'}
[7.421476] (trover_description) StdoutLine: {'line': b'-- Installing: /home/elizabeth/MREN203_Trover/install/trover_description/share/trover_description/worlds/models/aws_robomaker_residential_FoldingDoor_01/meshes/aws_FoldingDoor_01_visual.DAE\n'}
[7.446388] (trover_description) StdoutLine: {'line': b'-- Installing: /home/elizabeth/MREN203_Trover/install/trover_description/share/trover_description/worlds/models/aws_robomaker_residential_Vase_01\n'}
[7.447892] (trover_description) StdoutLine: {'line': b'-- Installing: /home/elizabeth/MREN203_Trover/install/trover_description/share/trover_description/worlds/models/aws_robomaker_residential_Vase_01/model.sdf\n'}
[7.448811] (trover_description) StdoutLine: {'line': b'-- Installing: /home/elizabeth/MREN203_Trover/install/trover_description/share/trover_description/worlds/models/aws_robomaker_residential_Vase_01/materials\n'}
[7.449832] (trover_description) StdoutLine: {'line': b'-- Installing: /home/elizabeth/MREN203_Trover/install/trover_description/share/trover_description/worlds/models/aws_robomaker_residential_Vase_01/materials/textures\n'}
[7.450008] (trover_description) StdoutLine: {'line': b'-- Installing: /home/elizabeth/MREN203_Trover/install/trover_description/share/trover_description/worlds/models/aws_robomaker_residential_Vase_01/materials/textures/aws_Vase_01.png\n'}
[7.455154] (trover_description) StdoutLine: {'line': b'-- Installing: /home/elizabeth/MREN203_Trover/install/trover_description/share/trover_description/worlds/models/aws_robomaker_residential_Vase_01/model.config\n'}
[7.456580] (trover_description) StdoutLine: {'line': b'-- Installing: /home/elizabeth/MREN203_Trover/install/trover_description/share/trover_description/worlds/models/aws_robomaker_residential_Vase_01/meshes\n'}
[7.456790] (trover_description) StdoutLine: {'line': b'-- Installing: /home/elizabeth/MREN203_Trover/install/trover_description/share/trover_description/worlds/models/aws_robomaker_residential_Vase_01/meshes/aws_Vase_01_collision.DAE\n'}
[7.458604] (trover_description) StdoutLine: {'line': b'-- Installing: /home/elizabeth/MREN203_Trover/install/trover_description/share/trover_description/worlds/models/aws_robomaker_residential_Vase_01/meshes/aws_Vase_01_visual.DAE\n'}
[7.465241] (-) TimerEvent: {}
[7.466826] (trover_description) StdoutLine: {'line': b'-- Installing: /home/elizabeth/MREN203_Trover/install/trover_description/share/trover_description/worlds/models/aws_robomaker_residential_ShoeRack_01\n'}
[7.467333] (trover_description) StdoutLine: {'line': b'-- Installing: /home/elizabeth/MREN203_Trover/install/trover_description/share/trover_description/worlds/models/aws_robomaker_residential_ShoeRack_01/model.sdf\n'}
[7.470369] (trover_description) StdoutLine: {'line': b'-- Installing: /home/elizabeth/MREN203_Trover/install/trover_description/share/trover_description/worlds/models/aws_robomaker_residential_ShoeRack_01/materials\n'}
[7.471541] (trover_description) StdoutLine: {'line': b'-- Installing: /home/elizabeth/MREN203_Trover/install/trover_description/share/trover_description/worlds/models/aws_robomaker_residential_ShoeRack_01/materials/textures\n'}
[7.472175] (trover_description) StdoutLine: {'line': b'-- Installing: /home/elizabeth/MREN203_Trover/install/trover_description/share/trover_description/worlds/models/aws_robomaker_residential_ShoeRack_01/materials/textures/aws_ShoeRack_01.png\n'}
[7.500565] (trover_description) StdoutLine: {'line': b'-- Installing: /home/elizabeth/MREN203_Trover/install/trover_description/share/trover_description/worlds/models/aws_robomaker_residential_ShoeRack_01/model.config\n'}
[7.501093] (trover_description) StdoutLine: {'line': b'-- Installing: /home/elizabeth/MREN203_Trover/install/trover_description/share/trover_description/worlds/models/aws_robomaker_residential_ShoeRack_01/meshes\n'}
[7.501242] (trover_description) StdoutLine: {'line': b'-- Installing: /home/elizabeth/MREN203_Trover/install/trover_description/share/trover_description/worlds/models/aws_robomaker_residential_ShoeRack_01/meshes/aws_ShoeRack_01_visual.DAE\n'}
[7.509537] (trover_description) StdoutLine: {'line': b'-- Installing: /home/elizabeth/MREN203_Trover/install/trover_description/share/trover_description/worlds/models/aws_robomaker_residential_ShoeRack_01/meshes/aws_ShoeRack_01_collision.DAE\n'}
[7.512423] (trover_description) StdoutLine: {'line': b'-- Installing: /home/elizabeth/MREN203_Trover/install/trover_description/share/trover_description/worlds/models/aws_robomaker_residential_Quilt_01\n'}
[7.518156] (trover_description) StdoutLine: {'line': b'-- Installing: /home/elizabeth/MREN203_Trover/install/trover_description/share/trover_description/worlds/models/aws_robomaker_residential_Quilt_01/model.sdf\n'}
[7.518373] (trover_description) StdoutLine: {'line': b'-- Installing: /home/elizabeth/MREN203_Trover/install/trover_description/share/trover_description/worlds/models/aws_robomaker_residential_Quilt_01/materials\n'}
[7.518437] (trover_description) StdoutLine: {'line': b'-- Installing: /home/elizabeth/MREN203_Trover/install/trover_description/share/trover_description/worlds/models/aws_robomaker_residential_Quilt_01/materials/textures\n'}
[7.518492] (trover_description) StdoutLine: {'line': b'-- Installing: /home/elizabeth/MREN203_Trover/install/trover_description/share/trover_description/worlds/models/aws_robomaker_residential_Quilt_01/materials/textures/aws_Quilt_01.png\n'}
[7.548288] (trover_description) StdoutLine: {'line': b'-- Installing: /home/elizabeth/MREN203_Trover/install/trover_description/share/trover_description/worlds/models/aws_robomaker_residential_Quilt_01/model.config\n'}
[7.552103] (trover_description) StdoutLine: {'line': b'-- Installing: /home/elizabeth/MREN203_Trover/install/trover_description/share/trover_description/worlds/models/aws_robomaker_residential_Quilt_01/meshes\n'}
[7.553746] (trover_description) StdoutLine: {'line': b'-- Installing: /home/elizabeth/MREN203_Trover/install/trover_description/share/trover_description/worlds/models/aws_robomaker_residential_Quilt_01/meshes/aws_Quilt_01_visual.DAE\n'}
[7.563545] (trover_description) StdoutLine: {'line': b'-- Installing: /home/elizabeth/MREN203_Trover/install/trover_description/share/trover_description/worlds/models/aws_robomaker_residential_Quilt_01/meshes/aws_Quilt_01_collision.DAE\n'}
[7.566182] (trover_description) StdoutLine: {'line': b'-- Installing: /home/elizabeth/MREN203_Trover/install/trover_description/share/trover_description/worlds/models/aws_robomaker_residential_PortraitE_02\n'}
[7.566872] (-) TimerEvent: {}
[7.569063] (trover_description) StdoutLine: {'line': b'-- Installing: /home/elizabeth/MREN203_Trover/install/trover_description/share/trover_description/worlds/models/aws_robomaker_residential_PortraitE_02/model.sdf\n'}
[7.569338] (trover_description) StdoutLine: {'line': b'-- Installing: /home/elizabeth/MREN203_Trover/install/trover_description/share/trover_description/worlds/models/aws_robomaker_residential_PortraitE_02/materials\n'}
[7.570693] (trover_description) StdoutLine: {'line': b'-- Installing: /home/elizabeth/MREN203_Trover/install/trover_description/share/trover_description/worlds/models/aws_robomaker_residential_PortraitE_02/materials/textures\n'}
[7.572742] (trover_description) StdoutLine: {'line': b'-- Installing: /home/elizabeth/MREN203_Trover/install/trover_description/share/trover_description/worlds/models/aws_robomaker_residential_PortraitE_02/materials/textures/aws_PortraitE_02.png\n'}
[7.625347] (trover_description) StdoutLine: {'line': b'-- Installing: /home/elizabeth/MREN203_Trover/install/trover_description/share/trover_description/worlds/models/aws_robomaker_residential_PortraitE_02/materials/textures/aws_PortraitE_01.png\n'}
[7.628174] (trover_description) StdoutLine: {'line': b'-- Installing: /home/elizabeth/MREN203_Trover/install/trover_description/share/trover_description/worlds/models/aws_robomaker_residential_PortraitE_02/materials/textures/PortraitE_02.jpg\n'}
[7.638410] (trover_description) StdoutLine: {'line': b'-- Installing: /home/elizabeth/MREN203_Trover/install/trover_description/share/trover_description/worlds/models/aws_robomaker_residential_PortraitE_02/model.config\n'}
[7.640486] (trover_description) StdoutLine: {'line': b'-- Installing: /home/elizabeth/MREN203_Trover/install/trover_description/share/trover_description/worlds/models/aws_robomaker_residential_PortraitE_02/meshes\n'}
[7.640682] (trover_description) StdoutLine: {'line': b'-- Installing: /home/elizabeth/MREN203_Trover/install/trover_description/share/trover_description/worlds/models/aws_robomaker_residential_PortraitE_02/meshes/aws_PortraitE_01_visual.DAE\n'}
[7.644098] (trover_description) StdoutLine: {'line': b'-- Installing: /home/elizabeth/MREN203_Trover/install/trover_description/share/trover_description/worlds/models/aws_robomaker_residential_PortraitE_02/meshes/aws_PortraitE_01_collision.DAE\n'}
[7.646092] (trover_description) StdoutLine: {'line': b'-- Installing: /home/elizabeth/MREN203_Trover/install/trover_description/share/trover_description/worlds/models/aws_robomaker_residential_Carpet_01\n'}
[7.646711] (trover_description) StdoutLine: {'line': b'-- Installing: /home/elizabeth/MREN203_Trover/install/trover_description/share/trover_description/worlds/models/aws_robomaker_residential_Carpet_01/model.sdf\n'}
[7.648920] (trover_description) StdoutLine: {'line': b'-- Installing: /home/elizabeth/MREN203_Trover/install/trover_description/share/trover_description/worlds/models/aws_robomaker_residential_Carpet_01/materials\n'}
[7.650852] (trover_description) StdoutLine: {'line': b'-- Installing: /home/elizabeth/MREN203_Trover/install/trover_description/share/trover_description/worlds/models/aws_robomaker_residential_Carpet_01/materials/textures\n'}
[7.651209] (trover_description) StdoutLine: {'line': b'-- Installing: /home/elizabeth/MREN203_Trover/install/trover_description/share/trover_description/worlds/models/aws_robomaker_residential_Carpet_01/materials/textures/aws_Carpet_01.png\n'}
[7.670882] (-) TimerEvent: {}
[7.774536] (-) TimerEvent: {}
[7.804640] (trover_slam) StdoutLine: {'line': b'running egg_info\n'}
[7.807915] (trover_slam) StdoutLine: {'line': b'creating ../../build/trover_slam/trover_slam.egg-info\n'}
[7.808937] (trover_slam) StdoutLine: {'line': b'writing ../../build/trover_slam/trover_slam.egg-info/PKG-INFO\n'}
[7.809052] (trover_slam) StdoutLine: {'line': b'writing dependency_links to ../../build/trover_slam/trover_slam.egg-info/dependency_links.txt\n'}
[7.809112] (trover_slam) StdoutLine: {'line': b'writing entry points to ../../build/trover_slam/trover_slam.egg-info/entry_points.txt\n'}
[7.809165] (trover_slam) StdoutLine: {'line': b'writing requirements to ../../build/trover_slam/trover_slam.egg-info/requires.txt\n'}
[7.809940] (trover_slam) StdoutLine: {'line': b'writing top-level names to ../../build/trover_slam/trover_slam.egg-info/top_level.txt\n'}
[7.810173] (trover_slam) StdoutLine: {'line': b"writing manifest file '../../build/trover_slam/trover_slam.egg-info/SOURCES.txt'\n"}
[7.815555] (trover_slam) StdoutLine: {'line': b"reading manifest file '../../build/trover_slam/trover_slam.egg-info/SOURCES.txt'\n"}
[7.816811] (trover_slam) StdoutLine: {'line': b"writing manifest file '../../build/trover_slam/trover_slam.egg-info/SOURCES.txt'\n"}
[7.818745] (trover_slam) StdoutLine: {'line': b'running build\n'}
[7.818843] (trover_slam) StdoutLine: {'line': b'running build_py\n'}
[7.818897] (trover_slam) StdoutLine: {'line': b'creating /home/elizabeth/MREN203_Trover/build/trover_slam/build\n'}
[7.818951] (trover_slam) StdoutLine: {'line': b'creating /home/elizabeth/MREN203_Trover/build/trover_slam/build/lib\n'}
[7.819616] (trover_slam) StdoutLine: {'line': b'creating /home/elizabeth/MREN203_Trover/build/trover_slam/build/lib/trover_slam\n'}
[7.819967] (trover_slam) StdoutLine: {'line': b'copying trover_slam/__init__.py -> /home/elizabeth/MREN203_Trover/build/trover_slam/build/lib/trover_slam\n'}
[7.820523] (trover_slam) StdoutLine: {'line': b'running install\n'}
[7.821409] (trover_slam) StdoutLine: {'line': b'running install_lib\n'}
[7.825085] (trover_slam) StdoutLine: {'line': b'creating /home/elizabeth/MREN203_Trover/install/trover_slam/lib/python3.10/site-packages/trover_slam\n'}
[7.827272] (trover_slam) StdoutLine: {'line': b'copying /home/elizabeth/MREN203_Trover/build/trover_slam/build/lib/trover_slam/__init__.py -> /home/elizabeth/MREN203_Trover/install/trover_slam/lib/python3.10/site-packages/trover_slam\n'}
[7.827452] (trover_slam) StdoutLine: {'line': b'byte-compiling /home/elizabeth/MREN203_Trover/install/trover_slam/lib/python3.10/site-packages/trover_slam/__init__.py to __init__.cpython-310.pyc\n'}
[7.828494] (trover_slam) StdoutLine: {'line': b'running install_data\n'}
[7.829318] (trover_slam) StdoutLine: {'line': b'creating /home/elizabeth/MREN203_Trover/install/trover_slam/share/ament_index\n'}
[7.831182] (trover_slam) StdoutLine: {'line': b'creating /home/elizabeth/MREN203_Trover/install/trover_slam/share/ament_index/resource_index\n'}
[7.831490] (trover_slam) StdoutLine: {'line': b'creating /home/elizabeth/MREN203_Trover/install/trover_slam/share/ament_index/resource_index/packages\n'}
[7.831610] (trover_slam) StdoutLine: {'line': b'copying resource/trover_slam -> /home/elizabeth/MREN203_Trover/install/trover_slam/share/ament_index/resource_index/packages\n'}
[7.831716] (trover_slam) StdoutLine: {'line': b'copying package.xml -> /home/elizabeth/MREN203_Trover/install/trover_slam/share/trover_slam\n'}
[7.831786] (trover_slam) StdoutLine: {'line': b'creating /home/elizabeth/MREN203_Trover/install/trover_slam/share/trover_slam/launch\n'}
[7.831868] (trover_slam) StdoutLine: {'line': b'copying launch/slam.launch.py -> /home/elizabeth/MREN203_Trover/install/trover_slam/share/trover_slam/launch\n'}
[7.834756] (trover_slam) StdoutLine: {'line': b'creating /home/elizabeth/MREN203_Trover/install/trover_slam/share/trover_slam/config\n'}
[7.835423] (trover_slam) StdoutLine: {'line': b'copying config/slam_toolbox.yaml -> /home/elizabeth/MREN203_Trover/install/trover_slam/share/trover_slam/config\n'}
[7.840592] (trover_slam) StdoutLine: {'line': b'running install_egg_info\n'}
[7.851046] (trover_slam) StdoutLine: {'line': b'Copying ../../build/trover_slam/trover_slam.egg-info to /home/elizabeth/MREN203_Trover/install/trover_slam/lib/python3.10/site-packages/trover_slam-0.0.0-py3.10.egg-info\n'}
[7.857959] (trover_slam) StdoutLine: {'line': b'running install_scripts\n'}
[7.875458] (-) TimerEvent: {}
[7.878354] (trover_description) StdoutLine: {'line': b'-- Installing: /home/elizabeth/MREN203_Trover/install/trover_description/share/trover_description/worlds/models/aws_robomaker_residential_Carpet_01/model.config\n'}
[7.883060] (trover_description) StdoutLine: {'line': b'-- Installing: /home/elizabeth/MREN203_Trover/install/trover_description/share/trover_description/worlds/models/aws_robomaker_residential_Carpet_01/meshes\n'}
[7.883305] (trover_description) StdoutLine: {'line': b'-- Installing: /home/elizabeth/MREN203_Trover/install/trover_description/share/trover_description/worlds/models/aws_robomaker_residential_Carpet_01/meshes/aws_Carpet_01_collision.DAE\n'}
[7.885456] (trover_description) StdoutLine: {'line': b'-- Installing: /home/elizabeth/MREN203_Trover/install/trover_description/share/trover_description/worlds/models/aws_robomaker_residential_Carpet_01/meshes/aws_Carpet_01_visual.DAE\n'}
[7.888560] (trover_description) StdoutLine: {'line': b'-- Installing: /home/elizabeth/MREN203_Trover/install/trover_description/share/trover_description/worlds/models/aws_robomaker_residential_DeskPortraitD_02\n'}
[7.889477] (trover_description) StdoutLine: {'line': b'-- Installing: /home/elizabeth/MREN203_Trover/install/trover_description/share/trover_description/worlds/models/aws_robomaker_residential_DeskPortraitD_02/model.sdf\n'}
[7.891695] (trover_description) StdoutLine: {'line': b'-- Installing: /home/elizabeth/MREN203_Trover/install/trover_description/share/trover_description/worlds/models/aws_robomaker_residential_DeskPortraitD_02/materials\n'}
[7.892659] (trover_description) StdoutLine: {'line': b'-- Installing: /home/elizabeth/MREN203_Trover/install/trover_description/share/trover_description/worlds/models/aws_robomaker_residential_DeskPortraitD_02/materials/textures\n'}
[7.892756] (trover_description) StdoutLine: {'line': b'-- Installing: /home/elizabeth/MREN203_Trover/install/trover_description/share/trover_description/worlds/models/aws_robomaker_residential_DeskPortraitD_02/materials/textures/aws_DeskPortraitD_02.png\n'}
[7.943401] (trover_slam) StdoutLine: {'line': b"writing list of installed files to '/home/elizabeth/MREN203_Trover/build/trover_slam/install.log'\n"}
[7.954099] (trover_description) StdoutLine: {'line': b'-- Installing: /home/elizabeth/MREN203_Trover/install/trover_description/share/trover_description/worlds/models/aws_robomaker_residential_DeskPortraitD_02/materials/textures/DeskPortraitD_02.jpg\n'}
[7.968796] (trover_description) StdoutLine: {'line': b'-- Installing: /home/elizabeth/MREN203_Trover/install/trover_description/share/trover_description/worlds/models/aws_robomaker_residential_DeskPortraitD_02/materials/textures/aws_DeskPortraitD_01.png\n'}
[7.970594] (trover_description) StdoutLine: {'line': b'-- Installing: /home/elizabeth/MREN203_Trover/install/trover_description/share/trover_description/worlds/models/aws_robomaker_residential_DeskPortraitD_02/model.config\n'}
[7.972594] (trover_description) StdoutLine: {'line': b'-- Installing: /home/elizabeth/MREN203_Trover/install/trover_description/share/trover_description/worlds/models/aws_robomaker_residential_DeskPortraitD_02/meshes\n'}
[7.973547] (trover_description) StdoutLine: {'line': b'-- Installing: /home/elizabeth/MREN203_Trover/install/trover_description/share/trover_description/worlds/models/aws_robomaker_residential_DeskPortraitD_02/meshes/aws_DeskPortraitD_01_collision.DAE\n'}
[7.976016] (trover_description) StdoutLine: {'line': b'-- Installing: /home/elizabeth/MREN203_Trover/install/trover_description/share/trover_description/worlds/models/aws_robomaker_residential_DeskPortraitD_02/meshes/aws_DeskPortraitD_01_visual.DAE\n'}
[7.976256] (-) TimerEvent: {}
[7.980924] (trover_description) StdoutLine: {'line': b'-- Installing: /home/elizabeth/MREN203_Trover/install/trover_description/share/trover_description/worlds/models/aws_robomaker_residential_FloorB_01\n'}
[7.981395] (trover_description) StdoutLine: {'line': b'-- Installing: /home/elizabeth/MREN203_Trover/install/trover_description/share/trover_description/worlds/models/aws_robomaker_residential_FloorB_01/model.sdf\n'}
[7.983301] (trover_description) StdoutLine: {'line': b'-- Installing: /home/elizabeth/MREN203_Trover/install/trover_description/share/trover_description/worlds/models/aws_robomaker_residential_FloorB_01/materials\n'}
[7.983853] (trover_description) StdoutLine: {'line': b'-- Installing: /home/elizabeth/MREN203_Trover/install/trover_description/share/trover_description/worlds/models/aws_robomaker_residential_FloorB_01/materials/textures\n'}
[7.984626] (trover_description) StdoutLine: {'line': b'-- Installing: /home/elizabeth/MREN203_Trover/install/trover_description/share/trover_description/worlds/models/aws_robomaker_residential_FloorB_01/materials/textures/aws_FloorB_01.png\n'}
[7.994011] (trover_description) StdoutLine: {'line': b'-- Installing: /home/elizabeth/MREN203_Trover/install/trover_description/share/trover_description/worlds/models/aws_robomaker_residential_FloorB_01/model.config\n'}
[7.996715] (trover_description) StdoutLine: {'line': b'-- Installing: /home/elizabeth/MREN203_Trover/install/trover_description/share/trover_description/worlds/models/aws_robomaker_residential_FloorB_01/meshes\n'}
[7.998219] (trover_description) StdoutLine: {'line': b'-- Installing: /home/elizabeth/MREN203_Trover/install/trover_description/share/trover_description/worlds/models/aws_robomaker_residential_FloorB_01/meshes/aws_FloorB_01_collision.DAE\n'}
[8.000299] (trover_description) StdoutLine: {'line': b'-- Installing: /home/elizabeth/MREN203_Trover/install/trover_description/share/trover_description/worlds/models/aws_robomaker_residential_FloorB_01/meshes/aws_FloorB_01_visual.DAE\n'}
[8.003588] (trover_description) StdoutLine: {'line': b'-- Installing: /home/elizabeth/MREN203_Trover/install/trover_description/share/trover_description/worlds/models/aws_robomaker_residential_RoomWindow_01\n'}
[8.004386] (trover_description) StdoutLine: {'line': b'-- Installing: /home/elizabeth/MREN203_Trover/install/trover_description/share/trover_description/worlds/models/aws_robomaker_residential_RoomWindow_01/model.sdf\n'}
[8.007773] (trover_description) StdoutLine: {'line': b'-- Installing: /home/elizabeth/MREN203_Trover/install/trover_description/share/trover_description/worlds/models/aws_robomaker_residential_RoomWindow_01/materials\n'}
[8.008718] (trover_description) StdoutLine: {'line': b'-- Installing: /home/elizabeth/MREN203_Trover/install/trover_description/share/trover_description/worlds/models/aws_robomaker_residential_RoomWindow_01/materials/textures\n'}
[8.009608] (trover_description) StdoutLine: {'line': b'-- Installing: /home/elizabeth/MREN203_Trover/install/trover_description/share/trover_description/worlds/models/aws_robomaker_residential_RoomWindow_01/materials/textures/aws_RoomWindow_01.png\n'}
[8.013860] (trover_description) StdoutLine: {'line': b'-- Installing: /home/elizabeth/MREN203_Trover/install/trover_description/share/trover_description/worlds/models/aws_robomaker_residential_RoomWindow_01/model.config\n'}
[8.017571] (trover_description) StdoutLine: {'line': b'-- Installing: /home/elizabeth/MREN203_Trover/install/trover_description/share/trover_description/worlds/models/aws_robomaker_residential_RoomWindow_01/meshes\n'}
[8.017810] (trover_description) StdoutLine: {'line': b'-- Installing: /home/elizabeth/MREN203_Trover/install/trover_description/share/trover_description/worlds/models/aws_robomaker_residential_RoomWindow_01/meshes/aws_RoomWindow_01_visual.DAE\n'}
[8.021809] (trover_description) StdoutLine: {'line': b'-- Installing: /home/elizabeth/MREN203_Trover/install/trover_description/share/trover_description/worlds/models/aws_robomaker_residential_RoomWindow_01/meshes/aws_RoomWindow_01_collision.DAE\n'}
[8.025047] (trover_description) StdoutLine: {'line': b'-- Installing: /home/elizabeth/MREN203_Trover/install/trover_description/share/trover_description/worlds/models/aws_robomaker_residential_SeasoningBox_01\n'}
[8.025362] (trover_description) StdoutLine: {'line': b'-- Installing: /home/elizabeth/MREN203_Trover/install/trover_description/share/trover_description/worlds/models/aws_robomaker_residential_SeasoningBox_01/model.sdf\n'}
[8.026792] (trover_description) StdoutLine: {'line': b'-- Installing: /home/elizabeth/MREN203_Trover/install/trover_description/share/trover_description/worlds/models/aws_robomaker_residential_SeasoningBox_01/materials\n'}
[8.027521] (trover_description) StdoutLine: {'line': b'-- Installing: /home/elizabeth/MREN203_Trover/install/trover_description/share/trover_description/worlds/models/aws_robomaker_residential_SeasoningBox_01/materials/textures\n'}
[8.028600] (trover_description) StdoutLine: {'line': b'-- Installing: /home/elizabeth/MREN203_Trover/install/trover_description/share/trover_description/worlds/models/aws_robomaker_residential_SeasoningBox_01/materials/textures/aws_SeasoningBox_01.png\n'}
[8.030215] (trover_slam) CommandEnded: {'returncode': 0}
[8.034398] (trover_description) StdoutLine: {'line': b'-- Installing: /home/elizabeth/MREN203_Trover/install/trover_description/share/trover_description/worlds/models/aws_robomaker_residential_SeasoningBox_01/model.config\n'}
[8.034998] (trover_description) StdoutLine: {'line': b'-- Installing: /home/elizabeth/MREN203_Trover/install/trover_description/share/trover_description/worlds/models/aws_robomaker_residential_SeasoningBox_01/meshes\n'}
[8.035166] (trover_description) StdoutLine: {'line': b'-- Installing: /home/elizabeth/MREN203_Trover/install/trover_description/share/trover_description/worlds/models/aws_robomaker_residential_SeasoningBox_01/meshes/aws_SeasoningBox_01_collision.DAE\n'}
[8.046393] (trover_description) StdoutLine: {'line': b'-- Installing: /home/elizabeth/MREN203_Trover/install/trover_description/share/trover_description/worlds/models/aws_robomaker_residential_SeasoningBox_01/meshes/aws_SeasoningBox_01_visual.DAE\n'}
[8.055151] (trover_slam) JobEnded: {'identifier': 'trover_slam', 'rc': 0}
[8.058438] (trover_state_estimation) JobStarted: {'identifier': 'trover_state_estimation'}
[8.076511] (-) TimerEvent: {}
[8.100049] (trover_description) StdoutLine: {'line': b'-- Installing: /home/elizabeth/MREN203_Trover/install/trover_description/share/trover_description/worlds/models/aws_robomaker_residential_BalconyTable_01\n'}
[8.100305] (trover_description) StdoutLine: {'line': b'-- Installing: /home/elizabeth/MREN203_Trover/install/trover_description/share/trover_description/worlds/models/aws_robomaker_residential_BalconyTable_01/model.sdf\n'}
[8.102375] (trover_description) StdoutLine: {'line': b'-- Installing: /home/elizabeth/MREN203_Trover/install/trover_description/share/trover_description/worlds/models/aws_robomaker_residential_BalconyTable_01/materials\n'}
[8.102616] (trover_description) StdoutLine: {'line': b'-- Installing: /home/elizabeth/MREN203_Trover/install/trover_description/share/trover_description/worlds/models/aws_robomaker_residential_BalconyTable_01/materials/textures\n'}
[8.103666] (trover_description) StdoutLine: {'line': b'-- Installing: /home/elizabeth/MREN203_Trover/install/trover_description/share/trover_description/worlds/models/aws_robomaker_residential_BalconyTable_01/materials/textures/aws_BalconyTable_01.png\n'}
[8.105902] (trover_description) StdoutLine: {'line': b'-- Installing: /home/elizabeth/MREN203_Trover/install/trover_description/share/trover_description/worlds/models/aws_robomaker_residential_BalconyTable_01/model.config\n'}
[8.108477] (trover_description) StdoutLine: {'line': b'-- Installing: /home/elizabeth/MREN203_Trover/install/trover_description/share/trover_description/worlds/models/aws_robomaker_residential_BalconyTable_01/meshes\n'}
[8.108997] (trover_description) StdoutLine: {'line': b'-- Installing: /home/elizabeth/MREN203_Trover/install/trover_description/share/trover_description/worlds/models/aws_robomaker_residential_BalconyTable_01/meshes/aws_BalconyTable_01_visual.DAE\n'}
[8.113335] (trover_description) StdoutLine: {'line': b'-- Installing: /home/elizabeth/MREN203_Trover/install/trover_description/share/trover_description/worlds/models/aws_robomaker_residential_BalconyTable_01/meshes/aws_BalconyTable_01_collision.DAE\n'}
[8.116926] (trover_description) StdoutLine: {'line': b'-- Installing: /home/elizabeth/MREN203_Trover/install/trover_description/share/trover_description/worlds/models/aws_robomaker_residential_Rangehood_01\n'}
[8.117138] (trover_description) StdoutLine: {'line': b'-- Installing: /home/elizabeth/MREN203_Trover/install/trover_description/share/trover_description/worlds/models/aws_robomaker_residential_Rangehood_01/model.sdf\n'}
[8.118857] (trover_description) StdoutLine: {'line': b'-- Installing: /home/elizabeth/MREN203_Trover/install/trover_description/share/trover_description/worlds/models/aws_robomaker_residential_Rangehood_01/materials\n'}
[8.119751] (trover_description) StdoutLine: {'line': b'-- Installing: /home/elizabeth/MREN203_Trover/install/trover_description/share/trover_description/worlds/models/aws_robomaker_residential_Rangehood_01/materials/textures\n'}
[8.123235] (trover_description) StdoutLine: {'line': b'-- Installing: /home/elizabeth/MREN203_Trover/install/trover_description/share/trover_description/worlds/models/aws_robomaker_residential_Rangehood_01/materials/textures/aws_Rangehood_01.png\n'}
[8.128271] (trover_description) StdoutLine: {'line': b'-- Installing: /home/elizabeth/MREN203_Trover/install/trover_description/share/trover_description/worlds/models/aws_robomaker_residential_Rangehood_01/model.config\n'}
[8.131097] (trover_description) StdoutLine: {'line': b'-- Installing: /home/elizabeth/MREN203_Trover/install/trover_description/share/trover_description/worlds/models/aws_robomaker_residential_Rangehood_01/meshes\n'}
[8.131352] (trover_description) StdoutLine: {'line': b'-- Installing: /home/elizabeth/MREN203_Trover/install/trover_description/share/trover_description/worlds/models/aws_robomaker_residential_Rangehood_01/meshes/aws_Rangehood_01_collision.DAE\n'}
[8.133214] (trover_description) StdoutLine: {'line': b'-- Installing: /home/elizabeth/MREN203_Trover/install/trover_description/share/trover_description/worlds/models/aws_robomaker_residential_Rangehood_01/meshes/aws_Rangehood_01_visual.DAE\n'}
[8.150623] (trover_description) StdoutLine: {'line': b'-- Installing: /home/elizabeth/MREN203_Trover/install/trover_description/share/trover_description/worlds/models/aws_robomaker_residential_PortraitD_02\n'}
[8.151823] (trover_description) StdoutLine: {'line': b'-- Installing: /home/elizabeth/MREN203_Trover/install/trover_description/share/trover_description/worlds/models/aws_robomaker_residential_PortraitD_02/model.sdf\n'}
[8.161287] (trover_description) StdoutLine: {'line': b'-- Installing: /home/elizabeth/MREN203_Trover/install/trover_description/share/trover_description/worlds/models/aws_robomaker_residential_PortraitD_02/materials\n'}
[8.161949] (trover_description) StdoutLine: {'line': b'-- Installing: /home/elizabeth/MREN203_Trover/install/trover_description/share/trover_description/worlds/models/aws_robomaker_residential_PortraitD_02/materials/textures\n'}
[8.162136] (trover_description) StdoutLine: {'line': b'-- Installing: /home/elizabeth/MREN203_Trover/install/trover_description/share/trover_description/worlds/models/aws_robomaker_residential_PortraitD_02/materials/textures/PortraitD_02.jpg\n'}
[8.174873] (trover_description) StdoutLine: {'line': b'-- Installing: /home/elizabeth/MREN203_Trover/install/trover_description/share/trover_description/worlds/models/aws_robomaker_residential_PortraitD_02/materials/textures/aws_PortraitD_02.png\n'}
[8.177531] (-) TimerEvent: {}
[8.198835] (trover_description) StdoutLine: {'line': b'-- Installing: /home/elizabeth/MREN203_Trover/install/trover_description/share/trover_description/worlds/models/aws_robomaker_residential_PortraitD_02/materials/textures/aws_PortraitD_01.png\n'}
[8.200755] (trover_description) StdoutLine: {'line': b'-- Installing: /home/elizabeth/MREN203_Trover/install/trover_description/share/trover_description/worlds/models/aws_robomaker_residential_PortraitD_02/model.config\n'}
[8.204385] (trover_description) StdoutLine: {'line': b'-- Installing: /home/elizabeth/MREN203_Trover/install/trover_description/share/trover_description/worlds/models/aws_robomaker_residential_PortraitD_02/meshes\n'}
[8.204666] (trover_description) StdoutLine: {'line': b'-- Installing: /home/elizabeth/MREN203_Trover/install/trover_description/share/trover_description/worlds/models/aws_robomaker_residential_PortraitD_02/meshes/aws_PortraitD_01_collision.DAE\n'}
[8.208671] (trover_description) StdoutLine: {'line': b'-- Installing: /home/elizabeth/MREN203_Trover/install/trover_description/share/trover_description/worlds/models/aws_robomaker_residential_PortraitD_02/meshes/aws_PortraitD_01_visual.DAE\n'}
[8.213916] (trover_description) StdoutLine: {'line': b'-- Installing: /home/elizabeth/MREN203_Trover/install/trover_description/share/trover_description/worlds/models/aws_robomaker_residential_Bed_01\n'}
[8.214329] (trover_description) StdoutLine: {'line': b'-- Installing: /home/elizabeth/MREN203_Trover/install/trover_description/share/trover_description/worlds/models/aws_robomaker_residential_Bed_01/model.sdf\n'}
[8.216831] (trover_description) StdoutLine: {'line': b'-- Installing: /home/elizabeth/MREN203_Trover/install/trover_description/share/trover_description/worlds/models/aws_robomaker_residential_Bed_01/materials\n'}
[8.217420] (trover_description) StdoutLine: {'line': b'-- Installing: /home/elizabeth/MREN203_Trover/install/trover_description/share/trover_description/worlds/models/aws_robomaker_residential_Bed_01/materials/textures\n'}
[8.217908] (trover_description) StdoutLine: {'line': b'-- Installing: /home/elizabeth/MREN203_Trover/install/trover_description/share/trover_description/worlds/models/aws_robomaker_residential_Bed_01/materials/textures/aws_Bed_01.png\n'}
[8.235292] (trover_description) StdoutLine: {'line': b'-- Installing: /home/elizabeth/MREN203_Trover/install/trover_description/share/trover_description/worlds/models/aws_robomaker_residential_Bed_01/materials/textures/aws_BedC_01.png\n'}
[8.266459] (trover_description) StdoutLine: {'line': b'-- Installing: /home/elizabeth/MREN203_Trover/install/trover_description/share/trover_description/worlds/models/aws_robomaker_residential_Bed_01/materials/textures/aws_BedB_01.png\n'}
[8.280605] (-) TimerEvent: {}
[8.315046] (trover_description) StdoutLine: {'line': b'-- Installing: /home/elizabeth/MREN203_Trover/install/trover_description/share/trover_description/worlds/models/aws_robomaker_residential_Bed_01/materials/textures/aws_BedA_01.png\n'}
[8.327344] (trover_description) StdoutLine: {'line': b'-- Installing: /home/elizabeth/MREN203_Trover/install/trover_description/share/trover_description/worlds/models/aws_robomaker_residential_Bed_01/model.config\n'}
[8.329543] (trover_description) StdoutLine: {'line': b'-- Installing: /home/elizabeth/MREN203_Trover/install/trover_description/share/trover_description/worlds/models/aws_robomaker_residential_Bed_01/meshes\n'}
[8.329852] (trover_description) StdoutLine: {'line': b'-- Installing: /home/elizabeth/MREN203_Trover/install/trover_description/share/trover_description/worlds/models/aws_robomaker_residential_Bed_01/meshes/aws_Bed_01_visual.DAE\n'}
[8.372715] (trover_description) StdoutLine: {'line': b'-- Installing: /home/elizabeth/MREN203_Trover/install/trover_description/share/trover_description/worlds/models/aws_robomaker_residential_Bed_01/meshes/aws_Bed_01_collision.DAE\n'}
[8.374705] (trover_description) StdoutLine: {'line': b'-- Installing: /home/elizabeth/MREN203_Trover/install/trover_description/share/trover_description/worlds/models/aws_robomaker_residential_FitnessEquipment_01\n'}
[8.375439] (trover_description) StdoutLine: {'line': b'-- Installing: /home/elizabeth/MREN203_Trover/install/trover_description/share/trover_description/worlds/models/aws_robomaker_residential_FitnessEquipment_01/model.sdf\n'}
[8.377600] (trover_description) StdoutLine: {'line': b'-- Installing: /home/elizabeth/MREN203_Trover/install/trover_description/share/trover_description/worlds/models/aws_robomaker_residential_FitnessEquipment_01/materials\n'}
[8.379119] (trover_description) StdoutLine: {'line': b'-- Installing: /home/elizabeth/MREN203_Trover/install/trover_description/share/trover_description/worlds/models/aws_robomaker_residential_FitnessEquipment_01/materials/textures\n'}
[8.380499] (trover_description) StdoutLine: {'line': b'-- Installing: /home/elizabeth/MREN203_Trover/install/trover_description/share/trover_description/worlds/models/aws_robomaker_residential_FitnessEquipment_01/materials/textures/aws_FitnessEquipment_01.png\n'}
[8.380715] (-) TimerEvent: {}
[8.386626] (trover_description) StdoutLine: {'line': b'-- Installing: /home/elizabeth/MREN203_Trover/install/trover_description/share/trover_description/worlds/models/aws_robomaker_residential_FitnessEquipment_01/model.config\n'}
[8.389625] (trover_description) StdoutLine: {'line': b'-- Installing: /home/elizabeth/MREN203_Trover/install/trover_description/share/trover_description/worlds/models/aws_robomaker_residential_FitnessEquipment_01/meshes\n'}
[8.389830] (trover_description) StdoutLine: {'line': b'-- Installing: /home/elizabeth/MREN203_Trover/install/trover_description/share/trover_description/worlds/models/aws_robomaker_residential_FitnessEquipment_01/meshes/aws_FitnessEquipment_01_visual.DAE\n'}
[8.398872] (trover_description) StdoutLine: {'line': b'-- Installing: /home/elizabeth/MREN203_Trover/install/trover_description/share/trover_description/worlds/models/aws_robomaker_residential_FitnessEquipment_01/meshes/aws_FitnessEquipment_01_collision.DAE\n'}
[8.402075] (trover_description) StdoutLine: {'line': b'-- Installing: /home/elizabeth/MREN203_Trover/install/trover_description/share/trover_description/worlds/models/aws_robomaker_residential_KitchenCabinet_01\n'}
[8.402403] (trover_description) StdoutLine: {'line': b'-- Installing: /home/elizabeth/MREN203_Trover/install/trover_description/share/trover_description/worlds/models/aws_robomaker_residential_KitchenCabinet_01/model.sdf\n'}
[8.405071] (trover_description) StdoutLine: {'line': b'-- Installing: /home/elizabeth/MREN203_Trover/install/trover_description/share/trover_description/worlds/models/aws_robomaker_residential_KitchenCabinet_01/materials\n'}
[8.406255] (trover_description) StdoutLine: {'line': b'-- Installing: /home/elizabeth/MREN203_Trover/install/trover_description/share/trover_description/worlds/models/aws_robomaker_residential_KitchenCabinet_01/materials/textures\n'}
[8.406614] (trover_description) StdoutLine: {'line': b'-- Installing: /home/elizabeth/MREN203_Trover/install/trover_description/share/trover_description/worlds/models/aws_robomaker_residential_KitchenCabinet_01/materials/textures/aws_KitchenCabinet_01.png\n'}
[8.423692] (trover_description) StdoutLine: {'line': b'-- Installing: /home/elizabeth/MREN203_Trover/install/trover_description/share/trover_description/worlds/models/aws_robomaker_residential_KitchenCabinet_01/model.config\n'}
[8.426370] (trover_description) StdoutLine: {'line': b'-- Installing: /home/elizabeth/MREN203_Trover/install/trover_description/share/trover_description/worlds/models/aws_robomaker_residential_KitchenCabinet_01/meshes\n'}
[8.427692] (trover_description) StdoutLine: {'line': b'-- Installing: /home/elizabeth/MREN203_Trover/install/trover_description/share/trover_description/worlds/models/aws_robomaker_residential_KitchenCabinet_01/meshes/aws_KitchenCabinet_01_visual.DAE\n'}
[8.481202] (trover_description) StdoutLine: {'line': b'-- Installing: /home/elizabeth/MREN203_Trover/install/trover_description/share/trover_description/worlds/models/aws_robomaker_residential_KitchenCabinet_01/meshes/aws_KitchenCabinet_01_collision.DAE\n'}
[8.481480] (-) TimerEvent: {}
[8.483503] (trover_description) StdoutLine: {'line': b'-- Installing: /home/elizabeth/MREN203_Trover/install/trover_description/share/trover_description/worlds/models/aws_robomaker_residential_NightStand_01\n'}
[8.484433] (trover_description) StdoutLine: {'line': b'-- Installing: /home/elizabeth/MREN203_Trover/install/trover_description/share/trover_description/worlds/models/aws_robomaker_residential_NightStand_01/model.sdf\n'}
[8.486108] (trover_description) StdoutLine: {'line': b'-- Installing: /home/elizabeth/MREN203_Trover/install/trover_description/share/trover_description/worlds/models/aws_robomaker_residential_NightStand_01/materials\n'}
[8.486892] (trover_description) StdoutLine: {'line': b'-- Installing: /home/elizabeth/MREN203_Trover/install/trover_description/share/trover_description/worlds/models/aws_robomaker_residential_NightStand_01/materials/textures\n'}
[8.487956] (trover_description) StdoutLine: {'line': b'-- Installing: /home/elizabeth/MREN203_Trover/install/trover_description/share/trover_description/worlds/models/aws_robomaker_residential_NightStand_01/materials/textures/aws_NightStand_01.png\n'}
[8.490337] (trover_description) StdoutLine: {'line': b'-- Installing: /home/elizabeth/MREN203_Trover/install/trover_description/share/trover_description/worlds/models/aws_robomaker_residential_NightStand_01/model.config\n'}
[8.493060] (trover_description) StdoutLine: {'line': b'-- Installing: /home/elizabeth/MREN203_Trover/install/trover_description/share/trover_description/worlds/models/aws_robomaker_residential_NightStand_01/meshes\n'}
[8.493270] (trover_description) StdoutLine: {'line': b'-- Installing: /home/elizabeth/MREN203_Trover/install/trover_description/share/trover_description/worlds/models/aws_robomaker_residential_NightStand_01/meshes/aws_NightStand_01_visual.DAE\n'}
[8.500038] (trover_description) StdoutLine: {'line': b'-- Installing: /home/elizabeth/MREN203_Trover/install/trover_description/share/trover_description/worlds/models/aws_robomaker_residential_NightStand_01/meshes/aws_NightStand_01_collision.DAE\n'}
[8.501778] (trover_description) StdoutLine: {'line': b'-- Installing: /home/elizabeth/MREN203_Trover/install/trover_description/share/trover_description/worlds/models/aws_robomaker_residential_PortraitC_01\n'}
[8.502459] (trover_description) StdoutLine: {'line': b'-- Installing: /home/elizabeth/MREN203_Trover/install/trover_description/share/trover_description/worlds/models/aws_robomaker_residential_PortraitC_01/model.sdf\n'}
[8.504112] (trover_description) StdoutLine: {'line': b'-- Installing: /home/elizabeth/MREN203_Trover/install/trover_description/share/trover_description/worlds/models/aws_robomaker_residential_PortraitC_01/materials\n'}
[8.505643] (trover_description) StdoutLine: {'line': b'-- Installing: /home/elizabeth/MREN203_Trover/install/trover_description/share/trover_description/worlds/models/aws_robomaker_residential_PortraitC_01/materials/textures\n'}
[8.505882] (trover_description) StdoutLine: {'line': b'-- Installing: /home/elizabeth/MREN203_Trover/install/trover_description/share/trover_description/worlds/models/aws_robomaker_residential_PortraitC_01/materials/textures/aws_PortraitC_02.png\n'}
[8.535967] (trover_description) StdoutLine: {'line': b'-- Installing: /home/elizabeth/MREN203_Trover/install/trover_description/share/trover_description/worlds/models/aws_robomaker_residential_PortraitC_01/materials/textures/aws_PortraitC_01.png\n'}
[8.539414] (trover_description) StdoutLine: {'line': b'-- Installing: /home/elizabeth/MREN203_Trover/install/trover_description/share/trover_description/worlds/models/aws_robomaker_residential_PortraitC_01/materials/textures/PortraitC_01.jpg\n'}
[8.545013] (trover_description) StdoutLine: {'line': b'-- Installing: /home/elizabeth/MREN203_Trover/install/trover_description/share/trover_description/worlds/models/aws_robomaker_residential_PortraitC_01/model.config\n'}
[8.547881] (trover_description) StdoutLine: {'line': b'-- Installing: /home/elizabeth/MREN203_Trover/install/trover_description/share/trover_description/worlds/models/aws_robomaker_residential_PortraitC_01/meshes\n'}
[8.548971] (trover_description) StdoutLine: {'line': b'-- Installing: /home/elizabeth/MREN203_Trover/install/trover_description/share/trover_description/worlds/models/aws_robomaker_residential_PortraitC_01/meshes/aws_PortraitC_01_collision.DAE\n'}
[8.551741] (trover_description) StdoutLine: {'line': b'-- Installing: /home/elizabeth/MREN203_Trover/install/trover_description/share/trover_description/worlds/models/aws_robomaker_residential_PortraitC_01/meshes/aws_PortraitC_01_visual.DAE\n'}
[8.555601] (trover_description) StdoutLine: {'line': b'-- Installing: /home/elizabeth/MREN203_Trover/install/trover_description/share/trover_description/worlds/models/aws_robomaker_residential_PortraitA_01\n'}
[8.556503] (trover_description) StdoutLine: {'line': b'-- Installing: /home/elizabeth/MREN203_Trover/install/trover_description/share/trover_description/worlds/models/aws_robomaker_residential_PortraitA_01/model.sdf\n'}
[8.558145] (trover_description) StdoutLine: {'line': b'-- Installing: /home/elizabeth/MREN203_Trover/install/trover_description/share/trover_description/worlds/models/aws_robomaker_residential_PortraitA_01/materials\n'}
[8.558970] (trover_description) StdoutLine: {'line': b'-- Installing: /home/elizabeth/MREN203_Trover/install/trover_description/share/trover_description/worlds/models/aws_robomaker_residential_PortraitA_01/materials/textures\n'}
[8.560772] (trover_description) StdoutLine: {'line': b'-- Installing: /home/elizabeth/MREN203_Trover/install/trover_description/share/trover_description/worlds/models/aws_robomaker_residential_PortraitA_01/materials/textures/PortraitA_01.jpg\n'}
[8.573305] (trover_description) StdoutLine: {'line': b'-- Installing: /home/elizabeth/MREN203_Trover/install/trover_description/share/trover_description/worlds/models/aws_robomaker_residential_PortraitA_01/materials/textures/aws_PortraitA_02.png\n'}
[8.581942] (-) TimerEvent: {}
[8.603337] (trover_description) StdoutLine: {'line': b'-- Installing: /home/elizabeth/MREN203_Trover/install/trover_description/share/trover_description/worlds/models/aws_robomaker_residential_PortraitA_01/materials/textures/aws_PortraitA_01.png\n'}
[8.608021] (trover_description) StdoutLine: {'line': b'-- Installing: /home/elizabeth/MREN203_Trover/install/trover_description/share/trover_description/worlds/models/aws_robomaker_residential_PortraitA_01/model.config\n'}
[8.610042] (trover_description) StdoutLine: {'line': b'-- Installing: /home/elizabeth/MREN203_Trover/install/trover_description/share/trover_description/worlds/models/aws_robomaker_residential_PortraitA_01/meshes\n'}
[8.611109] (trover_description) StdoutLine: {'line': b'-- Installing: /home/elizabeth/MREN203_Trover/install/trover_description/share/trover_description/worlds/models/aws_robomaker_residential_PortraitA_01/meshes/aws_PortraitA_01_collision.DAE\n'}
[8.612898] (trover_description) StdoutLine: {'line': b'-- Installing: /home/elizabeth/MREN203_Trover/install/trover_description/share/trover_description/worlds/models/aws_robomaker_residential_PortraitA_01/meshes/aws_PortraitA_01_visual.DAE\n'}
[8.617671] (trover_description) StdoutLine: {'line': b'-- Installing: /home/elizabeth/MREN203_Trover/install/trover_description/share/trover_description/worlds/models/aws_robomaker_residential_TV_02\n'}
[8.617922] (trover_description) StdoutLine: {'line': b'-- Installing: /home/elizabeth/MREN203_Trover/install/trover_description/share/trover_description/worlds/models/aws_robomaker_residential_TV_02/model.sdf\n'}
[8.623782] (trover_description) StdoutLine: {'line': b'-- Installing: /home/elizabeth/MREN203_Trover/install/trover_description/share/trover_description/worlds/models/aws_robomaker_residential_TV_02/materials\n'}
[8.623997] (trover_description) StdoutLine: {'line': b'-- Installing: /home/elizabeth/MREN203_Trover/install/trover_description/share/trover_description/worlds/models/aws_robomaker_residential_TV_02/materials/textures\n'}
[8.624191] (trover_description) StdoutLine: {'line': b'-- Installing: /home/elizabeth/MREN203_Trover/install/trover_description/share/trover_description/worlds/models/aws_robomaker_residential_TV_02/materials/textures/aws_TV_01.png\n'}
[8.655996] (trover_description) StdoutLine: {'line': b'-- Installing: /home/elizabeth/MREN203_Trover/install/trover_description/share/trover_description/worlds/models/aws_robomaker_residential_TV_02/model.config\n'}
[8.658233] (trover_description) StdoutLine: {'line': b'-- Installing: /home/elizabeth/MREN203_Trover/install/trover_description/share/trover_description/worlds/models/aws_robomaker_residential_TV_02/meshes\n'}
[8.659304] (trover_description) StdoutLine: {'line': b'-- Installing: /home/elizabeth/MREN203_Trover/install/trover_description/share/trover_description/worlds/models/aws_robomaker_residential_TV_02/meshes/aws_TV_01_collision.DAE\n'}
[8.662468] (trover_description) StdoutLine: {'line': b'-- Installing: /home/elizabeth/MREN203_Trover/install/trover_description/share/trover_description/worlds/models/aws_robomaker_residential_TV_02/meshes/aws_TV_01_visual.DAE\n'}
[8.667274] (trover_description) StdoutLine: {'line': b'-- Installing: /home/elizabeth/MREN203_Trover/install/trover_description/share/trover_description/worlds/models/aws_robomaker_residential_Wardrobe_01\n'}
[8.668160] (trover_description) StdoutLine: {'line': b'-- Installing: /home/elizabeth/MREN203_Trover/install/trover_description/share/trover_description/worlds/models/aws_robomaker_residential_Wardrobe_01/model.sdf\n'}
[8.670046] (trover_description) StdoutLine: {'line': b'-- Installing: /home/elizabeth/MREN203_Trover/install/trover_description/share/trover_description/worlds/models/aws_robomaker_residential_Wardrobe_01/materials\n'}
[8.671021] (trover_description) StdoutLine: {'line': b'-- Installing: /home/elizabeth/MREN203_Trover/install/trover_description/share/trover_description/worlds/models/aws_robomaker_residential_Wardrobe_01/materials/textures\n'}
[8.671921] (trover_description) StdoutLine: {'line': b'-- Installing: /home/elizabeth/MREN203_Trover/install/trover_description/share/trover_description/worlds/models/aws_robomaker_residential_Wardrobe_01/materials/textures/aws_Wardrobe_01.png\n'}
[8.684641] (-) TimerEvent: {}
[8.737450] (trover_description) StdoutLine: {'line': b'-- Installing: /home/elizabeth/MREN203_Trover/install/trover_description/share/trover_description/worlds/models/aws_robomaker_residential_Wardrobe_01/model.config\n'}
[8.739675] (trover_description) StdoutLine: {'line': b'-- Installing: /home/elizabeth/MREN203_Trover/install/trover_description/share/trover_description/worlds/models/aws_robomaker_residential_Wardrobe_01/meshes\n'}
[8.740304] (trover_description) StdoutLine: {'line': b'-- Installing: /home/elizabeth/MREN203_Trover/install/trover_description/share/trover_description/worlds/models/aws_robomaker_residential_Wardrobe_01/meshes/aws_Wardrobe_01_visual.DAE\n'}
[8.755840] (trover_description) StdoutLine: {'line': b'-- Installing: /home/elizabeth/MREN203_Trover/install/trover_description/share/trover_description/worlds/models/aws_robomaker_residential_Wardrobe_01/meshes/aws_Wardrobe_01_collision.DAE\n'}
[8.761931] (trover_description) StdoutLine: {'line': b'-- Installing: /home/elizabeth/MREN203_Trover/install/trover_description/share/trover_description/worlds/models/aws_robomaker_residential_PortraitB_03\n'}
[8.763225] (trover_description) StdoutLine: {'line': b'-- Installing: /home/elizabeth/MREN203_Trover/install/trover_description/share/trover_description/worlds/models/aws_robomaker_residential_PortraitB_03/model.sdf\n'}
[8.765357] (trover_description) StdoutLine: {'line': b'-- Installing: /home/elizabeth/MREN203_Trover/install/trover_description/share/trover_description/worlds/models/aws_robomaker_residential_PortraitB_03/materials\n'}
[8.766333] (trover_description) StdoutLine: {'line': b'-- Installing: /home/elizabeth/MREN203_Trover/install/trover_description/share/trover_description/worlds/models/aws_robomaker_residential_PortraitB_03/materials/textures\n'}
[8.767769] (trover_description) StdoutLine: {'line': b'-- Installing: /home/elizabeth/MREN203_Trover/install/trover_description/share/trover_description/worlds/models/aws_robomaker_residential_PortraitB_03/materials/textures/aws_PortraitB_01.png\n'}
[8.771052] (trover_description) StdoutLine: {'line': b'-- Installing: /home/elizabeth/MREN203_Trover/install/trover_description/share/trover_description/worlds/models/aws_robomaker_residential_PortraitB_03/materials/textures/PortraitB_03.jpg\n'}
[8.778754] (trover_description) StdoutLine: {'line': b'-- Installing: /home/elizabeth/MREN203_Trover/install/trover_description/share/trover_description/worlds/models/aws_robomaker_residential_PortraitB_03/materials/textures/aws_PortraitB_02.png\n'}
[8.791564] (-) TimerEvent: {}
[8.794722] (trover_description) StdoutLine: {'line': b'-- Installing: /home/elizabeth/MREN203_Trover/install/trover_description/share/trover_description/worlds/models/aws_robomaker_residential_PortraitB_03/model.config\n'}
[8.797822] (trover_description) StdoutLine: {'line': b'-- Installing: /home/elizabeth/MREN203_Trover/install/trover_description/share/trover_description/worlds/models/aws_robomaker_residential_PortraitB_03/meshes\n'}
[8.798962] (trover_description) StdoutLine: {'line': b'-- Installing: /home/elizabeth/MREN203_Trover/install/trover_description/share/trover_description/worlds/models/aws_robomaker_residential_PortraitB_03/meshes/aws_PortraitB_01_collision.DAE\n'}
[8.800576] (trover_description) StdoutLine: {'line': b'-- Installing: /home/elizabeth/MREN203_Trover/install/trover_description/share/trover_description/worlds/models/aws_robomaker_residential_PortraitB_03/meshes/aws_PortraitB_01_visual.DAE\n'}
[8.805001] (trover_description) StdoutLine: {'line': b'-- Installing: /home/elizabeth/MREN203_Trover/install/trover_description/share/trover_description/worlds/models/aws_robomaker_residential_FoldingDoor_02\n'}
[8.805263] (trover_description) StdoutLine: {'line': b'-- Installing: /home/elizabeth/MREN203_Trover/install/trover_description/share/trover_description/worlds/models/aws_robomaker_residential_FoldingDoor_02/model.sdf\n'}
[8.807745] (trover_description) StdoutLine: {'line': b'-- Installing: /home/elizabeth/MREN203_Trover/install/trover_description/share/trover_description/worlds/models/aws_robomaker_residential_FoldingDoor_02/materials\n'}
[8.811377] (trover_description) StdoutLine: {'line': b'-- Installing: /home/elizabeth/MREN203_Trover/install/trover_description/share/trover_description/worlds/models/aws_robomaker_residential_FoldingDoor_02/materials/textures\n'}
[8.811670] (trover_description) StdoutLine: {'line': b'-- Installing: /home/elizabeth/MREN203_Trover/install/trover_description/share/trover_description/worlds/models/aws_robomaker_residential_FoldingDoor_02/materials/textures/aws_FoldingDoor_02.png\n'}
[8.816826] (trover_description) StdoutLine: {'line': b'-- Installing: /home/elizabeth/MREN203_Trover/install/trover_description/share/trover_description/worlds/models/aws_robomaker_residential_FoldingDoor_02/model.config\n'}
[8.818066] (trover_description) StdoutLine: {'line': b'-- Installing: /home/elizabeth/MREN203_Trover/install/trover_description/share/trover_description/worlds/models/aws_robomaker_residential_FoldingDoor_02/meshes\n'}
[8.818417] (trover_description) StdoutLine: {'line': b'-- Installing: /home/elizabeth/MREN203_Trover/install/trover_description/share/trover_description/worlds/models/aws_robomaker_residential_FoldingDoor_02/meshes/aws_FoldingDoor_02_collision.DAE\n'}
[8.823828] (trover_description) StdoutLine: {'line': b'-- Installing: /home/elizabeth/MREN203_Trover/install/trover_description/share/trover_description/worlds/models/aws_robomaker_residential_FoldingDoor_02/meshes/aws_FoldingDoor_02_visual.DAE\n'}
[8.829215] (trover_description) StdoutLine: {'line': b'-- Installing: /home/elizabeth/MREN203_Trover/install/trover_description/share/trover_description/worlds/models/aws_robomaker_residential_PortraitB_01\n'}
[8.831093] (trover_description) StdoutLine: {'line': b'-- Installing: /home/elizabeth/MREN203_Trover/install/trover_description/share/trover_description/worlds/models/aws_robomaker_residential_PortraitB_01/model.sdf\n'}
[8.834264] (trover_description) StdoutLine: {'line': b'-- Installing: /home/elizabeth/MREN203_Trover/install/trover_description/share/trover_description/worlds/models/aws_robomaker_residential_PortraitB_01/materials\n'}
[8.834669] (trover_description) StdoutLine: {'line': b'-- Installing: /home/elizabeth/MREN203_Trover/install/trover_description/share/trover_description/worlds/models/aws_robomaker_residential_PortraitB_01/materials/textures\n'}
[8.834756] (trover_description) StdoutLine: {'line': b'-- Installing: /home/elizabeth/MREN203_Trover/install/trover_description/share/trover_description/worlds/models/aws_robomaker_residential_PortraitB_01/materials/textures/aws_PortraitB_01.png\n'}
[8.838202] (trover_description) StdoutLine: {'line': b'-- Installing: /home/elizabeth/MREN203_Trover/install/trover_description/share/trover_description/worlds/models/aws_robomaker_residential_PortraitB_01/materials/textures/PortraitB_01.jpg\n'}
[8.872211] (trover_description) StdoutLine: {'line': b'-- Installing: /home/elizabeth/MREN203_Trover/install/trover_description/share/trover_description/worlds/models/aws_robomaker_residential_PortraitB_01/materials/textures/aws_PortraitB_02.png\n'}
[8.886958] (trover_description) StdoutLine: {'line': b'-- Installing: /home/elizabeth/MREN203_Trover/install/trover_description/share/trover_description/worlds/models/aws_robomaker_residential_PortraitB_01/model.config\n'}
[8.888810] (trover_description) StdoutLine: {'line': b'-- Installing: /home/elizabeth/MREN203_Trover/install/trover_description/share/trover_description/worlds/models/aws_robomaker_residential_PortraitB_01/meshes\n'}
[8.889848] (trover_description) StdoutLine: {'line': b'-- Installing: /home/elizabeth/MREN203_Trover/install/trover_description/share/trover_description/worlds/models/aws_robomaker_residential_PortraitB_01/meshes/aws_PortraitB_01_collision.DAE\n'}
[8.891693] (trover_description) StdoutLine: {'line': b'-- Installing: /home/elizabeth/MREN203_Trover/install/trover_description/share/trover_description/worlds/models/aws_robomaker_residential_PortraitB_01/meshes/aws_PortraitB_01_visual.DAE\n'}
[8.891882] (-) TimerEvent: {}
[8.897175] (trover_description) StdoutLine: {'line': b'-- Installing: /home/elizabeth/MREN203_Trover/install/trover_description/share/trover_description/worlds/models/aws_robomaker_residential_Tableware_01\n'}
[8.897513] (trover_description) StdoutLine: {'line': b'-- Installing: /home/elizabeth/MREN203_Trover/install/trover_description/share/trover_description/worlds/models/aws_robomaker_residential_Tableware_01/model.sdf\n'}
[8.900434] (trover_description) StdoutLine: {'line': b'-- Installing: /home/elizabeth/MREN203_Trover/install/trover_description/share/trover_description/worlds/models/aws_robomaker_residential_Tableware_01/materials\n'}
[8.901446] (trover_description) StdoutLine: {'line': b'-- Installing: /home/elizabeth/MREN203_Trover/install/trover_description/share/trover_description/worlds/models/aws_robomaker_residential_Tableware_01/materials/textures\n'}
[8.902737] (trover_description) StdoutLine: {'line': b'-- Installing: /home/elizabeth/MREN203_Trover/install/trover_description/share/trover_description/worlds/models/aws_robomaker_residential_Tableware_01/materials/textures/aws_Tableware_01.png\n'}
[8.906560] (trover_description) StdoutLine: {'line': b'-- Installing: /home/elizabeth/MREN203_Trover/install/trover_description/share/trover_description/worlds/models/aws_robomaker_residential_Tableware_01/model.config\n'}
[8.909368] (trover_description) StdoutLine: {'line': b'-- Installing: /home/elizabeth/MREN203_Trover/install/trover_description/share/trover_description/worlds/models/aws_robomaker_residential_Tableware_01/meshes\n'}
[8.910363] (trover_description) StdoutLine: {'line': b'-- Installing: /home/elizabeth/MREN203_Trover/install/trover_description/share/trover_description/worlds/models/aws_robomaker_residential_Tableware_01/meshes/aws_Tableware_01_visual.DAE\n'}
[8.949207] (trover_description) StdoutLine: {'line': b'-- Installing: /home/elizabeth/MREN203_Trover/install/trover_description/share/trover_description/worlds/models/aws_robomaker_residential_Tableware_01/meshes/aws_Tableware_01_collision.DAE\n'}
[8.952463] (trover_description) StdoutLine: {'line': b'-- Installing: /home/elizabeth/MREN203_Trover/install/trover_description/share/trover_description/worlds/models/aws_robomaker_residential_PortraitB_02\n'}
[8.954415] (trover_description) StdoutLine: {'line': b'-- Installing: /home/elizabeth/MREN203_Trover/install/trover_description/share/trover_description/worlds/models/aws_robomaker_residential_PortraitB_02/model.sdf\n'}
[8.955412] (trover_description) StdoutLine: {'line': b'-- Installing: /home/elizabeth/MREN203_Trover/install/trover_description/share/trover_description/worlds/models/aws_robomaker_residential_PortraitB_02/materials\n'}
[8.956923] (trover_description) StdoutLine: {'line': b'-- Installing: /home/elizabeth/MREN203_Trover/install/trover_description/share/trover_description/worlds/models/aws_robomaker_residential_PortraitB_02/materials/textures\n'}
[8.957138] (trover_description) StdoutLine: {'line': b'-- Installing: /home/elizabeth/MREN203_Trover/install/trover_description/share/trover_description/worlds/models/aws_robomaker_residential_PortraitB_02/materials/textures/aws_PortraitB_01.png\n'}
[8.958773] (trover_description) StdoutLine: {'line': b'-- Installing: /home/elizabeth/MREN203_Trover/install/trover_description/share/trover_description/worlds/models/aws_robomaker_residential_PortraitB_02/materials/textures/PortraitB_02.jpg\n'}
[8.994664] (-) TimerEvent: {}
[9.039545] (trover_description) StdoutLine: {'line': b'-- Installing: /home/elizabeth/MREN203_Trover/install/trover_description/share/trover_description/worlds/models/aws_robomaker_residential_PortraitB_02/materials/textures/aws_PortraitB_02.png\n'}
[9.059648] (trover_description) StdoutLine: {'line': b'-- Installing: /home/elizabeth/MREN203_Trover/install/trover_description/share/trover_description/worlds/models/aws_robomaker_residential_PortraitB_02/model.config\n'}
[9.061847] (trover_description) StdoutLine: {'line': b'-- Installing: /home/elizabeth/MREN203_Trover/install/trover_description/share/trover_description/worlds/models/aws_robomaker_residential_PortraitB_02/meshes\n'}
[9.062292] (trover_description) StdoutLine: {'line': b'-- Installing: /home/elizabeth/MREN203_Trover/install/trover_description/share/trover_description/worlds/models/aws_robomaker_residential_PortraitB_02/meshes/aws_PortraitB_01_collision.DAE\n'}
[9.065381] (trover_description) StdoutLine: {'line': b'-- Installing: /home/elizabeth/MREN203_Trover/install/trover_description/share/trover_description/worlds/models/aws_robomaker_residential_PortraitB_02/meshes/aws_PortraitB_01_visual.DAE\n'}
[9.070601] (trover_description) StdoutLine: {'line': b'-- Installing: /home/elizabeth/MREN203_Trover/install/trover_description/share/trover_description/worlds/models/aws_robomaker_residential_Dumbbell_01\n'}
[9.070848] (trover_description) StdoutLine: {'line': b'-- Installing: /home/elizabeth/MREN203_Trover/install/trover_description/share/trover_description/worlds/models/aws_robomaker_residential_Dumbbell_01/model.sdf\n'}
[9.073402] (trover_description) StdoutLine: {'line': b'-- Installing: /home/elizabeth/MREN203_Trover/install/trover_description/share/trover_description/worlds/models/aws_robomaker_residential_Dumbbell_01/materials\n'}
[9.074519] (trover_description) StdoutLine: {'line': b'-- Installing: /home/elizabeth/MREN203_Trover/install/trover_description/share/trover_description/worlds/models/aws_robomaker_residential_Dumbbell_01/materials/textures\n'}
[9.074767] (trover_description) StdoutLine: {'line': b'-- Installing: /home/elizabeth/MREN203_Trover/install/trover_description/share/trover_description/worlds/models/aws_robomaker_residential_Dumbbell_01/materials/textures/aws_Dumbbell_01.png\n'}
[9.078196] (trover_description) StdoutLine: {'line': b'-- Installing: /home/elizabeth/MREN203_Trover/install/trover_description/share/trover_description/worlds/models/aws_robomaker_residential_Dumbbell_01/model.config\n'}
[9.080701] (trover_description) StdoutLine: {'line': b'-- Installing: /home/elizabeth/MREN203_Trover/install/trover_description/share/trover_description/worlds/models/aws_robomaker_residential_Dumbbell_01/meshes\n'}
[9.081348] (trover_description) StdoutLine: {'line': b'-- Installing: /home/elizabeth/MREN203_Trover/install/trover_description/share/trover_description/worlds/models/aws_robomaker_residential_Dumbbell_01/meshes/aws_Dumbbell_01_collision.DAE\n'}
[9.085179] (trover_description) StdoutLine: {'line': b'-- Installing: /home/elizabeth/MREN203_Trover/install/trover_description/share/trover_description/worlds/models/aws_robomaker_residential_Dumbbell_01/meshes/aws_Dumbbell_01_visual.DAE\n'}
[9.097651] (-) TimerEvent: {}
[9.100417] (trover_description) StdoutLine: {'line': b'-- Installing: /home/elizabeth/MREN203_Trover/install/trover_description/share/trover_description/worlds/models/aws_robomaker_residential_DeskPortraitB_01\n'}
[9.101444] (trover_description) StdoutLine: {'line': b'-- Installing: /home/elizabeth/MREN203_Trover/install/trover_description/share/trover_description/worlds/models/aws_robomaker_residential_DeskPortraitB_01/model.sdf\n'}
[9.103452] (trover_description) StdoutLine: {'line': b'-- Installing: /home/elizabeth/MREN203_Trover/install/trover_description/share/trover_description/worlds/models/aws_robomaker_residential_DeskPortraitB_01/materials\n'}
[9.103859] (trover_description) StdoutLine: {'line': b'-- Installing: /home/elizabeth/MREN203_Trover/install/trover_description/share/trover_description/worlds/models/aws_robomaker_residential_DeskPortraitB_01/materials/textures\n'}
[9.104265] (trover_description) StdoutLine: {'line': b'-- Installing: /home/elizabeth/MREN203_Trover/install/trover_description/share/trover_description/worlds/models/aws_robomaker_residential_DeskPortraitB_01/materials/textures/DeskPortraitB_01.jpg\n'}
[9.120631] (trover_description) StdoutLine: {'line': b'-- Installing: /home/elizabeth/MREN203_Trover/install/trover_description/share/trover_description/worlds/models/aws_robomaker_residential_DeskPortraitB_01/materials/textures/aws_DeskPortraitB_02.png\n'}
[9.157981] (trover_description) StdoutLine: {'line': b'-- Installing: /home/elizabeth/MREN203_Trover/install/trover_description/share/trover_description/worlds/models/aws_robomaker_residential_DeskPortraitB_01/materials/textures/aws_DeskPortraitB_01.png\n'}
[9.160303] (trover_description) StdoutLine: {'line': b'-- Installing: /home/elizabeth/MREN203_Trover/install/trover_description/share/trover_description/worlds/models/aws_robomaker_residential_DeskPortraitB_01/model.config\n'}
[9.162301] (trover_description) StdoutLine: {'line': b'-- Installing: /home/elizabeth/MREN203_Trover/install/trover_description/share/trover_description/worlds/models/aws_robomaker_residential_DeskPortraitB_01/meshes\n'}
[9.163377] (trover_description) StdoutLine: {'line': b'-- Installing: /home/elizabeth/MREN203_Trover/install/trover_description/share/trover_description/worlds/models/aws_robomaker_residential_DeskPortraitB_01/meshes/aws_DeskPortraitB_01_visual.DAE\n'}
[9.170110] (trover_description) StdoutLine: {'line': b'-- Installing: /home/elizabeth/MREN203_Trover/install/trover_description/share/trover_description/worlds/models/aws_robomaker_residential_DeskPortraitB_01/meshes/aws_DeskPortraitB_01_collision.DAE\n'}
[9.172954] (trover_description) StdoutLine: {'line': b'-- Installing: /home/elizabeth/MREN203_Trover/install/trover_description/share/trover_description/worlds/docs\n'}
[9.173775] (trover_description) StdoutLine: {'line': b'-- Installing: /home/elizabeth/MREN203_Trover/install/trover_description/share/trover_description/worlds/docs/images\n'}
[9.174857] (trover_description) StdoutLine: {'line': b'-- Installing: /home/elizabeth/MREN203_Trover/install/trover_description/share/trover_description/worlds/docs/images/nav_path_rviz_gazebo.png\n'}
[9.188914] (trover_description) StdoutLine: {'line': b'-- Installing: /home/elizabeth/MREN203_Trover/install/trover_description/share/trover_description/worlds/docs/images/gazebo_01.png\n'}
[9.199485] (-) TimerEvent: {}
[9.220570] (trover_description) StdoutLine: {'line': b'-- Installing: /home/elizabeth/MREN203_Trover/install/trover_description/share/trover_description/worlds/docs/images/gzweb_aws_house.png\n'}
[9.264742] (trover_description) StdoutLine: {'line': b'-- Installing: /home/elizabeth/MREN203_Trover/install/trover_description/share/trover_description/worlds/package.xml\n'}
[9.267046] (trover_description) StdoutLine: {'line': b'-- Installing: /home/elizabeth/MREN203_Trover/install/trover_description/share/trover_description/worlds/LICENSE\n'}
[9.269380] (trover_description) StdoutLine: {'line': b'-- Installing: /home/elizabeth/MREN203_Trover/install/trover_description/share/trover_description/worlds/routes\n'}
[9.269592] (trover_description) StdoutLine: {'line': b'-- Installing: /home/elizabeth/MREN203_Trover/install/trover_description/share/trover_description/worlds/routes/route.yaml\n'}
[9.274469] (trover_description) StdoutLine: {'line': b'-- Installing: /home/elizabeth/MREN203_Trover/install/trover_description/share/ament_index/resource_index/package_run_dependencies/trover_description\n'}
[9.274786] (trover_description) StdoutLine: {'line': b'-- Installing: /home/elizabeth/MREN203_Trover/install/trover_description/share/ament_index/resource_index/parent_prefix_path/trover_description\n'}
[9.276531] (trover_description) StdoutLine: {'line': b'-- Installing: /home/elizabeth/MREN203_Trover/install/trover_description/share/trover_description/environment/ament_prefix_path.sh\n'}
[9.278314] (trover_description) StdoutLine: {'line': b'-- Installing: /home/elizabeth/MREN203_Trover/install/trover_description/share/trover_description/environment/ament_prefix_path.dsv\n'}
[9.280760] (trover_description) StdoutLine: {'line': b'-- Installing: /home/elizabeth/MREN203_Trover/install/trover_description/share/trover_description/environment/path.sh\n'}
[9.281007] (trover_description) StdoutLine: {'line': b'-- Installing: /home/elizabeth/MREN203_Trover/install/trover_description/share/trover_description/environment/path.dsv\n'}
[9.281738] (trover_description) StdoutLine: {'line': b'-- Installing: /home/elizabeth/MREN203_Trover/install/trover_description/share/trover_description/local_setup.bash\n'}
[9.282515] (trover_description) StdoutLine: {'line': b'-- Installing: /home/elizabeth/MREN203_Trover/install/trover_description/share/trover_description/local_setup.sh\n'}
[9.284010] (trover_description) StdoutLine: {'line': b'-- Installing: /home/elizabeth/MREN203_Trover/install/trover_description/share/trover_description/local_setup.zsh\n'}
[9.284232] (trover_description) StdoutLine: {'line': b'-- Installing: /home/elizabeth/MREN203_Trover/install/trover_description/share/trover_description/local_setup.dsv\n'}
[9.284880] (trover_description) StdoutLine: {'line': b'-- Installing: /home/elizabeth/MREN203_Trover/install/trover_description/share/trover_description/package.dsv\n'}
[9.285485] (trover_description) StdoutLine: {'line': b'-- Installing: /home/elizabeth/MREN203_Trover/install/trover_description/share/ament_index/resource_index/packages/trover_description\n'}
[9.286950] (trover_description) StdoutLine: {'line': b'-- Installing: /home/elizabeth/MREN203_Trover/install/trover_description/share/trover_description/cmake/trover_descriptionConfig.cmake\n'}
[9.288116] (trover_description) StdoutLine: {'line': b'-- Installing: /home/elizabeth/MREN203_Trover/install/trover_description/share/trover_description/cmake/trover_descriptionConfig-version.cmake\n'}
[9.288336] (trover_description) StdoutLine: {'line': b'-- Installing: /home/elizabeth/MREN203_Trover/install/trover_description/share/trover_description/package.xml\n'}
[9.309113] (trover_description) CommandEnded: {'returncode': 0}
[9.310092] (-) TimerEvent: {}
[9.351916] (trover_description) JobEnded: {'identifier': 'trover_description', 'rc': 0}
[9.353749] (trover_drivers) JobStarted: {'identifier': 'trover_drivers'}
[9.358169] (trover_drivers) JobProgress: {'identifier': 'trover_drivers', 'progress': 'cmake'}
[9.359330] (trover_drivers) Command: {'cmd': ['/usr/bin/cmake', '/home/elizabeth/MREN203_Trover/src/trover_drivers', '-DCMAKE_INSTALL_PREFIX=/home/elizabeth/MREN203_Trover/install/trover_drivers'], 'cwd': '/home/elizabeth/MREN203_Trover/build/trover_drivers', 'env': OrderedDict([('LESSOPEN', '| /usr/bin/lesspipe %s'), ('LANGUAGE', 'en_CA:en'), ('USER', 'elizabeth'), ('XDG_SESSION_TYPE', 'wayland'), ('SHLVL', '1'), ('LD_LIBRARY_PATH', '/usr/lib/x86_64-linux-gnu/gazebo-11/plugins:/opt/ros/humble/opt/rviz_ogre_vendor/lib:/opt/ros/humble/lib/x86_64-linux-gnu:/opt/ros/humble/lib'), ('HOME', '/home/elizabeth'), ('DESKTOP_SESSION', 'ubuntu'), ('ROS_PYTHON_VERSION', '3'), ('GNOME_SHELL_SESSION_MODE', 'ubuntu'), ('GTK_MODULES', 'gail:atk-bridge'), ('DBUS_STARTER_BUS_TYPE', 'session'), ('SYSTEMD_EXEC_PID', '1250'), ('DBUS_SESSION_BUS_ADDRESS', 'unix:path=/run/user/1000/bus,guid=5efbeddd5bba6a1c394439d869c19d4f'), ('COLORTERM', 'truecolor'), ('IM_CONFIG_PHASE', '1'), ('WAYLAND_DISPLAY', 'wayland-0'), ('ROS_DISTRO', 'humble'), ('LOGNAME', 'elizabeth'), ('_', '/usr/bin/colcon'), ('ROS_VERSION', '2'), ('XDG_SESSION_CLASS', 'user'), ('USERNAME', 'elizabeth'), ('TERM', 'xterm-256color'), ('GNOME_DESKTOP_SESSION_ID', 'this-is-deprecated'), ('ROS_LOCALHOST_ONLY', '0'), ('PATH', '/opt/ros/humble/bin:/usr/local/sbin:/usr/local/bin:/usr/sbin:/usr/bin:/sbin:/bin:/usr/games:/usr/local/games:/snap/bin:/snap/bin'), ('SESSION_MANAGER', 'local/elizabeth-VirtualBox:@/tmp/.ICE-unix/1250,unix/elizabeth-VirtualBox:/tmp/.ICE-unix/1250'), ('XDG_MENU_PREFIX', 'gnome-'), ('GNOME_TERMINAL_SCREEN', '/org/gnome/Terminal/screen/bf2c41e9_49f1_483c_9057_c74089385af8'), ('GNOME_SETUP_DISPLAY', ':1'), ('XDG_RUNTIME_DIR', '/run/user/1000'), ('DISPLAY', ':0'), ('LANG', 'en_US.UTF-8'), ('XDG_CURRENT_DESKTOP', 'ubuntu:GNOME'), ('XMODIFIERS', '@im=ibus'), ('XDG_SESSION_DESKTOP', 'ubuntu'), ('XAUTHORITY', '/run/user/1000/.mutter-Xwaylandauth.DH9RM3'), ('LS_COLORS', 'rs=0:di=01;34:ln=01;36:mh=00:pi=40;33:so=01;35:do=01;35:bd=40;33;01:cd=40;33;01:or=40;31;01:mi=00:su=37;41:sg=30;43:ca=30;41:tw=30;42:ow=34;42:st=37;44:ex=01;32:*.tar=01;31:*.tgz=01;31:*.arc=01;31:*.arj=01;31:*.taz=01;31:*.lha=01;31:*.lz4=01;31:*.lzh=01;31:*.lzma=01;31:*.tlz=01;31:*.txz=01;31:*.tzo=01;31:*.t7z=01;31:*.zip=01;31:*.z=01;31:*.dz=01;31:*.gz=01;31:*.lrz=01;31:*.lz=01;31:*.lzo=01;31:*.xz=01;31:*.zst=01;31:*.tzst=01;31:*.bz2=01;31:*.bz=01;31:*.tbz=01;31:*.tbz2=01;31:*.tz=01;31:*.deb=01;31:*.rpm=01;31:*.jar=01;31:*.war=01;31:*.ear=01;31:*.sar=01;31:*.rar=01;31:*.alz=01;31:*.ace=01;31:*.zoo=01;31:*.cpio=01;31:*.7z=01;31:*.rz=01;31:*.cab=01;31:*.wim=01;31:*.swm=01;31:*.dwm=01;31:*.esd=01;31:*.jpg=01;35:*.jpeg=01;35:*.mjpg=01;35:*.mjpeg=01;35:*.gif=01;35:*.bmp=01;35:*.pbm=01;35:*.pgm=01;35:*.ppm=01;35:*.tga=01;35:*.xbm=01;35:*.xpm=01;35:*.tif=01;35:*.tiff=01;35:*.png=01;35:*.svg=01;35:*.svgz=01;35:*.mng=01;35:*.pcx=01;35:*.mov=01;35:*.mpg=01;35:*.mpeg=01;35:*.m2v=01;35:*.mkv=01;35:*.webm=01;35:*.webp=01;35:*.ogm=01;35:*.mp4=01;35:*.m4v=01;35:*.mp4v=01;35:*.vob=01;35:*.qt=01;35:*.nuv=01;35:*.wmv=01;35:*.asf=01;35:*.rm=01;35:*.rmvb=01;35:*.flc=01;35:*.avi=01;35:*.fli=01;35:*.flv=01;35:*.gl=01;35:*.dl=01;35:*.xcf=01;35:*.xwd=01;35:*.yuv=01;35:*.cgm=01;35:*.emf=01;35:*.ogv=01;35:*.ogx=01;35:*.aac=00;36:*.au=00;36:*.flac=00;36:*.m4a=00;36:*.mid=00;36:*.midi=00;36:*.mka=00;36:*.mp3=00;36:*.mpc=00;36:*.ogg=00;36:*.ra=00;36:*.wav=00;36:*.oga=00;36:*.opus=00;36:*.spx=00;36:*.xspf=00;36:'), ('GNOME_TERMINAL_SERVICE', ':1.119'), ('SSH_AGENT_LAUNCHER', 'gnome-keyring'), ('SSH_AUTH_SOCK', '/run/user/1000/keyring/ssh'), ('AMENT_PREFIX_PATH', '/opt/ros/humble'), ('SHELL', '/bin/bash'), ('QT_ACCESSIBILITY', '1'), ('GDMSESSION', 'ubuntu'), ('LESSCLOSE', '/usr/bin/lesspipe %s %s'), ('QT_IM_MODULE', 'ibus'), ('PWD', '/home/elizabeth/MREN203_Trover/build/trover_drivers'), ('LC_ALL', 'en_US.UTF-8'), ('XDG_CONFIG_DIRS', '/etc/xdg/xdg-ubuntu:/etc/xdg'), ('DBUS_STARTER_ADDRESS', 'unix:path=/run/user/1000/bus,guid=5efbeddd5bba6a1c394439d869c19d4f'), ('XDG_DATA_DIRS', '/usr/share/ubuntu:/usr/local/share/:/usr/share/:/var/lib/snapd/desktop'), ('PYTHONPATH', '/opt/ros/humble/lib/python3.10/site-packages:/opt/ros/humble/local/lib/python3.10/dist-packages'), ('COLCON', '1'), ('VTE_VERSION', '6800'), ('CMAKE_PREFIX_PATH', '/opt/ros/humble')]), 'shell': False}
[9.411015] (-) TimerEvent: {}
[9.514671] (-) TimerEvent: {}
[9.618284] (-) TimerEvent: {}
[9.719067] (trover_drivers) StdoutLine: {'line': b'-- The C compiler identification is GNU 11.4.0\n'}
[9.719467] (-) TimerEvent: {}
[9.756965] (trover_state_estimation) Command: {'cmd': ['/usr/bin/python3', '-W', 'ignore:setup.py install is deprecated', '-W', 'ignore:easy_install command is deprecated', 'setup.py', 'egg_info', '--egg-base', '../../build/trover_state_estimation', 'build', '--build-base', '/home/elizabeth/MREN203_Trover/build/trover_state_estimation/build', 'install', '--record', '/home/elizabeth/MREN203_Trover/build/trover_state_estimation/install.log', '--single-version-externally-managed', 'install_data'], 'cwd': '/home/elizabeth/MREN203_Trover/src/trover_state_estimation', 'env': {'LESSOPEN': '| /usr/bin/lesspipe %s', 'LANGUAGE': 'en_CA:en', 'USER': 'elizabeth', 'XDG_SESSION_TYPE': 'wayland', 'SHLVL': '1', 'LD_LIBRARY_PATH': '/usr/lib/x86_64-linux-gnu/gazebo-11/plugins:/opt/ros/humble/opt/rviz_ogre_vendor/lib:/opt/ros/humble/lib/x86_64-linux-gnu:/opt/ros/humble/lib', 'HOME': '/home/elizabeth', 'DESKTOP_SESSION': 'ubuntu', 'ROS_PYTHON_VERSION': '3', 'GNOME_SHELL_SESSION_MODE': 'ubuntu', 'GTK_MODULES': 'gail:atk-bridge', 'DBUS_STARTER_BUS_TYPE': 'session', 'SYSTEMD_EXEC_PID': '1250', 'DBUS_SESSION_BUS_ADDRESS': 'unix:path=/run/user/1000/bus,guid=5efbeddd5bba6a1c394439d869c19d4f', 'COLORTERM': 'truecolor', 'IM_CONFIG_PHASE': '1', 'WAYLAND_DISPLAY': 'wayland-0', 'ROS_DISTRO': 'humble', 'LOGNAME': 'elizabeth', '_': '/usr/bin/colcon', 'ROS_VERSION': '2', 'XDG_SESSION_CLASS': 'user', 'USERNAME': 'elizabeth', 'TERM': 'xterm-256color', 'GNOME_DESKTOP_SESSION_ID': 'this-is-deprecated', 'ROS_LOCALHOST_ONLY': '0', 'PATH': '/opt/ros/humble/bin:/usr/local/sbin:/usr/local/bin:/usr/sbin:/usr/bin:/sbin:/bin:/usr/games:/usr/local/games:/snap/bin:/snap/bin', 'SESSION_MANAGER': 'local/elizabeth-VirtualBox:@/tmp/.ICE-unix/1250,unix/elizabeth-VirtualBox:/tmp/.ICE-unix/1250', 'XDG_MENU_PREFIX': 'gnome-', 'GNOME_TERMINAL_SCREEN': '/org/gnome/Terminal/screen/bf2c41e9_49f1_483c_9057_c74089385af8', 'GNOME_SETUP_DISPLAY': ':1', 'XDG_RUNTIME_DIR': '/run/user/1000', 'DISPLAY': ':0', 'LANG': 'en_US.UTF-8', 'XDG_CURRENT_DESKTOP': 'ubuntu:GNOME', 'XMODIFIERS': '@im=ibus', 'XDG_SESSION_DESKTOP': 'ubuntu', 'XAUTHORITY': '/run/user/1000/.mutter-Xwaylandauth.DH9RM3', 'LS_COLORS': 'rs=0:di=01;34:ln=01;36:mh=00:pi=40;33:so=01;35:do=01;35:bd=40;33;01:cd=40;33;01:or=40;31;01:mi=00:su=37;41:sg=30;43:ca=30;41:tw=30;42:ow=34;42:st=37;44:ex=01;32:*.tar=01;31:*.tgz=01;31:*.arc=01;31:*.arj=01;31:*.taz=01;31:*.lha=01;31:*.lz4=01;31:*.lzh=01;31:*.lzma=01;31:*.tlz=01;31:*.txz=01;31:*.tzo=01;31:*.t7z=01;31:*.zip=01;31:*.z=01;31:*.dz=01;31:*.gz=01;31:*.lrz=01;31:*.lz=01;31:*.lzo=01;31:*.xz=01;31:*.zst=01;31:*.tzst=01;31:*.bz2=01;31:*.bz=01;31:*.tbz=01;31:*.tbz2=01;31:*.tz=01;31:*.deb=01;31:*.rpm=01;31:*.jar=01;31:*.war=01;31:*.ear=01;31:*.sar=01;31:*.rar=01;31:*.alz=01;31:*.ace=01;31:*.zoo=01;31:*.cpio=01;31:*.7z=01;31:*.rz=01;31:*.cab=01;31:*.wim=01;31:*.swm=01;31:*.dwm=01;31:*.esd=01;31:*.jpg=01;35:*.jpeg=01;35:*.mjpg=01;35:*.mjpeg=01;35:*.gif=01;35:*.bmp=01;35:*.pbm=01;35:*.pgm=01;35:*.ppm=01;35:*.tga=01;35:*.xbm=01;35:*.xpm=01;35:*.tif=01;35:*.tiff=01;35:*.png=01;35:*.svg=01;35:*.svgz=01;35:*.mng=01;35:*.pcx=01;35:*.mov=01;35:*.mpg=01;35:*.mpeg=01;35:*.m2v=01;35:*.mkv=01;35:*.webm=01;35:*.webp=01;35:*.ogm=01;35:*.mp4=01;35:*.m4v=01;35:*.mp4v=01;35:*.vob=01;35:*.qt=01;35:*.nuv=01;35:*.wmv=01;35:*.asf=01;35:*.rm=01;35:*.rmvb=01;35:*.flc=01;35:*.avi=01;35:*.fli=01;35:*.flv=01;35:*.gl=01;35:*.dl=01;35:*.xcf=01;35:*.xwd=01;35:*.yuv=01;35:*.cgm=01;35:*.emf=01;35:*.ogv=01;35:*.ogx=01;35:*.aac=00;36:*.au=00;36:*.flac=00;36:*.m4a=00;36:*.mid=00;36:*.midi=00;36:*.mka=00;36:*.mp3=00;36:*.mpc=00;36:*.ogg=00;36:*.ra=00;36:*.wav=00;36:*.oga=00;36:*.opus=00;36:*.spx=00;36:*.xspf=00;36:', 'GNOME_TERMINAL_SERVICE': ':1.119', 'SSH_AGENT_LAUNCHER': 'gnome-keyring', 'SSH_AUTH_SOCK': '/run/user/1000/keyring/ssh', 'AMENT_PREFIX_PATH': '/opt/ros/humble', 'SHELL': '/bin/bash', 'QT_ACCESSIBILITY': '1', 'GDMSESSION': 'ubuntu', 'LESSCLOSE': '/usr/bin/lesspipe %s %s', 'QT_IM_MODULE': 'ibus', 'PWD': '/home/elizabeth/MREN203_Trover/build/trover_state_estimation', 'LC_ALL': 'en_US.UTF-8', 'XDG_CONFIG_DIRS': '/etc/xdg/xdg-ubuntu:/etc/xdg', 'DBUS_STARTER_ADDRESS': 'unix:path=/run/user/1000/bus,guid=5efbeddd5bba6a1c394439d869c19d4f', 'XDG_DATA_DIRS': '/usr/share/ubuntu:/usr/local/share/:/usr/share/:/var/lib/snapd/desktop', 'PYTHONPATH': '/home/elizabeth/MREN203_Trover/build/trover_state_estimation/prefix_override:/usr/lib/python3/dist-packages/colcon_core/task/python/colcon_distutils_commands:/home/elizabeth/MREN203_Trover/install/trover_state_estimation/lib/python3.10/site-packages:/opt/ros/humble/lib/python3.10/site-packages:/opt/ros/humble/local/lib/python3.10/dist-packages', 'COLCON': '1', 'VTE_VERSION': '6800'}, 'shell': False}
[9.824718] (-) TimerEvent: {}
[9.926921] (-) TimerEvent: {}
[9.944342] (trover_drivers) StdoutLine: {'line': b'-- The CXX compiler identification is GNU 11.4.0\n'}
[9.970337] (trover_drivers) StdoutLine: {'line': b'-- Detecting C compiler ABI info\n'}
[10.030174] (-) TimerEvent: {}
[10.132665] (-) TimerEvent: {}
[10.178769] (trover_drivers) StdoutLine: {'line': b'-- Detecting C compiler ABI info - done\n'}
[10.186618] (trover_drivers) StdoutLine: {'line': b'-- Check for working C compiler: /usr/bin/cc - skipped\n'}
[10.187691] (trover_drivers) StdoutLine: {'line': b'-- Detecting C compile features\n'}
[10.189993] (trover_drivers) StdoutLine: {'line': b'-- Detecting C compile features - done\n'}
[10.194308] (trover_drivers) StdoutLine: {'line': b'-- Detecting CXX compiler ABI info\n'}
[10.236996] (-) TimerEvent: {}
[10.349090] (-) TimerEvent: {}
[10.462291] (-) TimerEvent: {}
[10.468806] (trover_drivers) StdoutLine: {'line': b'-- Detecting CXX compiler ABI info - done\n'}
[10.478086] (trover_state_estimation) StdoutLine: {'line': b'running egg_info\n'}
[10.478538] (trover_drivers) StdoutLine: {'line': b'-- Check for working CXX compiler: /usr/bin/c++ - skipped\n'}
[10.479819] (trover_state_estimation) StdoutLine: {'line': b'creating ../../build/trover_state_estimation/trover_state_estimation.egg-info\n'}
[10.487873] (trover_state_estimation) StdoutLine: {'line': b'writing ../../build/trover_state_estimation/trover_state_estimation.egg-info/PKG-INFO\n'}
[10.488074] (trover_state_estimation) StdoutLine: {'line': b'writing dependency_links to ../../build/trover_state_estimation/trover_state_estimation.egg-info/dependency_links.txt\n'}
[10.488136] (trover_state_estimation) StdoutLine: {'line': b'writing entry points to ../../build/trover_state_estimation/trover_state_estimation.egg-info/entry_points.txt\n'}
[10.488192] (trover_state_estimation) StdoutLine: {'line': b'writing requirements to ../../build/trover_state_estimation/trover_state_estimation.egg-info/requires.txt\n'}
[10.488244] (trover_state_estimation) StdoutLine: {'line': b'writing top-level names to ../../build/trover_state_estimation/trover_state_estimation.egg-info/top_level.txt\n'}
[10.488295] (trover_state_estimation) StdoutLine: {'line': b"writing manifest file '../../build/trover_state_estimation/trover_state_estimation.egg-info/SOURCES.txt'\n"}
[10.488346] (trover_state_estimation) StdoutLine: {'line': b"reading manifest file '../../build/trover_state_estimation/trover_state_estimation.egg-info/SOURCES.txt'\n"}
[10.488397] (trover_state_estimation) StdoutLine: {'line': b"writing manifest file '../../build/trover_state_estimation/trover_state_estimation.egg-info/SOURCES.txt'\n"}
[10.488486] (trover_state_estimation) StdoutLine: {'line': b'running build\n'}
[10.489120] (trover_state_estimation) StdoutLine: {'line': b'running build_py\n'}
[10.489202] (trover_state_estimation) StdoutLine: {'line': b'creating /home/elizabeth/MREN203_Trover/build/trover_state_estimation/build\n'}
[10.489274] (trover_state_estimation) StdoutLine: {'line': b'creating /home/elizabeth/MREN203_Trover/build/trover_state_estimation/build/lib\n'}
[10.489814] (trover_state_estimation) StdoutLine: {'line': b'creating /home/elizabeth/MREN203_Trover/build/trover_state_estimation/build/lib/trover_state_estimation\n'}
[10.489926] (trover_state_estimation) StdoutLine: {'line': b'copying trover_state_estimation/__init__.py -> /home/elizabeth/MREN203_Trover/build/trover_state_estimation/build/lib/trover_state_estimation\n'}
[10.490005] (trover_drivers) StdoutLine: {'line': b'-- Detecting CXX compile features\n'}
[10.490073] (trover_drivers) StdoutLine: {'line': b'-- Detecting CXX compile features - done\n'}
[10.490123] (trover_drivers) StdoutLine: {'line': b'-- Found ament_cmake: 1.3.13 (/opt/ros/humble/share/ament_cmake/cmake)\n'}
[10.490174] (trover_state_estimation) StdoutLine: {'line': b'running install\n'}
[10.490224] (trover_state_estimation) StdoutLine: {'line': b'running install_lib\n'}
[10.491413] (trover_state_estimation) StdoutLine: {'line': b'creating /home/elizabeth/MREN203_Trover/install/trover_state_estimation/lib/python3.10/site-packages/trover_state_estimation\n'}
[10.491885] (trover_state_estimation) StdoutLine: {'line': b'copying /home/elizabeth/MREN203_Trover/build/trover_state_estimation/build/lib/trover_state_estimation/__init__.py -> /home/elizabeth/MREN203_Trover/install/trover_state_estimation/lib/python3.10/site-packages/trover_state_estimation\n'}
[10.493266] (trover_state_estimation) StdoutLine: {'line': b'byte-compiling /home/elizabeth/MREN203_Trover/install/trover_state_estimation/lib/python3.10/site-packages/trover_state_estimation/__init__.py to __init__.cpython-310.pyc\n'}
[10.496673] (trover_state_estimation) StdoutLine: {'line': b'running install_data\n'}
[10.498014] (trover_state_estimation) StdoutLine: {'line': b'creating /home/elizabeth/MREN203_Trover/install/trover_state_estimation/share/ament_index\n'}
[10.498251] (trover_state_estimation) StdoutLine: {'line': b'creating /home/elizabeth/MREN203_Trover/install/trover_state_estimation/share/ament_index/resource_index\n'}
[10.499887] (trover_state_estimation) StdoutLine: {'line': b'creating /home/elizabeth/MREN203_Trover/install/trover_state_estimation/share/ament_index/resource_index/packages\n'}
[10.500731] (trover_state_estimation) StdoutLine: {'line': b'copying resource/trover_state_estimation -> /home/elizabeth/MREN203_Trover/install/trover_state_estimation/share/ament_index/resource_index/packages\n'}
[10.500941] (trover_state_estimation) StdoutLine: {'line': b'copying package.xml -> /home/elizabeth/MREN203_Trover/install/trover_state_estimation/share/trover_state_estimation\n'}
[10.504184] (trover_state_estimation) StdoutLine: {'line': b'creating /home/elizabeth/MREN203_Trover/install/trover_state_estimation/share/trover_state_estimation/launch\n'}
[10.504458] (trover_state_estimation) StdoutLine: {'line': b'copying launch/global_localization.launch.py -> /home/elizabeth/MREN203_Trover/install/trover_state_estimation/share/trover_state_estimation/launch\n'}
[10.504528] (trover_state_estimation) StdoutLine: {'line': b'copying launch/local_localization.launch.py -> /home/elizabeth/MREN203_Trover/install/trover_state_estimation/share/trover_state_estimation/launch\n'}
[10.505955] (trover_state_estimation) StdoutLine: {'line': b'creating /home/elizabeth/MREN203_Trover/install/trover_state_estimation/share/trover_state_estimation/config\n'}
[10.506990] (trover_state_estimation) StdoutLine: {'line': b'copying config/ekf.yaml -> /home/elizabeth/MREN203_Trover/install/trover_state_estimation/share/trover_state_estimation/config\n'}
[10.509268] (trover_state_estimation) StdoutLine: {'line': b'copying config/amcl.yaml -> /home/elizabeth/MREN203_Trover/install/trover_state_estimation/share/trover_state_estimation/config\n'}
[10.514885] (trover_state_estimation) StdoutLine: {'line': b'creating /home/elizabeth/MREN203_Trover/install/trover_state_estimation/share/trover_state_estimation/maps\n'}
[10.515791] (trover_state_estimation) StdoutLine: {'line': b'running install_egg_info\n'}
[10.515927] (trover_state_estimation) StdoutLine: {'line': b'Copying ../../build/trover_state_estimation/trover_state_estimation.egg-info to /home/elizabeth/MREN203_Trover/install/trover_state_estimation/lib/python3.10/site-packages/trover_state_estimation-0.0.0-py3.10.egg-info\n'}
[10.518224] (trover_state_estimation) StdoutLine: {'line': b'running install_scripts\n'}
[10.561525] (trover_state_estimation) StdoutLine: {'line': b"writing list of installed files to '/home/elizabeth/MREN203_Trover/build/trover_state_estimation/install.log'\n"}
[10.568677] (-) TimerEvent: {}
[10.681074] (-) TimerEvent: {}
[10.786070] (trover_state_estimation) CommandEnded: {'returncode': 0}
[10.821823] (-) TimerEvent: {}
[10.822160] (trover_state_estimation) JobEnded: {'identifier': 'trover_state_estimation', 'rc': 0}
[10.823300] (trover_bringup) JobStarted: {'identifier': 'trover_bringup'}
[10.858344] (trover_bringup) JobProgress: {'identifier': 'trover_bringup', 'progress': 'cmake'}
[10.860793] (trover_bringup) Command: {'cmd': ['/usr/bin/cmake', '/home/elizabeth/MREN203_Trover/src/trover_bringup', '-DCMAKE_INSTALL_PREFIX=/home/elizabeth/MREN203_Trover/install/trover_bringup'], 'cwd': '/home/elizabeth/MREN203_Trover/build/trover_bringup', 'env': OrderedDict([('LESSOPEN', '| /usr/bin/lesspipe %s'), ('LANGUAGE', 'en_CA:en'), ('USER', 'elizabeth'), ('XDG_SESSION_TYPE', 'wayland'), ('SHLVL', '1'), ('LD_LIBRARY_PATH', '/usr/lib/x86_64-linux-gnu/gazebo-11/plugins:/opt/ros/humble/opt/rviz_ogre_vendor/lib:/opt/ros/humble/lib/x86_64-linux-gnu:/opt/ros/humble/lib'), ('HOME', '/home/elizabeth'), ('DESKTOP_SESSION', 'ubuntu'), ('ROS_PYTHON_VERSION', '3'), ('GNOME_SHELL_SESSION_MODE', 'ubuntu'), ('GTK_MODULES', 'gail:atk-bridge'), ('DBUS_STARTER_BUS_TYPE', 'session'), ('SYSTEMD_EXEC_PID', '1250'), ('DBUS_SESSION_BUS_ADDRESS', 'unix:path=/run/user/1000/bus,guid=5efbeddd5bba6a1c394439d869c19d4f'), ('COLORTERM', 'truecolor'), ('IM_CONFIG_PHASE', '1'), ('WAYLAND_DISPLAY', 'wayland-0'), ('ROS_DISTRO', 'humble'), ('LOGNAME', 'elizabeth'), ('_', '/usr/bin/colcon'), ('ROS_VERSION', '2'), ('XDG_SESSION_CLASS', 'user'), ('USERNAME', 'elizabeth'), ('TERM', 'xterm-256color'), ('GNOME_DESKTOP_SESSION_ID', 'this-is-deprecated'), ('ROS_LOCALHOST_ONLY', '0'), ('PATH', '/opt/ros/humble/bin:/usr/local/sbin:/usr/local/bin:/usr/sbin:/usr/bin:/sbin:/bin:/usr/games:/usr/local/games:/snap/bin:/snap/bin'), ('SESSION_MANAGER', 'local/elizabeth-VirtualBox:@/tmp/.ICE-unix/1250,unix/elizabeth-VirtualBox:/tmp/.ICE-unix/1250'), ('XDG_MENU_PREFIX', 'gnome-'), ('GNOME_TERMINAL_SCREEN', '/org/gnome/Terminal/screen/bf2c41e9_49f1_483c_9057_c74089385af8'), ('GNOME_SETUP_DISPLAY', ':1'), ('XDG_RUNTIME_DIR', '/run/user/1000'), ('DISPLAY', ':0'), ('LANG', 'en_US.UTF-8'), ('XDG_CURRENT_DESKTOP', 'ubuntu:GNOME'), ('XMODIFIERS', '@im=ibus'), ('XDG_SESSION_DESKTOP', 'ubuntu'), ('XAUTHORITY', '/run/user/1000/.mutter-Xwaylandauth.DH9RM3'), ('LS_COLORS', 'rs=0:di=01;34:ln=01;36:mh=00:pi=40;33:so=01;35:do=01;35:bd=40;33;01:cd=40;33;01:or=40;31;01:mi=00:su=37;41:sg=30;43:ca=30;41:tw=30;42:ow=34;42:st=37;44:ex=01;32:*.tar=01;31:*.tgz=01;31:*.arc=01;31:*.arj=01;31:*.taz=01;31:*.lha=01;31:*.lz4=01;31:*.lzh=01;31:*.lzma=01;31:*.tlz=01;31:*.txz=01;31:*.tzo=01;31:*.t7z=01;31:*.zip=01;31:*.z=01;31:*.dz=01;31:*.gz=01;31:*.lrz=01;31:*.lz=01;31:*.lzo=01;31:*.xz=01;31:*.zst=01;31:*.tzst=01;31:*.bz2=01;31:*.bz=01;31:*.tbz=01;31:*.tbz2=01;31:*.tz=01;31:*.deb=01;31:*.rpm=01;31:*.jar=01;31:*.war=01;31:*.ear=01;31:*.sar=01;31:*.rar=01;31:*.alz=01;31:*.ace=01;31:*.zoo=01;31:*.cpio=01;31:*.7z=01;31:*.rz=01;31:*.cab=01;31:*.wim=01;31:*.swm=01;31:*.dwm=01;31:*.esd=01;31:*.jpg=01;35:*.jpeg=01;35:*.mjpg=01;35:*.mjpeg=01;35:*.gif=01;35:*.bmp=01;35:*.pbm=01;35:*.pgm=01;35:*.ppm=01;35:*.tga=01;35:*.xbm=01;35:*.xpm=01;35:*.tif=01;35:*.tiff=01;35:*.png=01;35:*.svg=01;35:*.svgz=01;35:*.mng=01;35:*.pcx=01;35:*.mov=01;35:*.mpg=01;35:*.mpeg=01;35:*.m2v=01;35:*.mkv=01;35:*.webm=01;35:*.webp=01;35:*.ogm=01;35:*.mp4=01;35:*.m4v=01;35:*.mp4v=01;35:*.vob=01;35:*.qt=01;35:*.nuv=01;35:*.wmv=01;35:*.asf=01;35:*.rm=01;35:*.rmvb=01;35:*.flc=01;35:*.avi=01;35:*.fli=01;35:*.flv=01;35:*.gl=01;35:*.dl=01;35:*.xcf=01;35:*.xwd=01;35:*.yuv=01;35:*.cgm=01;35:*.emf=01;35:*.ogv=01;35:*.ogx=01;35:*.aac=00;36:*.au=00;36:*.flac=00;36:*.m4a=00;36:*.mid=00;36:*.midi=00;36:*.mka=00;36:*.mp3=00;36:*.mpc=00;36:*.ogg=00;36:*.ra=00;36:*.wav=00;36:*.oga=00;36:*.opus=00;36:*.spx=00;36:*.xspf=00;36:'), ('GNOME_TERMINAL_SERVICE', ':1.119'), ('SSH_AGENT_LAUNCHER', 'gnome-keyring'), ('SSH_AUTH_SOCK', '/run/user/1000/keyring/ssh'), ('AMENT_PREFIX_PATH', '/home/elizabeth/MREN203_Trover/install/trover_state_estimation:/home/elizabeth/MREN203_Trover/install/trover_slam:/home/elizabeth/MREN203_Trover/install/trover_navigation:/home/elizabeth/MREN203_Trover/install/trover_description:/home/elizabeth/MREN203_Trover/install/trover_communication:/opt/ros/humble'), ('SHELL', '/bin/bash'), ('QT_ACCESSIBILITY', '1'), ('GDMSESSION', 'ubuntu'), ('LESSCLOSE', '/usr/bin/lesspipe %s %s'), ('QT_IM_MODULE', 'ibus'), ('PWD', '/home/elizabeth/MREN203_Trover/build/trover_bringup'), ('LC_ALL', 'en_US.UTF-8'), ('XDG_CONFIG_DIRS', '/etc/xdg/xdg-ubuntu:/etc/xdg'), ('DBUS_STARTER_ADDRESS', 'unix:path=/run/user/1000/bus,guid=5efbeddd5bba6a1c394439d869c19d4f'), ('XDG_DATA_DIRS', '/usr/share/ubuntu:/usr/local/share/:/usr/share/:/var/lib/snapd/desktop'), ('PYTHONPATH', '/home/elizabeth/MREN203_Trover/install/trover_state_estimation/lib/python3.10/site-packages:/home/elizabeth/MREN203_Trover/install/trover_slam/lib/python3.10/site-packages:/home/elizabeth/MREN203_Trover/install/trover_navigation/lib/python3.10/site-packages:/home/elizabeth/MREN203_Trover/install/trover_communication/lib/python3.10/site-packages:/opt/ros/humble/lib/python3.10/site-packages:/opt/ros/humble/local/lib/python3.10/dist-packages'), ('COLCON', '1'), ('VTE_VERSION', '6800'), ('CMAKE_PREFIX_PATH', '/home/elizabeth/MREN203_Trover/install/trover_description:/opt/ros/humble')]), 'shell': False}
[10.935849] (-) TimerEvent: {}
[11.039551] (-) TimerEvent: {}
[11.141880] (-) TimerEvent: {}
[11.156497] (trover_bringup) StdoutLine: {'line': b'-- The C compiler identification is GNU 11.4.0\n'}
[11.249506] (-) TimerEvent: {}
[11.291624] (trover_drivers) StdoutLine: {'line': b'-- Found Python3: /usr/bin/python3 (found version "3.10.12") found components: Interpreter \n'}
[11.355824] (-) TimerEvent: {}
[11.418887] (trover_bringup) StdoutLine: {'line': b'-- The CXX compiler identification is GNU 11.4.0\n'}
[11.436611] (trover_bringup) StdoutLine: {'line': b'-- Detecting C compiler ABI info\n'}
[11.456365] (-) TimerEvent: {}
[11.557526] (-) TimerEvent: {}
[11.631378] (trover_drivers) StdoutLine: {'line': b'-- Found ament_lint_auto: 0.12.15 (/opt/ros/humble/share/ament_lint_auto/cmake)\n'}
[11.660081] (-) TimerEvent: {}
[11.731893] (trover_bringup) StdoutLine: {'line': b'-- Detecting C compiler ABI info - done\n'}
[11.748501] (trover_bringup) StdoutLine: {'line': b'-- Check for working C compiler: /usr/bin/cc - skipped\n'}
[11.766430] (-) TimerEvent: {}
[11.766920] (trover_bringup) StdoutLine: {'line': b'-- Detecting C compile features\n'}
[11.767147] (trover_bringup) StdoutLine: {'line': b'-- Detecting C compile features - done\n'}
[11.771551] (trover_bringup) StdoutLine: {'line': b'-- Detecting CXX compiler ABI info\n'}
[11.866951] (-) TimerEvent: {}
[11.962229] (trover_drivers) StdoutLine: {'line': b"-- Added test 'lint_cmake' to check CMake code style\n"}
[11.966945] (trover_drivers) StdoutLine: {'line': b"-- Added test 'xmllint' to check XML markup files\n"}
[11.967158] (-) TimerEvent: {}
[11.975796] (trover_drivers) StdoutLine: {'line': b'-- Configuring done\n'}
[11.977001] (trover_drivers) StdoutLine: {'line': b'-- Generating done\n'}
[11.983728] (trover_drivers) StdoutLine: {'line': b'-- Build files have been written to: /home/elizabeth/MREN203_Trover/build/trover_drivers\n'}
[11.994399] (trover_drivers) CommandEnded: {'returncode': 0}
[11.995351] (trover_drivers) JobProgress: {'identifier': 'trover_drivers', 'progress': 'build'}
[11.995652] (trover_drivers) Command: {'cmd': ['/usr/bin/cmake', '--build', '/home/elizabeth/MREN203_Trover/build/trover_drivers', '--', '-j2', '-l2'], 'cwd': '/home/elizabeth/MREN203_Trover/build/trover_drivers', 'env': OrderedDict([('LESSOPEN', '| /usr/bin/lesspipe %s'), ('LANGUAGE', 'en_CA:en'), ('USER', 'elizabeth'), ('XDG_SESSION_TYPE', 'wayland'), ('SHLVL', '1'), ('LD_LIBRARY_PATH', '/usr/lib/x86_64-linux-gnu/gazebo-11/plugins:/opt/ros/humble/opt/rviz_ogre_vendor/lib:/opt/ros/humble/lib/x86_64-linux-gnu:/opt/ros/humble/lib'), ('HOME', '/home/elizabeth'), ('DESKTOP_SESSION', 'ubuntu'), ('ROS_PYTHON_VERSION', '3'), ('GNOME_SHELL_SESSION_MODE', 'ubuntu'), ('GTK_MODULES', 'gail:atk-bridge'), ('DBUS_STARTER_BUS_TYPE', 'session'), ('SYSTEMD_EXEC_PID', '1250'), ('DBUS_SESSION_BUS_ADDRESS', 'unix:path=/run/user/1000/bus,guid=5efbeddd5bba6a1c394439d869c19d4f'), ('COLORTERM', 'truecolor'), ('IM_CONFIG_PHASE', '1'), ('WAYLAND_DISPLAY', 'wayland-0'), ('ROS_DISTRO', 'humble'), ('LOGNAME', 'elizabeth'), ('_', '/usr/bin/colcon'), ('ROS_VERSION', '2'), ('XDG_SESSION_CLASS', 'user'), ('USERNAME', 'elizabeth'), ('TERM', 'xterm-256color'), ('GNOME_DESKTOP_SESSION_ID', 'this-is-deprecated'), ('ROS_LOCALHOST_ONLY', '0'), ('PATH', '/opt/ros/humble/bin:/usr/local/sbin:/usr/local/bin:/usr/sbin:/usr/bin:/sbin:/bin:/usr/games:/usr/local/games:/snap/bin:/snap/bin'), ('SESSION_MANAGER', 'local/elizabeth-VirtualBox:@/tmp/.ICE-unix/1250,unix/elizabeth-VirtualBox:/tmp/.ICE-unix/1250'), ('XDG_MENU_PREFIX', 'gnome-'), ('GNOME_TERMINAL_SCREEN', '/org/gnome/Terminal/screen/bf2c41e9_49f1_483c_9057_c74089385af8'), ('GNOME_SETUP_DISPLAY', ':1'), ('XDG_RUNTIME_DIR', '/run/user/1000'), ('DISPLAY', ':0'), ('LANG', 'en_US.UTF-8'), ('XDG_CURRENT_DESKTOP', 'ubuntu:GNOME'), ('XMODIFIERS', '@im=ibus'), ('XDG_SESSION_DESKTOP', 'ubuntu'), ('XAUTHORITY', '/run/user/1000/.mutter-Xwaylandauth.DH9RM3'), ('LS_COLORS', 'rs=0:di=01;34:ln=01;36:mh=00:pi=40;33:so=01;35:do=01;35:bd=40;33;01:cd=40;33;01:or=40;31;01:mi=00:su=37;41:sg=30;43:ca=30;41:tw=30;42:ow=34;42:st=37;44:ex=01;32:*.tar=01;31:*.tgz=01;31:*.arc=01;31:*.arj=01;31:*.taz=01;31:*.lha=01;31:*.lz4=01;31:*.lzh=01;31:*.lzma=01;31:*.tlz=01;31:*.txz=01;31:*.tzo=01;31:*.t7z=01;31:*.zip=01;31:*.z=01;31:*.dz=01;31:*.gz=01;31:*.lrz=01;31:*.lz=01;31:*.lzo=01;31:*.xz=01;31:*.zst=01;31:*.tzst=01;31:*.bz2=01;31:*.bz=01;31:*.tbz=01;31:*.tbz2=01;31:*.tz=01;31:*.deb=01;31:*.rpm=01;31:*.jar=01;31:*.war=01;31:*.ear=01;31:*.sar=01;31:*.rar=01;31:*.alz=01;31:*.ace=01;31:*.zoo=01;31:*.cpio=01;31:*.7z=01;31:*.rz=01;31:*.cab=01;31:*.wim=01;31:*.swm=01;31:*.dwm=01;31:*.esd=01;31:*.jpg=01;35:*.jpeg=01;35:*.mjpg=01;35:*.mjpeg=01;35:*.gif=01;35:*.bmp=01;35:*.pbm=01;35:*.pgm=01;35:*.ppm=01;35:*.tga=01;35:*.xbm=01;35:*.xpm=01;35:*.tif=01;35:*.tiff=01;35:*.png=01;35:*.svg=01;35:*.svgz=01;35:*.mng=01;35:*.pcx=01;35:*.mov=01;35:*.mpg=01;35:*.mpeg=01;35:*.m2v=01;35:*.mkv=01;35:*.webm=01;35:*.webp=01;35:*.ogm=01;35:*.mp4=01;35:*.m4v=01;35:*.mp4v=01;35:*.vob=01;35:*.qt=01;35:*.nuv=01;35:*.wmv=01;35:*.asf=01;35:*.rm=01;35:*.rmvb=01;35:*.flc=01;35:*.avi=01;35:*.fli=01;35:*.flv=01;35:*.gl=01;35:*.dl=01;35:*.xcf=01;35:*.xwd=01;35:*.yuv=01;35:*.cgm=01;35:*.emf=01;35:*.ogv=01;35:*.ogx=01;35:*.aac=00;36:*.au=00;36:*.flac=00;36:*.m4a=00;36:*.mid=00;36:*.midi=00;36:*.mka=00;36:*.mp3=00;36:*.mpc=00;36:*.ogg=00;36:*.ra=00;36:*.wav=00;36:*.oga=00;36:*.opus=00;36:*.spx=00;36:*.xspf=00;36:'), ('GNOME_TERMINAL_SERVICE', ':1.119'), ('SSH_AGENT_LAUNCHER', 'gnome-keyring'), ('SSH_AUTH_SOCK', '/run/user/1000/keyring/ssh'), ('AMENT_PREFIX_PATH', '/opt/ros/humble'), ('SHELL', '/bin/bash'), ('QT_ACCESSIBILITY', '1'), ('GDMSESSION', 'ubuntu'), ('LESSCLOSE', '/usr/bin/lesspipe %s %s'), ('QT_IM_MODULE', 'ibus'), ('PWD', '/home/elizabeth/MREN203_Trover/build/trover_drivers'), ('LC_ALL', 'en_US.UTF-8'), ('XDG_CONFIG_DIRS', '/etc/xdg/xdg-ubuntu:/etc/xdg'), ('DBUS_STARTER_ADDRESS', 'unix:path=/run/user/1000/bus,guid=5efbeddd5bba6a1c394439d869c19d4f'), ('XDG_DATA_DIRS', '/usr/share/ubuntu:/usr/local/share/:/usr/share/:/var/lib/snapd/desktop'), ('PYTHONPATH', '/opt/ros/humble/lib/python3.10/site-packages:/opt/ros/humble/local/lib/python3.10/dist-packages'), ('COLCON', '1'), ('VTE_VERSION', '6800'), ('CMAKE_PREFIX_PATH', '/opt/ros/humble')]), 'shell': False}
[12.067799] (-) TimerEvent: {}
[12.093350] (trover_bringup) StdoutLine: {'line': b'-- Detecting CXX compiler ABI info - done\n'}
[12.115162] (trover_bringup) StdoutLine: {'line': b'-- Check for working CXX compiler: /usr/bin/c++ - skipped\n'}
[12.116011] (trover_bringup) StdoutLine: {'line': b'-- Detecting CXX compile features\n'}
[12.117123] (trover_bringup) StdoutLine: {'line': b'-- Detecting CXX compile features - done\n'}
[12.121033] (trover_bringup) StdoutLine: {'line': b'-- Found ament_cmake: 1.3.13 (/opt/ros/humble/share/ament_cmake/cmake)\n'}
[12.175050] (trover_drivers) CommandEnded: {'returncode': 0}
[12.175535] (-) TimerEvent: {}
[12.175817] (trover_drivers) JobProgress: {'identifier': 'trover_drivers', 'progress': 'install'}
[12.175853] (trover_drivers) Command: {'cmd': ['/usr/bin/cmake', '--install', '/home/elizabeth/MREN203_Trover/build/trover_drivers'], 'cwd': '/home/elizabeth/MREN203_Trover/build/trover_drivers', 'env': OrderedDict([('LESSOPEN', '| /usr/bin/lesspipe %s'), ('LANGUAGE', 'en_CA:en'), ('USER', 'elizabeth'), ('XDG_SESSION_TYPE', 'wayland'), ('SHLVL', '1'), ('LD_LIBRARY_PATH', '/usr/lib/x86_64-linux-gnu/gazebo-11/plugins:/opt/ros/humble/opt/rviz_ogre_vendor/lib:/opt/ros/humble/lib/x86_64-linux-gnu:/opt/ros/humble/lib'), ('HOME', '/home/elizabeth'), ('DESKTOP_SESSION', 'ubuntu'), ('ROS_PYTHON_VERSION', '3'), ('GNOME_SHELL_SESSION_MODE', 'ubuntu'), ('GTK_MODULES', 'gail:atk-bridge'), ('DBUS_STARTER_BUS_TYPE', 'session'), ('SYSTEMD_EXEC_PID', '1250'), ('DBUS_SESSION_BUS_ADDRESS', 'unix:path=/run/user/1000/bus,guid=5efbeddd5bba6a1c394439d869c19d4f'), ('COLORTERM', 'truecolor'), ('IM_CONFIG_PHASE', '1'), ('WAYLAND_DISPLAY', 'wayland-0'), ('ROS_DISTRO', 'humble'), ('LOGNAME', 'elizabeth'), ('_', '/usr/bin/colcon'), ('ROS_VERSION', '2'), ('XDG_SESSION_CLASS', 'user'), ('USERNAME', 'elizabeth'), ('TERM', 'xterm-256color'), ('GNOME_DESKTOP_SESSION_ID', 'this-is-deprecated'), ('ROS_LOCALHOST_ONLY', '0'), ('PATH', '/opt/ros/humble/bin:/usr/local/sbin:/usr/local/bin:/usr/sbin:/usr/bin:/sbin:/bin:/usr/games:/usr/local/games:/snap/bin:/snap/bin'), ('SESSION_MANAGER', 'local/elizabeth-VirtualBox:@/tmp/.ICE-unix/1250,unix/elizabeth-VirtualBox:/tmp/.ICE-unix/1250'), ('XDG_MENU_PREFIX', 'gnome-'), ('GNOME_TERMINAL_SCREEN', '/org/gnome/Terminal/screen/bf2c41e9_49f1_483c_9057_c74089385af8'), ('GNOME_SETUP_DISPLAY', ':1'), ('XDG_RUNTIME_DIR', '/run/user/1000'), ('DISPLAY', ':0'), ('LANG', 'en_US.UTF-8'), ('XDG_CURRENT_DESKTOP', 'ubuntu:GNOME'), ('XMODIFIERS', '@im=ibus'), ('XDG_SESSION_DESKTOP', 'ubuntu'), ('XAUTHORITY', '/run/user/1000/.mutter-Xwaylandauth.DH9RM3'), ('LS_COLORS', 'rs=0:di=01;34:ln=01;36:mh=00:pi=40;33:so=01;35:do=01;35:bd=40;33;01:cd=40;33;01:or=40;31;01:mi=00:su=37;41:sg=30;43:ca=30;41:tw=30;42:ow=34;42:st=37;44:ex=01;32:*.tar=01;31:*.tgz=01;31:*.arc=01;31:*.arj=01;31:*.taz=01;31:*.lha=01;31:*.lz4=01;31:*.lzh=01;31:*.lzma=01;31:*.tlz=01;31:*.txz=01;31:*.tzo=01;31:*.t7z=01;31:*.zip=01;31:*.z=01;31:*.dz=01;31:*.gz=01;31:*.lrz=01;31:*.lz=01;31:*.lzo=01;31:*.xz=01;31:*.zst=01;31:*.tzst=01;31:*.bz2=01;31:*.bz=01;31:*.tbz=01;31:*.tbz2=01;31:*.tz=01;31:*.deb=01;31:*.rpm=01;31:*.jar=01;31:*.war=01;31:*.ear=01;31:*.sar=01;31:*.rar=01;31:*.alz=01;31:*.ace=01;31:*.zoo=01;31:*.cpio=01;31:*.7z=01;31:*.rz=01;31:*.cab=01;31:*.wim=01;31:*.swm=01;31:*.dwm=01;31:*.esd=01;31:*.jpg=01;35:*.jpeg=01;35:*.mjpg=01;35:*.mjpeg=01;35:*.gif=01;35:*.bmp=01;35:*.pbm=01;35:*.pgm=01;35:*.ppm=01;35:*.tga=01;35:*.xbm=01;35:*.xpm=01;35:*.tif=01;35:*.tiff=01;35:*.png=01;35:*.svg=01;35:*.svgz=01;35:*.mng=01;35:*.pcx=01;35:*.mov=01;35:*.mpg=01;35:*.mpeg=01;35:*.m2v=01;35:*.mkv=01;35:*.webm=01;35:*.webp=01;35:*.ogm=01;35:*.mp4=01;35:*.m4v=01;35:*.mp4v=01;35:*.vob=01;35:*.qt=01;35:*.nuv=01;35:*.wmv=01;35:*.asf=01;35:*.rm=01;35:*.rmvb=01;35:*.flc=01;35:*.avi=01;35:*.fli=01;35:*.flv=01;35:*.gl=01;35:*.dl=01;35:*.xcf=01;35:*.xwd=01;35:*.yuv=01;35:*.cgm=01;35:*.emf=01;35:*.ogv=01;35:*.ogx=01;35:*.aac=00;36:*.au=00;36:*.flac=00;36:*.m4a=00;36:*.mid=00;36:*.midi=00;36:*.mka=00;36:*.mp3=00;36:*.mpc=00;36:*.ogg=00;36:*.ra=00;36:*.wav=00;36:*.oga=00;36:*.opus=00;36:*.spx=00;36:*.xspf=00;36:'), ('GNOME_TERMINAL_SERVICE', ':1.119'), ('SSH_AGENT_LAUNCHER', 'gnome-keyring'), ('SSH_AUTH_SOCK', '/run/user/1000/keyring/ssh'), ('AMENT_PREFIX_PATH', '/opt/ros/humble'), ('SHELL', '/bin/bash'), ('QT_ACCESSIBILITY', '1'), ('GDMSESSION', 'ubuntu'), ('LESSCLOSE', '/usr/bin/lesspipe %s %s'), ('QT_IM_MODULE', 'ibus'), ('PWD', '/home/elizabeth/MREN203_Trover/build/trover_drivers'), ('LC_ALL', 'en_US.UTF-8'), ('XDG_CONFIG_DIRS', '/etc/xdg/xdg-ubuntu:/etc/xdg'), ('DBUS_STARTER_ADDRESS', 'unix:path=/run/user/1000/bus,guid=5efbeddd5bba6a1c394439d869c19d4f'), ('XDG_DATA_DIRS', '/usr/share/ubuntu:/usr/local/share/:/usr/share/:/var/lib/snapd/desktop'), ('PYTHONPATH', '/opt/ros/humble/lib/python3.10/site-packages:/opt/ros/humble/local/lib/python3.10/dist-packages'), ('COLCON', '1'), ('VTE_VERSION', '6800'), ('CMAKE_PREFIX_PATH', '/opt/ros/humble')]), 'shell': False}
[12.196696] (trover_drivers) StdoutLine: {'line': b'-- Install configuration: ""\n'}
[12.196898] (trover_drivers) StdoutLine: {'line': b'-- Installing: /home/elizabeth/MREN203_Trover/install/trover_drivers/share/ament_index/resource_index/package_run_dependencies/trover_drivers\n'}
[12.197034] (trover_drivers) StdoutLine: {'line': b'-- Installing: /home/elizabeth/MREN203_Trover/install/trover_drivers/share/ament_index/resource_index/parent_prefix_path/trover_drivers\n'}
[12.197805] (trover_drivers) StdoutLine: {'line': b'-- Installing: /home/elizabeth/MREN203_Trover/install/trover_drivers/share/trover_drivers/environment/ament_prefix_path.sh\n'}
[12.197874] (trover_drivers) StdoutLine: {'line': b'-- Installing: /home/elizabeth/MREN203_Trover/install/trover_drivers/share/trover_drivers/environment/ament_prefix_path.dsv\n'}
[12.197924] (trover_drivers) StdoutLine: {'line': b'-- Installing: /home/elizabeth/MREN203_Trover/install/trover_drivers/share/trover_drivers/environment/path.sh\n'}
[12.198035] (trover_drivers) StdoutLine: {'line': b'-- Installing: /home/elizabeth/MREN203_Trover/install/trover_drivers/share/trover_drivers/environment/path.dsv\n'}
[12.198095] (trover_drivers) StdoutLine: {'line': b'-- Installing: /home/elizabeth/MREN203_Trover/install/trover_drivers/share/trover_drivers/local_setup.bash\n'}
[12.198147] (trover_drivers) StdoutLine: {'line': b'-- Installing: /home/elizabeth/MREN203_Trover/install/trover_drivers/share/trover_drivers/local_setup.sh\n'}
[12.198196] (trover_drivers) StdoutLine: {'line': b'-- Installing: /home/elizabeth/MREN203_Trover/install/trover_drivers/share/trover_drivers/local_setup.zsh\n'}
[12.198246] (trover_drivers) StdoutLine: {'line': b'-- Installing: /home/elizabeth/MREN203_Trover/install/trover_drivers/share/trover_drivers/local_setup.dsv\n'}
[12.198295] (trover_drivers) StdoutLine: {'line': b'-- Installing: /home/elizabeth/MREN203_Trover/install/trover_drivers/share/trover_drivers/package.dsv\n'}
[12.198344] (trover_drivers) StdoutLine: {'line': b'-- Installing: /home/elizabeth/MREN203_Trover/install/trover_drivers/share/ament_index/resource_index/packages/trover_drivers\n'}
[12.198393] (trover_drivers) StdoutLine: {'line': b'-- Installing: /home/elizabeth/MREN203_Trover/install/trover_drivers/share/trover_drivers/cmake/trover_driversConfig.cmake\n'}
[12.198442] (trover_drivers) StdoutLine: {'line': b'-- Installing: /home/elizabeth/MREN203_Trover/install/trover_drivers/share/trover_drivers/cmake/trover_driversConfig-version.cmake\n'}
[12.198512] (trover_drivers) StdoutLine: {'line': b'-- Installing: /home/elizabeth/MREN203_Trover/install/trover_drivers/share/trover_drivers/package.xml\n'}
[12.198566] (trover_drivers) CommandEnded: {'returncode': 0}
[12.230381] (trover_drivers) JobEnded: {'identifier': 'trover_drivers', 'rc': 0}
[12.283007] (-) TimerEvent: {}
[12.384493] (-) TimerEvent: {}
[12.442938] (trover_bringup) StdoutLine: {'line': b'-- Found Python3: /usr/bin/python3 (found version "3.10.12") found components: Interpreter \n'}
[12.540113] (-) TimerEvent: {}
[12.670129] (-) TimerEvent: {}
[12.679541] (trover_bringup) StdoutLine: {'line': b'-- Configuring done\n'}
[12.685873] (trover_bringup) StdoutLine: {'line': b'-- Generating done\n'}
[12.689675] (trover_bringup) StdoutLine: {'line': b'-- Build files have been written to: /home/elizabeth/MREN203_Trover/build/trover_bringup\n'}
[12.698600] (trover_bringup) CommandEnded: {'returncode': 0}
[12.702110] (trover_bringup) JobProgress: {'identifier': 'trover_bringup', 'progress': 'build'}
[12.702278] (trover_bringup) Command: {'cmd': ['/usr/bin/cmake', '--build', '/home/elizabeth/MREN203_Trover/build/trover_bringup', '--', '-j2', '-l2'], 'cwd': '/home/elizabeth/MREN203_Trover/build/trover_bringup', 'env': OrderedDict([('LESSOPEN', '| /usr/bin/lesspipe %s'), ('LANGUAGE', 'en_CA:en'), ('USER', 'elizabeth'), ('XDG_SESSION_TYPE', 'wayland'), ('SHLVL', '1'), ('LD_LIBRARY_PATH', '/usr/lib/x86_64-linux-gnu/gazebo-11/plugins:/opt/ros/humble/opt/rviz_ogre_vendor/lib:/opt/ros/humble/lib/x86_64-linux-gnu:/opt/ros/humble/lib'), ('HOME', '/home/elizabeth'), ('DESKTOP_SESSION', 'ubuntu'), ('ROS_PYTHON_VERSION', '3'), ('GNOME_SHELL_SESSION_MODE', 'ubuntu'), ('GTK_MODULES', 'gail:atk-bridge'), ('DBUS_STARTER_BUS_TYPE', 'session'), ('SYSTEMD_EXEC_PID', '1250'), ('DBUS_SESSION_BUS_ADDRESS', 'unix:path=/run/user/1000/bus,guid=5efbeddd5bba6a1c394439d869c19d4f'), ('COLORTERM', 'truecolor'), ('IM_CONFIG_PHASE', '1'), ('WAYLAND_DISPLAY', 'wayland-0'), ('ROS_DISTRO', 'humble'), ('LOGNAME', 'elizabeth'), ('_', '/usr/bin/colcon'), ('ROS_VERSION', '2'), ('XDG_SESSION_CLASS', 'user'), ('USERNAME', 'elizabeth'), ('TERM', 'xterm-256color'), ('GNOME_DESKTOP_SESSION_ID', 'this-is-deprecated'), ('ROS_LOCALHOST_ONLY', '0'), ('PATH', '/opt/ros/humble/bin:/usr/local/sbin:/usr/local/bin:/usr/sbin:/usr/bin:/sbin:/bin:/usr/games:/usr/local/games:/snap/bin:/snap/bin'), ('SESSION_MANAGER', 'local/elizabeth-VirtualBox:@/tmp/.ICE-unix/1250,unix/elizabeth-VirtualBox:/tmp/.ICE-unix/1250'), ('XDG_MENU_PREFIX', 'gnome-'), ('GNOME_TERMINAL_SCREEN', '/org/gnome/Terminal/screen/bf2c41e9_49f1_483c_9057_c74089385af8'), ('GNOME_SETUP_DISPLAY', ':1'), ('XDG_RUNTIME_DIR', '/run/user/1000'), ('DISPLAY', ':0'), ('LANG', 'en_US.UTF-8'), ('XDG_CURRENT_DESKTOP', 'ubuntu:GNOME'), ('XMODIFIERS', '@im=ibus'), ('XDG_SESSION_DESKTOP', 'ubuntu'), ('XAUTHORITY', '/run/user/1000/.mutter-Xwaylandauth.DH9RM3'), ('LS_COLORS', 'rs=0:di=01;34:ln=01;36:mh=00:pi=40;33:so=01;35:do=01;35:bd=40;33;01:cd=40;33;01:or=40;31;01:mi=00:su=37;41:sg=30;43:ca=30;41:tw=30;42:ow=34;42:st=37;44:ex=01;32:*.tar=01;31:*.tgz=01;31:*.arc=01;31:*.arj=01;31:*.taz=01;31:*.lha=01;31:*.lz4=01;31:*.lzh=01;31:*.lzma=01;31:*.tlz=01;31:*.txz=01;31:*.tzo=01;31:*.t7z=01;31:*.zip=01;31:*.z=01;31:*.dz=01;31:*.gz=01;31:*.lrz=01;31:*.lz=01;31:*.lzo=01;31:*.xz=01;31:*.zst=01;31:*.tzst=01;31:*.bz2=01;31:*.bz=01;31:*.tbz=01;31:*.tbz2=01;31:*.tz=01;31:*.deb=01;31:*.rpm=01;31:*.jar=01;31:*.war=01;31:*.ear=01;31:*.sar=01;31:*.rar=01;31:*.alz=01;31:*.ace=01;31:*.zoo=01;31:*.cpio=01;31:*.7z=01;31:*.rz=01;31:*.cab=01;31:*.wim=01;31:*.swm=01;31:*.dwm=01;31:*.esd=01;31:*.jpg=01;35:*.jpeg=01;35:*.mjpg=01;35:*.mjpeg=01;35:*.gif=01;35:*.bmp=01;35:*.pbm=01;35:*.pgm=01;35:*.ppm=01;35:*.tga=01;35:*.xbm=01;35:*.xpm=01;35:*.tif=01;35:*.tiff=01;35:*.png=01;35:*.svg=01;35:*.svgz=01;35:*.mng=01;35:*.pcx=01;35:*.mov=01;35:*.mpg=01;35:*.mpeg=01;35:*.m2v=01;35:*.mkv=01;35:*.webm=01;35:*.webp=01;35:*.ogm=01;35:*.mp4=01;35:*.m4v=01;35:*.mp4v=01;35:*.vob=01;35:*.qt=01;35:*.nuv=01;35:*.wmv=01;35:*.asf=01;35:*.rm=01;35:*.rmvb=01;35:*.flc=01;35:*.avi=01;35:*.fli=01;35:*.flv=01;35:*.gl=01;35:*.dl=01;35:*.xcf=01;35:*.xwd=01;35:*.yuv=01;35:*.cgm=01;35:*.emf=01;35:*.ogv=01;35:*.ogx=01;35:*.aac=00;36:*.au=00;36:*.flac=00;36:*.m4a=00;36:*.mid=00;36:*.midi=00;36:*.mka=00;36:*.mp3=00;36:*.mpc=00;36:*.ogg=00;36:*.ra=00;36:*.wav=00;36:*.oga=00;36:*.opus=00;36:*.spx=00;36:*.xspf=00;36:'), ('GNOME_TERMINAL_SERVICE', ':1.119'), ('SSH_AGENT_LAUNCHER', 'gnome-keyring'), ('SSH_AUTH_SOCK', '/run/user/1000/keyring/ssh'), ('AMENT_PREFIX_PATH', '/home/elizabeth/MREN203_Trover/install/trover_state_estimation:/home/elizabeth/MREN203_Trover/install/trover_slam:/home/elizabeth/MREN203_Trover/install/trover_navigation:/home/elizabeth/MREN203_Trover/install/trover_description:/home/elizabeth/MREN203_Trover/install/trover_communication:/opt/ros/humble'), ('SHELL', '/bin/bash'), ('QT_ACCESSIBILITY', '1'), ('GDMSESSION', 'ubuntu'), ('LESSCLOSE', '/usr/bin/lesspipe %s %s'), ('QT_IM_MODULE', 'ibus'), ('PWD', '/home/elizabeth/MREN203_Trover/build/trover_bringup'), ('LC_ALL', 'en_US.UTF-8'), ('XDG_CONFIG_DIRS', '/etc/xdg/xdg-ubuntu:/etc/xdg'), ('DBUS_STARTER_ADDRESS', 'unix:path=/run/user/1000/bus,guid=5efbeddd5bba6a1c394439d869c19d4f'), ('XDG_DATA_DIRS', '/usr/share/ubuntu:/usr/local/share/:/usr/share/:/var/lib/snapd/desktop'), ('PYTHONPATH', '/home/elizabeth/MREN203_Trover/install/trover_state_estimation/lib/python3.10/site-packages:/home/elizabeth/MREN203_Trover/install/trover_slam/lib/python3.10/site-packages:/home/elizabeth/MREN203_Trover/install/trover_navigation/lib/python3.10/site-packages:/home/elizabeth/MREN203_Trover/install/trover_communication/lib/python3.10/site-packages:/opt/ros/humble/lib/python3.10/site-packages:/opt/ros/humble/local/lib/python3.10/dist-packages'), ('COLCON', '1'), ('VTE_VERSION', '6800'), ('CMAKE_PREFIX_PATH', '/home/elizabeth/MREN203_Trover/install/trover_description:/opt/ros/humble')]), 'shell': False}
[12.770973] (-) TimerEvent: {}
[12.806099] (trover_bringup) CommandEnded: {'returncode': 0}
[12.807753] (trover_bringup) JobProgress: {'identifier': 'trover_bringup', 'progress': 'install'}
[12.807787] (trover_bringup) Command: {'cmd': ['/usr/bin/cmake', '--install', '/home/elizabeth/MREN203_Trover/build/trover_bringup'], 'cwd': '/home/elizabeth/MREN203_Trover/build/trover_bringup', 'env': OrderedDict([('LESSOPEN', '| /usr/bin/lesspipe %s'), ('LANGUAGE', 'en_CA:en'), ('USER', 'elizabeth'), ('XDG_SESSION_TYPE', 'wayland'), ('SHLVL', '1'), ('LD_LIBRARY_PATH', '/usr/lib/x86_64-linux-gnu/gazebo-11/plugins:/opt/ros/humble/opt/rviz_ogre_vendor/lib:/opt/ros/humble/lib/x86_64-linux-gnu:/opt/ros/humble/lib'), ('HOME', '/home/elizabeth'), ('DESKTOP_SESSION', 'ubuntu'), ('ROS_PYTHON_VERSION', '3'), ('GNOME_SHELL_SESSION_MODE', 'ubuntu'), ('GTK_MODULES', 'gail:atk-bridge'), ('DBUS_STARTER_BUS_TYPE', 'session'), ('SYSTEMD_EXEC_PID', '1250'), ('DBUS_SESSION_BUS_ADDRESS', 'unix:path=/run/user/1000/bus,guid=5efbeddd5bba6a1c394439d869c19d4f'), ('COLORTERM', 'truecolor'), ('IM_CONFIG_PHASE', '1'), ('WAYLAND_DISPLAY', 'wayland-0'), ('ROS_DISTRO', 'humble'), ('LOGNAME', 'elizabeth'), ('_', '/usr/bin/colcon'), ('ROS_VERSION', '2'), ('XDG_SESSION_CLASS', 'user'), ('USERNAME', 'elizabeth'), ('TERM', 'xterm-256color'), ('GNOME_DESKTOP_SESSION_ID', 'this-is-deprecated'), ('ROS_LOCALHOST_ONLY', '0'), ('PATH', '/opt/ros/humble/bin:/usr/local/sbin:/usr/local/bin:/usr/sbin:/usr/bin:/sbin:/bin:/usr/games:/usr/local/games:/snap/bin:/snap/bin'), ('SESSION_MANAGER', 'local/elizabeth-VirtualBox:@/tmp/.ICE-unix/1250,unix/elizabeth-VirtualBox:/tmp/.ICE-unix/1250'), ('XDG_MENU_PREFIX', 'gnome-'), ('GNOME_TERMINAL_SCREEN', '/org/gnome/Terminal/screen/bf2c41e9_49f1_483c_9057_c74089385af8'), ('GNOME_SETUP_DISPLAY', ':1'), ('XDG_RUNTIME_DIR', '/run/user/1000'), ('DISPLAY', ':0'), ('LANG', 'en_US.UTF-8'), ('XDG_CURRENT_DESKTOP', 'ubuntu:GNOME'), ('XMODIFIERS', '@im=ibus'), ('XDG_SESSION_DESKTOP', 'ubuntu'), ('XAUTHORITY', '/run/user/1000/.mutter-Xwaylandauth.DH9RM3'), ('LS_COLORS', 'rs=0:di=01;34:ln=01;36:mh=00:pi=40;33:so=01;35:do=01;35:bd=40;33;01:cd=40;33;01:or=40;31;01:mi=00:su=37;41:sg=30;43:ca=30;41:tw=30;42:ow=34;42:st=37;44:ex=01;32:*.tar=01;31:*.tgz=01;31:*.arc=01;31:*.arj=01;31:*.taz=01;31:*.lha=01;31:*.lz4=01;31:*.lzh=01;31:*.lzma=01;31:*.tlz=01;31:*.txz=01;31:*.tzo=01;31:*.t7z=01;31:*.zip=01;31:*.z=01;31:*.dz=01;31:*.gz=01;31:*.lrz=01;31:*.lz=01;31:*.lzo=01;31:*.xz=01;31:*.zst=01;31:*.tzst=01;31:*.bz2=01;31:*.bz=01;31:*.tbz=01;31:*.tbz2=01;31:*.tz=01;31:*.deb=01;31:*.rpm=01;31:*.jar=01;31:*.war=01;31:*.ear=01;31:*.sar=01;31:*.rar=01;31:*.alz=01;31:*.ace=01;31:*.zoo=01;31:*.cpio=01;31:*.7z=01;31:*.rz=01;31:*.cab=01;31:*.wim=01;31:*.swm=01;31:*.dwm=01;31:*.esd=01;31:*.jpg=01;35:*.jpeg=01;35:*.mjpg=01;35:*.mjpeg=01;35:*.gif=01;35:*.bmp=01;35:*.pbm=01;35:*.pgm=01;35:*.ppm=01;35:*.tga=01;35:*.xbm=01;35:*.xpm=01;35:*.tif=01;35:*.tiff=01;35:*.png=01;35:*.svg=01;35:*.svgz=01;35:*.mng=01;35:*.pcx=01;35:*.mov=01;35:*.mpg=01;35:*.mpeg=01;35:*.m2v=01;35:*.mkv=01;35:*.webm=01;35:*.webp=01;35:*.ogm=01;35:*.mp4=01;35:*.m4v=01;35:*.mp4v=01;35:*.vob=01;35:*.qt=01;35:*.nuv=01;35:*.wmv=01;35:*.asf=01;35:*.rm=01;35:*.rmvb=01;35:*.flc=01;35:*.avi=01;35:*.fli=01;35:*.flv=01;35:*.gl=01;35:*.dl=01;35:*.xcf=01;35:*.xwd=01;35:*.yuv=01;35:*.cgm=01;35:*.emf=01;35:*.ogv=01;35:*.ogx=01;35:*.aac=00;36:*.au=00;36:*.flac=00;36:*.m4a=00;36:*.mid=00;36:*.midi=00;36:*.mka=00;36:*.mp3=00;36:*.mpc=00;36:*.ogg=00;36:*.ra=00;36:*.wav=00;36:*.oga=00;36:*.opus=00;36:*.spx=00;36:*.xspf=00;36:'), ('GNOME_TERMINAL_SERVICE', ':1.119'), ('SSH_AGENT_LAUNCHER', 'gnome-keyring'), ('SSH_AUTH_SOCK', '/run/user/1000/keyring/ssh'), ('AMENT_PREFIX_PATH', '/home/elizabeth/MREN203_Trover/install/trover_state_estimation:/home/elizabeth/MREN203_Trover/install/trover_slam:/home/elizabeth/MREN203_Trover/install/trover_navigation:/home/elizabeth/MREN203_Trover/install/trover_description:/home/elizabeth/MREN203_Trover/install/trover_communication:/opt/ros/humble'), ('SHELL', '/bin/bash'), ('QT_ACCESSIBILITY', '1'), ('GDMSESSION', 'ubuntu'), ('LESSCLOSE', '/usr/bin/lesspipe %s %s'), ('QT_IM_MODULE', 'ibus'), ('PWD', '/home/elizabeth/MREN203_Trover/build/trover_bringup'), ('LC_ALL', 'en_US.UTF-8'), ('XDG_CONFIG_DIRS', '/etc/xdg/xdg-ubuntu:/etc/xdg'), ('DBUS_STARTER_ADDRESS', 'unix:path=/run/user/1000/bus,guid=5efbeddd5bba6a1c394439d869c19d4f'), ('XDG_DATA_DIRS', '/usr/share/ubuntu:/usr/local/share/:/usr/share/:/var/lib/snapd/desktop'), ('PYTHONPATH', '/home/elizabeth/MREN203_Trover/install/trover_state_estimation/lib/python3.10/site-packages:/home/elizabeth/MREN203_Trover/install/trover_slam/lib/python3.10/site-packages:/home/elizabeth/MREN203_Trover/install/trover_navigation/lib/python3.10/site-packages:/home/elizabeth/MREN203_Trover/install/trover_communication/lib/python3.10/site-packages:/opt/ros/humble/lib/python3.10/site-packages:/opt/ros/humble/local/lib/python3.10/dist-packages'), ('COLCON', '1'), ('VTE_VERSION', '6800'), ('CMAKE_PREFIX_PATH', '/home/elizabeth/MREN203_Trover/install/trover_description:/opt/ros/humble')]), 'shell': False}
[12.822803] (trover_bringup) StdoutLine: {'line': b'-- Install configuration: ""\n'}
[12.824136] (trover_bringup) StdoutLine: {'line': b'-- Installing: /home/elizabeth/MREN203_Trover/install/trover_bringup/share/trover_bringup//launch\n'}
[12.824715] (trover_bringup) StdoutLine: {'line': b'-- Installing: /home/elizabeth/MREN203_Trover/install/trover_bringup/share/trover_bringup//launch/simulated_robot.launch.py\n'}
[12.825787] (trover_bringup) StdoutLine: {'line': b'-- Installing: /home/elizabeth/MREN203_Trover/install/trover_bringup/share/trover_bringup//launch/no_gazebo.launch.py\n'}
[12.826123] (trover_bringup) StdoutLine: {'line': b'-- Installing: /home/elizabeth/MREN203_Trover/install/trover_bringup/share/trover_bringup//launch/real_robot.launch.py\n'}
[12.826915] (trover_bringup) StdoutLine: {'line': b'-- Installing: /home/elizabeth/MREN203_Trover/install/trover_bringup/share/ament_index/resource_index/package_run_dependencies/trover_bringup\n'}
[12.827415] (trover_bringup) StdoutLine: {'line': b'-- Installing: /home/elizabeth/MREN203_Trover/install/trover_bringup/share/ament_index/resource_index/parent_prefix_path/trover_bringup\n'}
[12.828701] (trover_bringup) StdoutLine: {'line': b'-- Installing: /home/elizabeth/MREN203_Trover/install/trover_bringup/share/trover_bringup/environment/ament_prefix_path.sh\n'}
[12.829848] (trover_bringup) StdoutLine: {'line': b'-- Installing: /home/elizabeth/MREN203_Trover/install/trover_bringup/share/trover_bringup/environment/ament_prefix_path.dsv\n'}
[12.830866] (trover_bringup) StdoutLine: {'line': b'-- Installing: /home/elizabeth/MREN203_Trover/install/trover_bringup/share/trover_bringup/environment/path.sh\n'}
[12.830984] (trover_bringup) StdoutLine: {'line': b'-- Installing: /home/elizabeth/MREN203_Trover/install/trover_bringup/share/trover_bringup/environment/path.dsv\n'}
[12.831123] (trover_bringup) StdoutLine: {'line': b'-- Installing: /home/elizabeth/MREN203_Trover/install/trover_bringup/share/trover_bringup/local_setup.bash\n'}
[12.834270] (trover_bringup) StdoutLine: {'line': b'-- Installing: /home/elizabeth/MREN203_Trover/install/trover_bringup/share/trover_bringup/local_setup.sh\n'}
[12.835074] (trover_bringup) StdoutLine: {'line': b'-- Installing: /home/elizabeth/MREN203_Trover/install/trover_bringup/share/trover_bringup/local_setup.zsh\n'}
[12.835554] (trover_bringup) StdoutLine: {'line': b'-- Installing: /home/elizabeth/MREN203_Trover/install/trover_bringup/share/trover_bringup/local_setup.dsv\n'}
[12.835631] (trover_bringup) StdoutLine: {'line': b'-- Installing: /home/elizabeth/MREN203_Trover/install/trover_bringup/share/trover_bringup/package.dsv\n'}
[12.835903] (trover_bringup) StdoutLine: {'line': b'-- Installing: /home/elizabeth/MREN203_Trover/install/trover_bringup/share/ament_index/resource_index/packages/trover_bringup\n'}
[12.836676] (trover_bringup) StdoutLine: {'line': b'-- Installing: /home/elizabeth/MREN203_Trover/install/trover_bringup/share/trover_bringup/cmake/trover_bringupConfig.cmake\n'}
[12.836773] (trover_bringup) StdoutLine: {'line': b'-- Installing: /home/elizabeth/MREN203_Trover/install/trover_bringup/share/trover_bringup/cmake/trover_bringupConfig-version.cmake\n'}
[12.836837] (trover_bringup) StdoutLine: {'line': b'-- Installing: /home/elizabeth/MREN203_Trover/install/trover_bringup/share/trover_bringup/package.xml\n'}
[12.844325] (trover_bringup) CommandEnded: {'returncode': 0}
[12.870139] (trover_bringup) JobEnded: {'identifier': 'trover_bringup', 'rc': 0}
[12.873103] (-) TimerEvent: {}
[12.873599] (-) EventReactorShutdown: {}
