[0.000000] (-) TimerEvent: {}
[0.003228] (trover_communication) JobQueued: {'identifier': 'trover_communication', 'dependencies': OrderedDict()}
[0.003344] (trover_description) JobQueued: {'identifier': 'trover_description', 'dependencies': OrderedDict()}
[0.003379] (trover_drivers) JobQueued: {'identifier': 'trover_drivers', 'dependencies': OrderedDict()}
[0.003402] (trover_navigation) JobQueued: {'identifier': 'trover_navigation', 'dependencies': OrderedDict()}
[0.003425] (trover_slam) JobQueued: {'identifier': 'trover_slam', 'dependencies': OrderedDict()}
[0.003447] (trover_state_estimation) JobQueued: {'identifier': 'trover_state_estimation', 'dependencies': OrderedDict()}
[0.003469] (trover_bringup) JobQueued: {'identifier': 'trover_bringup', 'dependencies': OrderedDict([('trover_description', '/home/elizabeth/MREN203_Trover/install/trover_description'), ('trover_navigation', '/home/elizabeth/MREN203_Trover/install/trover_navigation'), ('trover_slam', '/home/elizabeth/MREN203_Trover/install/trover_slam'), ('trover_state_estimation', '/home/elizabeth/MREN203_Trover/install/trover_state_estimation')])}
[0.005633] (trover_description) JobStarted: {'identifier': 'trover_description'}
[0.082879] (trover_navigation) JobStarted: {'identifier': 'trover_navigation'}
[0.098786] (-) TimerEvent: {}
[0.142337] (trover_description) JobProgress: {'identifier': 'trover_description', 'progress': 'cmake'}
[0.153667] (trover_description) JobProgress: {'identifier': 'trover_description', 'progress': 'build'}
[0.153791] (trover_description) Command: {'cmd': ['/usr/bin/cmake', '--build', '/home/elizabeth/MREN203_Trover/build/trover_description', '--', '-j2', '-l2'], 'cwd': '/home/elizabeth/MREN203_Trover/build/trover_description', 'env': OrderedDict([('LESSOPEN', '| /usr/bin/lesspipe %s'), ('LANGUAGE', 'en_CA:en'), ('USER', 'elizabeth'), ('XDG_SESSION_TYPE', 'wayland'), ('SHLVL', '1'), ('LD_LIBRARY_PATH', '/usr/lib/x86_64-linux-gnu/gazebo-11/plugins:/opt/ros/humble/opt/rviz_ogre_vendor/lib:/opt/ros/humble/lib/x86_64-linux-gnu:/opt/ros/humble/lib'), ('HOME', '/home/elizabeth'), ('DESKTOP_SESSION', 'ubuntu'), ('ROS_PYTHON_VERSION', '3'), ('GNOME_SHELL_SESSION_MODE', 'ubuntu'), ('GTK_MODULES', 'gail:atk-bridge'), ('DBUS_STARTER_BUS_TYPE', 'session'), ('SYSTEMD_EXEC_PID', '1257'), ('DBUS_SESSION_BUS_ADDRESS', 'unix:path=/run/user/1000/bus,guid=2dbf2237aac09be4dbc99ef269b8521b'), ('COLORTERM', 'truecolor'), ('IM_CONFIG_PHASE', '1'), ('WAYLAND_DISPLAY', 'wayland-0'), ('COLCON_PREFIX_PATH', '/home/elizabeth/MREN203_Trover/install'), ('ROS_DISTRO', 'humble'), ('LOGNAME', 'elizabeth'), ('_', '/usr/bin/colcon'), ('ROS_VERSION', '2'), ('XDG_SESSION_CLASS', 'user'), ('USERNAME', 'elizabeth'), ('TERM', 'xterm-256color'), ('GNOME_DESKTOP_SESSION_ID', 'this-is-deprecated'), ('ROS_LOCALHOST_ONLY', '0'), ('PATH', '/opt/ros/humble/bin:/usr/local/sbin:/usr/local/bin:/usr/sbin:/usr/bin:/sbin:/bin:/usr/games:/usr/local/games:/snap/bin:/snap/bin'), ('SESSION_MANAGER', 'local/elizabeth-VirtualBox:@/tmp/.ICE-unix/1257,unix/elizabeth-VirtualBox:/tmp/.ICE-unix/1257'), ('XDG_MENU_PREFIX', 'gnome-'), ('GNOME_TERMINAL_SCREEN', '/org/gnome/Terminal/screen/96c42cd0_fe71_470b_8b03_ebc588a4676e'), ('GNOME_SETUP_DISPLAY', ':1'), ('XDG_RUNTIME_DIR', '/run/user/1000'), ('DISPLAY', ':0'), ('LANG', 'en_US.UTF-8'), ('XDG_CURRENT_DESKTOP', 'ubuntu:GNOME'), ('XMODIFIERS', '@im=ibus'), ('XDG_SESSION_DESKTOP', 'ubuntu'), ('XAUTHORITY', '/run/user/1000/.mutter-Xwaylandauth.UHXJM3'), ('LS_COLORS', 'rs=0:di=01;34:ln=01;36:mh=00:pi=40;33:so=01;35:do=01;35:bd=40;33;01:cd=40;33;01:or=40;31;01:mi=00:su=37;41:sg=30;43:ca=30;41:tw=30;42:ow=34;42:st=37;44:ex=01;32:*.tar=01;31:*.tgz=01;31:*.arc=01;31:*.arj=01;31:*.taz=01;31:*.lha=01;31:*.lz4=01;31:*.lzh=01;31:*.lzma=01;31:*.tlz=01;31:*.txz=01;31:*.tzo=01;31:*.t7z=01;31:*.zip=01;31:*.z=01;31:*.dz=01;31:*.gz=01;31:*.lrz=01;31:*.lz=01;31:*.lzo=01;31:*.xz=01;31:*.zst=01;31:*.tzst=01;31:*.bz2=01;31:*.bz=01;31:*.tbz=01;31:*.tbz2=01;31:*.tz=01;31:*.deb=01;31:*.rpm=01;31:*.jar=01;31:*.war=01;31:*.ear=01;31:*.sar=01;31:*.rar=01;31:*.alz=01;31:*.ace=01;31:*.zoo=01;31:*.cpio=01;31:*.7z=01;31:*.rz=01;31:*.cab=01;31:*.wim=01;31:*.swm=01;31:*.dwm=01;31:*.esd=01;31:*.jpg=01;35:*.jpeg=01;35:*.mjpg=01;35:*.mjpeg=01;35:*.gif=01;35:*.bmp=01;35:*.pbm=01;35:*.pgm=01;35:*.ppm=01;35:*.tga=01;35:*.xbm=01;35:*.xpm=01;35:*.tif=01;35:*.tiff=01;35:*.png=01;35:*.svg=01;35:*.svgz=01;35:*.mng=01;35:*.pcx=01;35:*.mov=01;35:*.mpg=01;35:*.mpeg=01;35:*.m2v=01;35:*.mkv=01;35:*.webm=01;35:*.webp=01;35:*.ogm=01;35:*.mp4=01;35:*.m4v=01;35:*.mp4v=01;35:*.vob=01;35:*.qt=01;35:*.nuv=01;35:*.wmv=01;35:*.asf=01;35:*.rm=01;35:*.rmvb=01;35:*.flc=01;35:*.avi=01;35:*.fli=01;35:*.flv=01;35:*.gl=01;35:*.dl=01;35:*.xcf=01;35:*.xwd=01;35:*.yuv=01;35:*.cgm=01;35:*.emf=01;35:*.ogv=01;35:*.ogx=01;35:*.aac=00;36:*.au=00;36:*.flac=00;36:*.m4a=00;36:*.mid=00;36:*.midi=00;36:*.mka=00;36:*.mp3=00;36:*.mpc=00;36:*.ogg=00;36:*.ra=00;36:*.wav=00;36:*.oga=00;36:*.opus=00;36:*.spx=00;36:*.xspf=00;36:'), ('GNOME_TERMINAL_SERVICE', ':1.112'), ('SSH_AGENT_LAUNCHER', 'gnome-keyring'), ('SSH_AUTH_SOCK', '/run/user/1000/keyring/ssh'), ('AMENT_PREFIX_PATH', '/home/elizabeth/MREN203_Trover/install/trover_bringup:/home/elizabeth/MREN203_Trover/install/trover_state_estimation:/home/elizabeth/MREN203_Trover/install/trover_slam:/home/elizabeth/MREN203_Trover/install/trover_navigation:/home/elizabeth/MREN203_Trover/install/trover_drivers:/home/elizabeth/MREN203_Trover/install/trover_description:/home/elizabeth/MREN203_Trover/install/trover_communication:/opt/ros/humble'), ('SHELL', '/bin/bash'), ('QT_ACCESSIBILITY', '1'), ('GDMSESSION', 'ubuntu'), ('LESSCLOSE', '/usr/bin/lesspipe %s %s'), ('QT_IM_MODULE', 'ibus'), ('PWD', '/home/elizabeth/MREN203_Trover/build/trover_description'), ('LC_ALL', 'en_US.UTF-8'), ('XDG_CONFIG_DIRS', '/etc/xdg/xdg-ubuntu:/etc/xdg'), ('DBUS_STARTER_ADDRESS', 'unix:path=/run/user/1000/bus,guid=2dbf2237aac09be4dbc99ef269b8521b'), ('XDG_DATA_DIRS', '/usr/share/ubuntu:/usr/local/share/:/usr/share/:/var/lib/snapd/desktop'), ('PYTHONPATH', '/home/elizabeth/MREN203_Trover/install/trover_state_estimation/lib/python3.10/site-packages:/home/elizabeth/MREN203_Trover/install/trover_slam/lib/python3.10/site-packages:/home/elizabeth/MREN203_Trover/install/trover_navigation/lib/python3.10/site-packages:/home/elizabeth/MREN203_Trover/install/trover_communication/lib/python3.10/site-packages:/opt/ros/humble/lib/python3.10/site-packages:/opt/ros/humble/local/lib/python3.10/dist-packages'), ('COLCON', '1'), ('VTE_VERSION', '6800'), ('CMAKE_PREFIX_PATH', '/home/elizabeth/MREN203_Trover/install/trover_bringup:/home/elizabeth/MREN203_Trover/install/trover_drivers:/home/elizabeth/MREN203_Trover/install/trover_description:/home/elizabeth/MREN203_Trover/install/trover_state_estimation:/home/elizabeth/MREN203_Trover/install/trover_slam:/home/elizabeth/MREN203_Trover/install/trover_navigation:/home/elizabeth/MREN203_Trover/install/trover_communication:/opt/ros/humble')]), 'shell': False}
[0.199455] (-) TimerEvent: {}
[0.302374] (-) TimerEvent: {}
[0.403278] (-) TimerEvent: {}
[0.504231] (-) TimerEvent: {}
[0.608341] (-) TimerEvent: {}
[0.709451] (-) TimerEvent: {}
[0.811629] (-) TimerEvent: {}
[0.916804] (-) TimerEvent: {}
[1.019821] (-) TimerEvent: {}
[1.123729] (-) TimerEvent: {}
[1.226419] (-) TimerEvent: {}
[1.279555] (trover_description) CommandEnded: {'returncode': 0}
[1.300748] (trover_description) JobProgress: {'identifier': 'trover_description', 'progress': 'install'}
[1.328073] (-) TimerEvent: {}
[1.342915] (trover_description) Command: {'cmd': ['/usr/bin/cmake', '--install', '/home/elizabeth/MREN203_Trover/build/trover_description'], 'cwd': '/home/elizabeth/MREN203_Trover/build/trover_description', 'env': OrderedDict([('LESSOPEN', '| /usr/bin/lesspipe %s'), ('LANGUAGE', 'en_CA:en'), ('USER', 'elizabeth'), ('XDG_SESSION_TYPE', 'wayland'), ('SHLVL', '1'), ('LD_LIBRARY_PATH', '/usr/lib/x86_64-linux-gnu/gazebo-11/plugins:/opt/ros/humble/opt/rviz_ogre_vendor/lib:/opt/ros/humble/lib/x86_64-linux-gnu:/opt/ros/humble/lib'), ('HOME', '/home/elizabeth'), ('DESKTOP_SESSION', 'ubuntu'), ('ROS_PYTHON_VERSION', '3'), ('GNOME_SHELL_SESSION_MODE', 'ubuntu'), ('GTK_MODULES', 'gail:atk-bridge'), ('DBUS_STARTER_BUS_TYPE', 'session'), ('SYSTEMD_EXEC_PID', '1257'), ('DBUS_SESSION_BUS_ADDRESS', 'unix:path=/run/user/1000/bus,guid=2dbf2237aac09be4dbc99ef269b8521b'), ('COLORTERM', 'truecolor'), ('IM_CONFIG_PHASE', '1'), ('WAYLAND_DISPLAY', 'wayland-0'), ('COLCON_PREFIX_PATH', '/home/elizabeth/MREN203_Trover/install'), ('ROS_DISTRO', 'humble'), ('LOGNAME', 'elizabeth'), ('_', '/usr/bin/colcon'), ('ROS_VERSION', '2'), ('XDG_SESSION_CLASS', 'user'), ('USERNAME', 'elizabeth'), ('TERM', 'xterm-256color'), ('GNOME_DESKTOP_SESSION_ID', 'this-is-deprecated'), ('ROS_LOCALHOST_ONLY', '0'), ('PATH', '/opt/ros/humble/bin:/usr/local/sbin:/usr/local/bin:/usr/sbin:/usr/bin:/sbin:/bin:/usr/games:/usr/local/games:/snap/bin:/snap/bin'), ('SESSION_MANAGER', 'local/elizabeth-VirtualBox:@/tmp/.ICE-unix/1257,unix/elizabeth-VirtualBox:/tmp/.ICE-unix/1257'), ('XDG_MENU_PREFIX', 'gnome-'), ('GNOME_TERMINAL_SCREEN', '/org/gnome/Terminal/screen/96c42cd0_fe71_470b_8b03_ebc588a4676e'), ('GNOME_SETUP_DISPLAY', ':1'), ('XDG_RUNTIME_DIR', '/run/user/1000'), ('DISPLAY', ':0'), ('LANG', 'en_US.UTF-8'), ('XDG_CURRENT_DESKTOP', 'ubuntu:GNOME'), ('XMODIFIERS', '@im=ibus'), ('XDG_SESSION_DESKTOP', 'ubuntu'), ('XAUTHORITY', '/run/user/1000/.mutter-Xwaylandauth.UHXJM3'), ('LS_COLORS', 'rs=0:di=01;34:ln=01;36:mh=00:pi=40;33:so=01;35:do=01;35:bd=40;33;01:cd=40;33;01:or=40;31;01:mi=00:su=37;41:sg=30;43:ca=30;41:tw=30;42:ow=34;42:st=37;44:ex=01;32:*.tar=01;31:*.tgz=01;31:*.arc=01;31:*.arj=01;31:*.taz=01;31:*.lha=01;31:*.lz4=01;31:*.lzh=01;31:*.lzma=01;31:*.tlz=01;31:*.txz=01;31:*.tzo=01;31:*.t7z=01;31:*.zip=01;31:*.z=01;31:*.dz=01;31:*.gz=01;31:*.lrz=01;31:*.lz=01;31:*.lzo=01;31:*.xz=01;31:*.zst=01;31:*.tzst=01;31:*.bz2=01;31:*.bz=01;31:*.tbz=01;31:*.tbz2=01;31:*.tz=01;31:*.deb=01;31:*.rpm=01;31:*.jar=01;31:*.war=01;31:*.ear=01;31:*.sar=01;31:*.rar=01;31:*.alz=01;31:*.ace=01;31:*.zoo=01;31:*.cpio=01;31:*.7z=01;31:*.rz=01;31:*.cab=01;31:*.wim=01;31:*.swm=01;31:*.dwm=01;31:*.esd=01;31:*.jpg=01;35:*.jpeg=01;35:*.mjpg=01;35:*.mjpeg=01;35:*.gif=01;35:*.bmp=01;35:*.pbm=01;35:*.pgm=01;35:*.ppm=01;35:*.tga=01;35:*.xbm=01;35:*.xpm=01;35:*.tif=01;35:*.tiff=01;35:*.png=01;35:*.svg=01;35:*.svgz=01;35:*.mng=01;35:*.pcx=01;35:*.mov=01;35:*.mpg=01;35:*.mpeg=01;35:*.m2v=01;35:*.mkv=01;35:*.webm=01;35:*.webp=01;35:*.ogm=01;35:*.mp4=01;35:*.m4v=01;35:*.mp4v=01;35:*.vob=01;35:*.qt=01;35:*.nuv=01;35:*.wmv=01;35:*.asf=01;35:*.rm=01;35:*.rmvb=01;35:*.flc=01;35:*.avi=01;35:*.fli=01;35:*.flv=01;35:*.gl=01;35:*.dl=01;35:*.xcf=01;35:*.xwd=01;35:*.yuv=01;35:*.cgm=01;35:*.emf=01;35:*.ogv=01;35:*.ogx=01;35:*.aac=00;36:*.au=00;36:*.flac=00;36:*.m4a=00;36:*.mid=00;36:*.midi=00;36:*.mka=00;36:*.mp3=00;36:*.mpc=00;36:*.ogg=00;36:*.ra=00;36:*.wav=00;36:*.oga=00;36:*.opus=00;36:*.spx=00;36:*.xspf=00;36:'), ('GNOME_TERMINAL_SERVICE', ':1.112'), ('SSH_AGENT_LAUNCHER', 'gnome-keyring'), ('SSH_AUTH_SOCK', '/run/user/1000/keyring/ssh'), ('AMENT_PREFIX_PATH', '/home/elizabeth/MREN203_Trover/install/trover_bringup:/home/elizabeth/MREN203_Trover/install/trover_state_estimation:/home/elizabeth/MREN203_Trover/install/trover_slam:/home/elizabeth/MREN203_Trover/install/trover_navigation:/home/elizabeth/MREN203_Trover/install/trover_drivers:/home/elizabeth/MREN203_Trover/install/trover_description:/home/elizabeth/MREN203_Trover/install/trover_communication:/opt/ros/humble'), ('SHELL', '/bin/bash'), ('QT_ACCESSIBILITY', '1'), ('GDMSESSION', 'ubuntu'), ('LESSCLOSE', '/usr/bin/lesspipe %s %s'), ('QT_IM_MODULE', 'ibus'), ('PWD', '/home/elizabeth/MREN203_Trover/build/trover_description'), ('LC_ALL', 'en_US.UTF-8'), ('XDG_CONFIG_DIRS', '/etc/xdg/xdg-ubuntu:/etc/xdg'), ('DBUS_STARTER_ADDRESS', 'unix:path=/run/user/1000/bus,guid=2dbf2237aac09be4dbc99ef269b8521b'), ('XDG_DATA_DIRS', '/usr/share/ubuntu:/usr/local/share/:/usr/share/:/var/lib/snapd/desktop'), ('PYTHONPATH', '/home/elizabeth/MREN203_Trover/install/trover_state_estimation/lib/python3.10/site-packages:/home/elizabeth/MREN203_Trover/install/trover_slam/lib/python3.10/site-packages:/home/elizabeth/MREN203_Trover/install/trover_navigation/lib/python3.10/site-packages:/home/elizabeth/MREN203_Trover/install/trover_communication/lib/python3.10/site-packages:/opt/ros/humble/lib/python3.10/site-packages:/opt/ros/humble/local/lib/python3.10/dist-packages'), ('COLCON', '1'), ('VTE_VERSION', '6800'), ('CMAKE_PREFIX_PATH', '/home/elizabeth/MREN203_Trover/install/trover_bringup:/home/elizabeth/MREN203_Trover/install/trover_drivers:/home/elizabeth/MREN203_Trover/install/trover_description:/home/elizabeth/MREN203_Trover/install/trover_state_estimation:/home/elizabeth/MREN203_Trover/install/trover_slam:/home/elizabeth/MREN203_Trover/install/trover_navigation:/home/elizabeth/MREN203_Trover/install/trover_communication:/opt/ros/humble')]), 'shell': False}
[1.404498] (trover_description) StdoutLine: {'line': b'-- Install configuration: ""\n'}
[1.409416] (trover_description) StdoutLine: {'line': b'-- Up-to-date: /home/elizabeth/MREN203_Trover/install/trover_description/share/trover_description/urdf\n'}
[1.409951] (trover_description) StdoutLine: {'line': b'-- Up-to-date: /home/elizabeth/MREN203_Trover/install/trover_description/share/trover_description/urdf/trover_description.urdf.xacro\n'}
[1.410070] (trover_description) StdoutLine: {'line': b'-- Up-to-date: /home/elizabeth/MREN203_Trover/install/trover_description/share/trover_description/launch\n'}
[1.410166] (trover_description) StdoutLine: {'line': b'-- Up-to-date: /home/elizabeth/MREN203_Trover/install/trover_description/share/trover_description/launch/test_sensors.launch.py\n'}
[1.410259] (trover_description) StdoutLine: {'line': b'-- Up-to-date: /home/elizabeth/MREN203_Trover/install/trover_description/share/trover_description/launch/display.launch.py\n'}
[1.410350] (trover_description) StdoutLine: {'line': b'-- Up-to-date: /home/elizabeth/MREN203_Trover/install/trover_description/share/trover_description/launch/gazebo.launch.py\n'}
[1.410439] (trover_description) StdoutLine: {'line': b'-- Up-to-date: /home/elizabeth/MREN203_Trover/install/trover_description/share/trover_description/rviz\n'}
[1.410528] (trover_description) StdoutLine: {'line': b'-- Up-to-date: /home/elizabeth/MREN203_Trover/install/trover_description/share/trover_description/rviz/default.rviz\n'}
[1.410618] (trover_description) StdoutLine: {'line': b'-- Up-to-date: /home/elizabeth/MREN203_Trover/install/trover_description/share/trover_description/rviz/default_nav.rviz\n'}
[1.410707] (trover_description) StdoutLine: {'line': b'-- Up-to-date: /home/elizabeth/MREN203_Trover/install/trover_description/share/trover_description/worlds\n'}
[1.410795] (trover_description) StdoutLine: {'line': b'-- Up-to-date: /home/elizabeth/MREN203_Trover/install/trover_description/share/trover_description/worlds/launch\n'}
[1.410884] (trover_description) StdoutLine: {'line': b'-- Up-to-date: /home/elizabeth/MREN203_Trover/install/trover_description/share/trover_description/worlds/launch/small_house.launch\n'}
[1.411060] (trover_description) StdoutLine: {'line': b'-- Up-to-date: /home/elizabeth/MREN203_Trover/install/trover_description/share/trover_description/worlds/launch/view_small_house.launch\n'}
[1.411165] (trover_description) StdoutLine: {'line': b'-- Up-to-date: /home/elizabeth/MREN203_Trover/install/trover_description/share/trover_description/worlds/worlds\n'}
[1.411256] (trover_description) StdoutLine: {'line': b'-- Up-to-date: /home/elizabeth/MREN203_Trover/install/trover_description/share/trover_description/worlds/worlds/small_house.world\n'}
[1.411345] (trover_description) StdoutLine: {'line': b'-- Up-to-date: /home/elizabeth/MREN203_Trover/install/trover_description/share/trover_description/worlds/maps\n'}
[1.411435] (trover_description) StdoutLine: {'line': b'-- Up-to-date: /home/elizabeth/MREN203_Trover/install/trover_description/share/trover_description/worlds/maps/turtlebot3_waffle_pi\n'}
[1.414390] (trover_description) StdoutLine: {'line': b'-- Up-to-date: /home/elizabeth/MREN203_Trover/install/trover_description/share/trover_description/worlds/maps/turtlebot3_waffle_pi/map.yaml\n'}
[1.414654] (trover_description) StdoutLine: {'line': b'-- Up-to-date: /home/elizabeth/MREN203_Trover/install/trover_description/share/trover_description/worlds/maps/turtlebot3_waffle_pi/map.pgm\n'}
[1.414783] (trover_description) StdoutLine: {'line': b'-- Up-to-date: /home/elizabeth/MREN203_Trover/install/trover_description/share/trover_description/worlds/photos\n'}
[1.414878] (trover_description) StdoutLine: {'line': b'-- Up-to-date: /home/elizabeth/MREN203_Trover/install/trover_description/share/trover_description/worlds/photos/DeskPortraitD_03.jpg\n'}
[1.415044] (trover_description) StdoutLine: {'line': b'-- Up-to-date: /home/elizabeth/MREN203_Trover/install/trover_description/share/trover_description/worlds/photos/DeskPortraitB_01.jpg\n'}
[1.415173] (trover_description) StdoutLine: {'line': b'-- Up-to-date: /home/elizabeth/MREN203_Trover/install/trover_description/share/trover_description/worlds/photos/PortraitD_01.jpg\n'}
[1.415271] (trover_description) StdoutLine: {'line': b'-- Up-to-date: /home/elizabeth/MREN203_Trover/install/trover_description/share/trover_description/worlds/photos/DeskPortraitC_01.jpg\n'}
[1.415363] (trover_description) StdoutLine: {'line': b'-- Up-to-date: /home/elizabeth/MREN203_Trover/install/trover_description/share/trover_description/worlds/photos/PortraitD_02.jpg\n'}
[1.415453] (trover_description) StdoutLine: {'line': b'-- Up-to-date: /home/elizabeth/MREN203_Trover/install/trover_description/share/trover_description/worlds/photos/PortraitA_01.jpg\n'}
[1.415539] (trover_description) StdoutLine: {'line': b'-- Up-to-date: /home/elizabeth/MREN203_Trover/install/trover_description/share/trover_description/worlds/photos/DeskPortraitB_02.jpg\n'}
[1.415627] (trover_description) StdoutLine: {'line': b'-- Up-to-date: /home/elizabeth/MREN203_Trover/install/trover_description/share/trover_description/worlds/photos/PortraitB_02.jpg\n'}
[1.415712] (trover_description) StdoutLine: {'line': b'-- Up-to-date: /home/elizabeth/MREN203_Trover/install/trover_description/share/trover_description/worlds/photos/PortraitB_01.jpg\n'}
[1.415796] (trover_description) StdoutLine: {'line': b'-- Up-to-date: /home/elizabeth/MREN203_Trover/install/trover_description/share/trover_description/worlds/photos/PortraitB_03.jpg\n'}
[1.415867] (trover_description) StdoutLine: {'line': b'-- Up-to-date: /home/elizabeth/MREN203_Trover/install/trover_description/share/trover_description/worlds/photos/DeskPortraitA_02.jpg\n'}
[1.415936] (trover_description) StdoutLine: {'line': b'-- Up-to-date: /home/elizabeth/MREN203_Trover/install/trover_description/share/trover_description/worlds/photos/DeskPortraitC_02.jpg\n'}
[1.416168] (trover_description) StdoutLine: {'line': b'-- Up-to-date: /home/elizabeth/MREN203_Trover/install/trover_description/share/trover_description/worlds/photos/DeskPortraitD_04.jpg\n'}
[1.416302] (trover_description) StdoutLine: {'line': b'-- Up-to-date: /home/elizabeth/MREN203_Trover/install/trover_description/share/trover_description/worlds/photos/PortraitE_01.jpg\n'}
[1.416378] (trover_description) StdoutLine: {'line': b'-- Up-to-date: /home/elizabeth/MREN203_Trover/install/trover_description/share/trover_description/worlds/photos/DeskPortraitD_01.jpg\n'}
[1.416448] (trover_description) StdoutLine: {'line': b'-- Up-to-date: /home/elizabeth/MREN203_Trover/install/trover_description/share/trover_description/worlds/photos/DeskPortraitD_02.jpg\n'}
[1.416518] (trover_description) StdoutLine: {'line': b'-- Up-to-date: /home/elizabeth/MREN203_Trover/install/trover_description/share/trover_description/worlds/photos/PortraitC_01.jpg\n'}
[1.416588] (trover_description) StdoutLine: {'line': b'-- Up-to-date: /home/elizabeth/MREN203_Trover/install/trover_description/share/trover_description/worlds/photos/DeskPortraitA_01.jpg\n'}
[1.416657] (trover_description) StdoutLine: {'line': b'-- Up-to-date: /home/elizabeth/MREN203_Trover/install/trover_description/share/trover_description/worlds/photos/PortraitE_02.jpg\n'}
[1.416726] (trover_description) StdoutLine: {'line': b'-- Up-to-date: /home/elizabeth/MREN203_Trover/install/trover_description/share/trover_description/worlds/photos/PortraitA_02.jpg\n'}
[1.419255] (trover_description) StdoutLine: {'line': b'-- Up-to-date: /home/elizabeth/MREN203_Trover/install/trover_description/share/trover_description/worlds/CMakeLists.txt\n'}
[1.419495] (trover_description) StdoutLine: {'line': b'-- Up-to-date: /home/elizabeth/MREN203_Trover/install/trover_description/share/trover_description/worlds/README.md\n'}
[1.419592] (trover_description) StdoutLine: {'line': b'-- Up-to-date: /home/elizabeth/MREN203_Trover/install/trover_description/share/trover_description/worlds/CONTRIBUTING.md\n'}
[1.419684] (trover_description) StdoutLine: {'line': b'-- Up-to-date: /home/elizabeth/MREN203_Trover/install/trover_description/share/trover_description/worlds/CODE_OF_CONDUCT.md\n'}
[1.419774] (trover_description) StdoutLine: {'line': b'-- Up-to-date: /home/elizabeth/MREN203_Trover/install/trover_description/share/trover_description/worlds/models\n'}
[1.419864] (trover_description) StdoutLine: {'line': b'-- Up-to-date: /home/elizabeth/MREN203_Trover/install/trover_description/share/trover_description/worlds/models/aws_robomaker_residential_RoomWall_01\n'}
[1.419954] (trover_description) StdoutLine: {'line': b'-- Up-to-date: /home/elizabeth/MREN203_Trover/install/trover_description/share/trover_description/worlds/models/aws_robomaker_residential_RoomWall_01/model.sdf\n'}
[1.420046] (trover_description) StdoutLine: {'line': b'-- Up-to-date: /home/elizabeth/MREN203_Trover/install/trover_description/share/trover_description/worlds/models/aws_robomaker_residential_RoomWall_01/materials\n'}
[1.420134] (trover_description) StdoutLine: {'line': b'-- Up-to-date: /home/elizabeth/MREN203_Trover/install/trover_description/share/trover_description/worlds/models/aws_robomaker_residential_RoomWall_01/materials/textures\n'}
[1.420246] (trover_description) StdoutLine: {'line': b'-- Up-to-date: /home/elizabeth/MREN203_Trover/install/trover_description/share/trover_description/worlds/models/aws_robomaker_residential_RoomWall_01/materials/textures/aws_RoomWall_01.png\n'}
[1.420769] (trover_description) StdoutLine: {'line': b'-- Up-to-date: /home/elizabeth/MREN203_Trover/install/trover_description/share/trover_description/worlds/models/aws_robomaker_residential_RoomWall_01/model.config\n'}
[1.420940] (trover_description) StdoutLine: {'line': b'-- Up-to-date: /home/elizabeth/MREN203_Trover/install/trover_description/share/trover_description/worlds/models/aws_robomaker_residential_RoomWall_01/meshes\n'}
[1.425169] (trover_description) StdoutLine: {'line': b'-- Up-to-date: /home/elizabeth/MREN203_Trover/install/trover_description/share/trover_description/worlds/models/aws_robomaker_residential_RoomWall_01/meshes/aws_RoomWall_01_visual.DAE\n'}
[1.425331] (trover_description) StdoutLine: {'line': b'-- Up-to-date: /home/elizabeth/MREN203_Trover/install/trover_description/share/trover_description/worlds/models/aws_robomaker_residential_RoomWall_01/meshes/aws_RoomWall_01_collision.DAE\n'}
[1.425429] (trover_description) StdoutLine: {'line': b'-- Up-to-date: /home/elizabeth/MREN203_Trover/install/trover_description/share/trover_description/worlds/models/aws_robomaker_residential_TVCabinet_01\n'}
[1.425522] (trover_description) StdoutLine: {'line': b'-- Up-to-date: /home/elizabeth/MREN203_Trover/install/trover_description/share/trover_description/worlds/models/aws_robomaker_residential_TVCabinet_01/model.sdf\n'}
[1.425615] (trover_description) StdoutLine: {'line': b'-- Up-to-date: /home/elizabeth/MREN203_Trover/install/trover_description/share/trover_description/worlds/models/aws_robomaker_residential_TVCabinet_01/materials\n'}
[1.425727] (trover_description) StdoutLine: {'line': b'-- Up-to-date: /home/elizabeth/MREN203_Trover/install/trover_description/share/trover_description/worlds/models/aws_robomaker_residential_TVCabinet_01/materials/textures\n'}
[1.425819] (trover_description) StdoutLine: {'line': b'-- Up-to-date: /home/elizabeth/MREN203_Trover/install/trover_description/share/trover_description/worlds/models/aws_robomaker_residential_TVCabinet_01/materials/textures/aws_TVCabinet_01.png\n'}
[1.425935] (trover_description) StdoutLine: {'line': b'-- Up-to-date: /home/elizabeth/MREN203_Trover/install/trover_description/share/trover_description/worlds/models/aws_robomaker_residential_TVCabinet_01/model.config\n'}
[1.426026] (trover_description) StdoutLine: {'line': b'-- Up-to-date: /home/elizabeth/MREN203_Trover/install/trover_description/share/trover_description/worlds/models/aws_robomaker_residential_TVCabinet_01/meshes\n'}
[1.426136] (trover_description) StdoutLine: {'line': b'-- Up-to-date: /home/elizabeth/MREN203_Trover/install/trover_description/share/trover_description/worlds/models/aws_robomaker_residential_TVCabinet_01/meshes/aws_TVCabinet_01_visual.DAE\n'}
[1.426226] (trover_description) StdoutLine: {'line': b'-- Up-to-date: /home/elizabeth/MREN203_Trover/install/trover_description/share/trover_description/worlds/models/aws_robomaker_residential_TVCabinet_01/meshes/aws_TVCabinet_01_collision.DAE\n'}
[1.426315] (trover_description) StdoutLine: {'line': b'-- Up-to-date: /home/elizabeth/MREN203_Trover/install/trover_description/share/trover_description/worlds/models/aws_robomaker_residential_PortraitD_01\n'}
[1.426403] (trover_description) StdoutLine: {'line': b'-- Up-to-date: /home/elizabeth/MREN203_Trover/install/trover_description/share/trover_description/worlds/models/aws_robomaker_residential_PortraitD_01/model.sdf\n'}
[1.426493] (trover_description) StdoutLine: {'line': b'-- Up-to-date: /home/elizabeth/MREN203_Trover/install/trover_description/share/trover_description/worlds/models/aws_robomaker_residential_PortraitD_01/materials\n'}
[1.426582] (trover_description) StdoutLine: {'line': b'-- Up-to-date: /home/elizabeth/MREN203_Trover/install/trover_description/share/trover_description/worlds/models/aws_robomaker_residential_PortraitD_01/materials/textures\n'}
[1.426671] (trover_description) StdoutLine: {'line': b'-- Up-to-date: /home/elizabeth/MREN203_Trover/install/trover_description/share/trover_description/worlds/models/aws_robomaker_residential_PortraitD_01/materials/textures/PortraitD_01.jpg\n'}
[1.426760] (trover_description) StdoutLine: {'line': b'-- Up-to-date: /home/elizabeth/MREN203_Trover/install/trover_description/share/trover_description/worlds/models/aws_robomaker_residential_PortraitD_01/materials/textures/aws_PortraitD_02.png\n'}
[1.426849] (trover_description) StdoutLine: {'line': b'-- Up-to-date: /home/elizabeth/MREN203_Trover/install/trover_description/share/trover_description/worlds/models/aws_robomaker_residential_PortraitD_01/materials/textures/aws_PortraitD_01.png\n'}
[1.426938] (trover_description) StdoutLine: {'line': b'-- Up-to-date: /home/elizabeth/MREN203_Trover/install/trover_description/share/trover_description/worlds/models/aws_robomaker_residential_PortraitD_01/model.config\n'}
[1.427027] (trover_description) StdoutLine: {'line': b'-- Up-to-date: /home/elizabeth/MREN203_Trover/install/trover_description/share/trover_description/worlds/models/aws_robomaker_residential_PortraitD_01/meshes\n'}
[1.427176] (trover_description) StdoutLine: {'line': b'-- Up-to-date: /home/elizabeth/MREN203_Trover/install/trover_description/share/trover_description/worlds/models/aws_robomaker_residential_PortraitD_01/meshes/aws_PortraitD_01_collision.DAE\n'}
[1.427321] (trover_description) StdoutLine: {'line': b'-- Up-to-date: /home/elizabeth/MREN203_Trover/install/trover_description/share/trover_description/worlds/models/aws_robomaker_residential_PortraitD_01/meshes/aws_PortraitD_01_visual.DAE\n'}
[1.427417] (trover_description) StdoutLine: {'line': b'-- Up-to-date: /home/elizabeth/MREN203_Trover/install/trover_description/share/trover_description/worlds/models/aws_robomaker_residential_Chandelier_01\n'}
[1.427509] (trover_description) StdoutLine: {'line': b'-- Up-to-date: /home/elizabeth/MREN203_Trover/install/trover_description/share/trover_description/worlds/models/aws_robomaker_residential_Chandelier_01/model.sdf\n'}
[1.427599] (trover_description) StdoutLine: {'line': b'-- Up-to-date: /home/elizabeth/MREN203_Trover/install/trover_description/share/trover_description/worlds/models/aws_robomaker_residential_Chandelier_01/materials\n'}
[1.427702] (trover_description) StdoutLine: {'line': b'-- Up-to-date: /home/elizabeth/MREN203_Trover/install/trover_description/share/trover_description/worlds/models/aws_robomaker_residential_Chandelier_01/materials/textures\n'}
[1.427792] (trover_description) StdoutLine: {'line': b'-- Up-to-date: /home/elizabeth/MREN203_Trover/install/trover_description/share/trover_description/worlds/models/aws_robomaker_residential_Chandelier_01/materials/textures/aws_Chandelier_01.png\n'}
[1.427882] (trover_description) StdoutLine: {'line': b'-- Up-to-date: /home/elizabeth/MREN203_Trover/install/trover_description/share/trover_description/worlds/models/aws_robomaker_residential_Chandelier_01/model.config\n'}
[1.427971] (trover_description) StdoutLine: {'line': b'-- Up-to-date: /home/elizabeth/MREN203_Trover/install/trover_description/share/trover_description/worlds/models/aws_robomaker_residential_Chandelier_01/meshes\n'}
[1.428057] (-) TimerEvent: {}
[1.433506] (trover_description) StdoutLine: {'line': b'-- Up-to-date: /home/elizabeth/MREN203_Trover/install/trover_description/share/trover_description/worlds/models/aws_robomaker_residential_Chandelier_01/meshes/aws_Chandelier_01.DAE\n'}
[1.434001] (trover_description) StdoutLine: {'line': b'-- Up-to-date: /home/elizabeth/MREN203_Trover/install/trover_description/share/trover_description/worlds/models/aws_robomaker_residential_Chandelier_01/meshes/aws_Chandelier_01_collision.DAE\n'}
[1.434111] (trover_description) StdoutLine: {'line': b'-- Up-to-date: /home/elizabeth/MREN203_Trover/install/trover_description/share/trover_description/worlds/models/aws_robomaker_residential_Chandelier_01/meshes/aws_Chandelier_01_visual.DAE\n'}
[1.434215] (trover_description) StdoutLine: {'line': b'-- Up-to-date: /home/elizabeth/MREN203_Trover/install/trover_description/share/trover_description/worlds/models/aws_robomaker_residential_AirconditionerB_01\n'}
[1.434297] (trover_description) StdoutLine: {'line': b'-- Up-to-date: /home/elizabeth/MREN203_Trover/install/trover_description/share/trover_description/worlds/models/aws_robomaker_residential_AirconditionerB_01/model.sdf\n'}
[1.452762] (trover_description) StdoutLine: {'line': b'-- Up-to-date: /home/elizabeth/MREN203_Trover/install/trover_description/share/trover_description/worlds/models/aws_robomaker_residential_AirconditionerB_01/materials\n'}
[1.452927] (trover_description) StdoutLine: {'line': b'-- Up-to-date: /home/elizabeth/MREN203_Trover/install/trover_description/share/trover_description/worlds/models/aws_robomaker_residential_AirconditionerB_01/materials/textures\n'}
[1.453026] (trover_description) StdoutLine: {'line': b'-- Up-to-date: /home/elizabeth/MREN203_Trover/install/trover_description/share/trover_description/worlds/models/aws_robomaker_residential_AirconditionerB_01/materials/textures/aws_AirconditionerB_01.png\n'}
[1.453121] (trover_description) StdoutLine: {'line': b'-- Up-to-date: /home/elizabeth/MREN203_Trover/install/trover_description/share/trover_description/worlds/models/aws_robomaker_residential_AirconditionerB_01/model.config\n'}
[1.453211] (trover_description) StdoutLine: {'line': b'-- Up-to-date: /home/elizabeth/MREN203_Trover/install/trover_description/share/trover_description/worlds/models/aws_robomaker_residential_AirconditionerB_01/meshes\n'}
[1.453301] (trover_description) StdoutLine: {'line': b'-- Up-to-date: /home/elizabeth/MREN203_Trover/install/trover_description/share/trover_description/worlds/models/aws_robomaker_residential_AirconditionerB_01/meshes/aws_AirconditionerB_01_collision.DAE\n'}
[1.453391] (trover_description) StdoutLine: {'line': b'-- Up-to-date: /home/elizabeth/MREN203_Trover/install/trover_description/share/trover_description/worlds/models/aws_robomaker_residential_AirconditionerB_01/meshes/aws_AirconditionerB_01_visual.DAE\n'}
[1.453481] (trover_description) StdoutLine: {'line': b'-- Up-to-date: /home/elizabeth/MREN203_Trover/install/trover_description/share/trover_description/worlds/models/aws_robomaker_residential_SecurityCamera_01\n'}
[1.453592] (trover_description) StdoutLine: {'line': b'-- Up-to-date: /home/elizabeth/MREN203_Trover/install/trover_description/share/trover_description/worlds/models/aws_robomaker_residential_SecurityCamera_01/model.sdf\n'}
[1.453691] (trover_description) StdoutLine: {'line': b'-- Up-to-date: /home/elizabeth/MREN203_Trover/install/trover_description/share/trover_description/worlds/models/aws_robomaker_residential_SecurityCamera_01/materials\n'}
[1.453779] (trover_description) StdoutLine: {'line': b'-- Up-to-date: /home/elizabeth/MREN203_Trover/install/trover_description/share/trover_description/worlds/models/aws_robomaker_residential_SecurityCamera_01/materials/textures\n'}
[1.453868] (trover_description) StdoutLine: {'line': b'-- Up-to-date: /home/elizabeth/MREN203_Trover/install/trover_description/share/trover_description/worlds/models/aws_robomaker_residential_SecurityCamera_01/materials/textures/aws_SecurityCamera_01.png\n'}
[1.453956] (trover_description) StdoutLine: {'line': b'-- Up-to-date: /home/elizabeth/MREN203_Trover/install/trover_description/share/trover_description/worlds/models/aws_robomaker_residential_SecurityCamera_01/model.config\n'}
[1.454044] (trover_description) StdoutLine: {'line': b'-- Up-to-date: /home/elizabeth/MREN203_Trover/install/trover_description/share/trover_description/worlds/models/aws_robomaker_residential_SecurityCamera_01/meshes\n'}
[1.454208] (trover_description) StdoutLine: {'line': b'-- Up-to-date: /home/elizabeth/MREN203_Trover/install/trover_description/share/trover_description/worlds/models/aws_robomaker_residential_SecurityCamera_01/meshes/aws_SecurityCamera_01_visual.DAE\n'}
[1.454322] (trover_description) StdoutLine: {'line': b'-- Up-to-date: /home/elizabeth/MREN203_Trover/install/trover_description/share/trover_description/worlds/models/aws_robomaker_residential_SecurityCamera_01/meshes/aws_SecurityCamera_01_collision.DAE\n'}
[1.454413] (trover_description) StdoutLine: {'line': b'-- Up-to-date: /home/elizabeth/MREN203_Trover/install/trover_description/share/trover_description/worlds/models/aws_robomaker_residential_RoomCeiling_01\n'}
[1.454501] (trover_description) StdoutLine: {'line': b'-- Up-to-date: /home/elizabeth/MREN203_Trover/install/trover_description/share/trover_description/worlds/models/aws_robomaker_residential_RoomCeiling_01/model.sdf\n'}
[1.454588] (trover_description) StdoutLine: {'line': b'-- Up-to-date: /home/elizabeth/MREN203_Trover/install/trover_description/share/trover_description/worlds/models/aws_robomaker_residential_RoomCeiling_01/materials\n'}
[1.454676] (trover_description) StdoutLine: {'line': b'-- Up-to-date: /home/elizabeth/MREN203_Trover/install/trover_description/share/trover_description/worlds/models/aws_robomaker_residential_RoomCeiling_01/materials/textures\n'}
[1.454762] (trover_description) StdoutLine: {'line': b'-- Up-to-date: /home/elizabeth/MREN203_Trover/install/trover_description/share/trover_description/worlds/models/aws_robomaker_residential_RoomCeiling_01/materials/textures/aws_RoomCeiling_01.png\n'}
[1.454848] (trover_description) StdoutLine: {'line': b'-- Up-to-date: /home/elizabeth/MREN203_Trover/install/trover_description/share/trover_description/worlds/models/aws_robomaker_residential_RoomCeiling_01/model.config\n'}
[1.454964] (trover_description) StdoutLine: {'line': b'-- Up-to-date: /home/elizabeth/MREN203_Trover/install/trover_description/share/trover_description/worlds/models/aws_robomaker_residential_RoomCeiling_01/meshes\n'}
[1.455053] (trover_description) StdoutLine: {'line': b'-- Up-to-date: /home/elizabeth/MREN203_Trover/install/trover_description/share/trover_description/worlds/models/aws_robomaker_residential_RoomCeiling_01/meshes/aws_RoomCeiling_01_visual.DAE\n'}
[1.455142] (trover_description) StdoutLine: {'line': b'-- Up-to-date: /home/elizabeth/MREN203_Trover/install/trover_description/share/trover_description/worlds/models/aws_robomaker_residential_RoomCeiling_01/meshes/aws_RoomCeiling_01_collision.DAE\n'}
[1.455234] (trover_description) StdoutLine: {'line': b'-- Up-to-date: /home/elizabeth/MREN203_Trover/install/trover_description/share/trover_description/worlds/models/aws_robomaker_residential_DeskPortraitC_01\n'}
[1.455336] (trover_description) StdoutLine: {'line': b'-- Up-to-date: /home/elizabeth/MREN203_Trover/install/trover_description/share/trover_description/worlds/models/aws_robomaker_residential_DeskPortraitC_01/model.sdf\n'}
[1.455422] (trover_description) StdoutLine: {'line': b'-- Up-to-date: /home/elizabeth/MREN203_Trover/install/trover_description/share/trover_description/worlds/models/aws_robomaker_residential_DeskPortraitC_01/materials\n'}
[1.455509] (trover_description) StdoutLine: {'line': b'-- Up-to-date: /home/elizabeth/MREN203_Trover/install/trover_description/share/trover_description/worlds/models/aws_robomaker_residential_DeskPortraitC_01/materials/textures\n'}
[1.455596] (trover_description) StdoutLine: {'line': b'-- Up-to-date: /home/elizabeth/MREN203_Trover/install/trover_description/share/trover_description/worlds/models/aws_robomaker_residential_DeskPortraitC_01/materials/textures/DeskPortraitC_01.jpg\n'}
[1.455682] (trover_description) StdoutLine: {'line': b'-- Up-to-date: /home/elizabeth/MREN203_Trover/install/trover_description/share/trover_description/worlds/models/aws_robomaker_residential_DeskPortraitC_01/materials/textures/aws_DeskPortraitC_01.png\n'}
[1.455780] (trover_description) StdoutLine: {'line': b'-- Up-to-date: /home/elizabeth/MREN203_Trover/install/trover_description/share/trover_description/worlds/models/aws_robomaker_residential_DeskPortraitC_01/materials/textures/aws_DeskPortraitC_02.png\n'}
[1.455868] (trover_description) StdoutLine: {'line': b'-- Up-to-date: /home/elizabeth/MREN203_Trover/install/trover_description/share/trover_description/worlds/models/aws_robomaker_residential_DeskPortraitC_01/model.config\n'}
[1.455955] (trover_description) StdoutLine: {'line': b'-- Up-to-date: /home/elizabeth/MREN203_Trover/install/trover_description/share/trover_description/worlds/models/aws_robomaker_residential_DeskPortraitC_01/meshes\n'}
[1.456042] (trover_description) StdoutLine: {'line': b'-- Up-to-date: /home/elizabeth/MREN203_Trover/install/trover_description/share/trover_description/worlds/models/aws_robomaker_residential_DeskPortraitC_01/meshes/aws_DeskPortraitC_01_collision.DAE\n'}
[1.456203] (trover_description) StdoutLine: {'line': b'-- Up-to-date: /home/elizabeth/MREN203_Trover/install/trover_description/share/trover_description/worlds/models/aws_robomaker_residential_DeskPortraitC_01/meshes/aws_DeskPortraitC_01_visual.DAE\n'}
[1.456341] (trover_description) StdoutLine: {'line': b'-- Up-to-date: /home/elizabeth/MREN203_Trover/install/trover_description/share/trover_description/worlds/models/aws_robomaker_residential_SofaC_01\n'}
[1.456429] (trover_description) StdoutLine: {'line': b'-- Up-to-date: /home/elizabeth/MREN203_Trover/install/trover_description/share/trover_description/worlds/models/aws_robomaker_residential_SofaC_01/model.sdf\n'}
[1.456514] (trover_description) StdoutLine: {'line': b'-- Up-to-date: /home/elizabeth/MREN203_Trover/install/trover_description/share/trover_description/worlds/models/aws_robomaker_residential_SofaC_01/materials\n'}
[1.456596] (trover_description) StdoutLine: {'line': b'-- Up-to-date: /home/elizabeth/MREN203_Trover/install/trover_description/share/trover_description/worlds/models/aws_robomaker_residential_SofaC_01/materials/textures\n'}
[1.456679] (trover_description) StdoutLine: {'line': b'-- Up-to-date: /home/elizabeth/MREN203_Trover/install/trover_description/share/trover_description/worlds/models/aws_robomaker_residential_SofaC_01/materials/textures/aws_SofaC_01.png\n'}
[1.456762] (trover_description) StdoutLine: {'line': b'-- Up-to-date: /home/elizabeth/MREN203_Trover/install/trover_description/share/trover_description/worlds/models/aws_robomaker_residential_SofaC_01/model.config\n'}
[1.456846] (trover_description) StdoutLine: {'line': b'-- Up-to-date: /home/elizabeth/MREN203_Trover/install/trover_description/share/trover_description/worlds/models/aws_robomaker_residential_SofaC_01/meshes\n'}
[1.456933] (trover_description) StdoutLine: {'line': b'-- Up-to-date: /home/elizabeth/MREN203_Trover/install/trover_description/share/trover_description/worlds/models/aws_robomaker_residential_SofaC_01/meshes/aws_SofaC_01_visual.DAE\n'}
[1.457042] (trover_description) StdoutLine: {'line': b'-- Up-to-date: /home/elizabeth/MREN203_Trover/install/trover_description/share/trover_description/worlds/models/aws_robomaker_residential_SofaC_01/meshes/aws_SofaC_01_collision.DAE\n'}
[1.457148] (trover_description) StdoutLine: {'line': b'-- Up-to-date: /home/elizabeth/MREN203_Trover/install/trover_description/share/trover_description/worlds/models/aws_robomaker_residential_ChairD_01\n'}
[1.457245] (trover_description) StdoutLine: {'line': b'-- Up-to-date: /home/elizabeth/MREN203_Trover/install/trover_description/share/trover_description/worlds/models/aws_robomaker_residential_ChairD_01/model.sdf\n'}
[1.457333] (trover_description) StdoutLine: {'line': b'-- Up-to-date: /home/elizabeth/MREN203_Trover/install/trover_description/share/trover_description/worlds/models/aws_robomaker_residential_ChairD_01/materials\n'}
[1.457420] (trover_description) StdoutLine: {'line': b'-- Up-to-date: /home/elizabeth/MREN203_Trover/install/trover_description/share/trover_description/worlds/models/aws_robomaker_residential_ChairD_01/materials/textures\n'}
[1.457507] (trover_description) StdoutLine: {'line': b'-- Up-to-date: /home/elizabeth/MREN203_Trover/install/trover_description/share/trover_description/worlds/models/aws_robomaker_residential_ChairD_01/materials/textures/aws_ChairD_01.png\n'}
[1.457595] (trover_description) StdoutLine: {'line': b'-- Up-to-date: /home/elizabeth/MREN203_Trover/install/trover_description/share/trover_description/worlds/models/aws_robomaker_residential_ChairD_01/model.config\n'}
[1.457681] (trover_description) StdoutLine: {'line': b'-- Up-to-date: /home/elizabeth/MREN203_Trover/install/trover_description/share/trover_description/worlds/models/aws_robomaker_residential_ChairD_01/meshes\n'}
[1.457768] (trover_description) StdoutLine: {'line': b'-- Up-to-date: /home/elizabeth/MREN203_Trover/install/trover_description/share/trover_description/worlds/models/aws_robomaker_residential_ChairD_01/meshes/aws_ChairD_01_visual.DAE\n'}
[1.457855] (trover_description) StdoutLine: {'line': b'-- Up-to-date: /home/elizabeth/MREN203_Trover/install/trover_description/share/trover_description/worlds/models/aws_robomaker_residential_ChairD_01/meshes/aws_ChairD_01_collision.DAE\n'}
[1.457953] (trover_description) StdoutLine: {'line': b'-- Up-to-date: /home/elizabeth/MREN203_Trover/install/trover_description/share/trover_description/worlds/models/aws_robomaker_residential_CookingBench_01\n'}
[1.458042] (trover_description) StdoutLine: {'line': b'-- Up-to-date: /home/elizabeth/MREN203_Trover/install/trover_description/share/trover_description/worlds/models/aws_robomaker_residential_CookingBench_01/model.sdf\n'}
[1.458129] (trover_description) StdoutLine: {'line': b'-- Up-to-date: /home/elizabeth/MREN203_Trover/install/trover_description/share/trover_description/worlds/models/aws_robomaker_residential_CookingBench_01/materials\n'}
[1.458329] (trover_description) StdoutLine: {'line': b'-- Up-to-date: /home/elizabeth/MREN203_Trover/install/trover_description/share/trover_description/worlds/models/aws_robomaker_residential_CookingBench_01/materials/textures\n'}
[1.458432] (trover_description) StdoutLine: {'line': b'-- Up-to-date: /home/elizabeth/MREN203_Trover/install/trover_description/share/trover_description/worlds/models/aws_robomaker_residential_CookingBench_01/materials/textures/aws_CookingBench_01.png\n'}
[1.458522] (trover_description) StdoutLine: {'line': b'-- Up-to-date: /home/elizabeth/MREN203_Trover/install/trover_description/share/trover_description/worlds/models/aws_robomaker_residential_CookingBench_01/model.config\n'}
[1.458610] (trover_description) StdoutLine: {'line': b'-- Up-to-date: /home/elizabeth/MREN203_Trover/install/trover_description/share/trover_description/worlds/models/aws_robomaker_residential_CookingBench_01/meshes\n'}
[1.458697] (trover_description) StdoutLine: {'line': b'-- Up-to-date: /home/elizabeth/MREN203_Trover/install/trover_description/share/trover_description/worlds/models/aws_robomaker_residential_CookingBench_01/meshes/aws_CookingBench_01_collision.DAE\n'}
[1.458813] (trover_description) StdoutLine: {'line': b'-- Up-to-date: /home/elizabeth/MREN203_Trover/install/trover_description/share/trover_description/worlds/models/aws_robomaker_residential_CookingBench_01/meshes/aws_CookingBench_01_visual.DAE\n'}
[1.458899] (trover_description) StdoutLine: {'line': b'-- Up-to-date: /home/elizabeth/MREN203_Trover/install/trover_description/share/trover_description/worlds/models/aws_robomaker_residential_CookingBench_01/meshes/aws_CookingBench_01.DAE\n'}
[1.458985] (trover_description) StdoutLine: {'line': b'-- Up-to-date: /home/elizabeth/MREN203_Trover/install/trover_description/share/trover_description/worlds/models/aws_robomaker_residential_DeskPortraitA_01\n'}
[1.459071] (trover_description) StdoutLine: {'line': b'-- Up-to-date: /home/elizabeth/MREN203_Trover/install/trover_description/share/trover_description/worlds/models/aws_robomaker_residential_DeskPortraitA_01/model.sdf\n'}
[1.459160] (trover_description) StdoutLine: {'line': b'-- Up-to-date: /home/elizabeth/MREN203_Trover/install/trover_description/share/trover_description/worlds/models/aws_robomaker_residential_DeskPortraitA_01/materials\n'}
[1.459246] (trover_description) StdoutLine: {'line': b'-- Up-to-date: /home/elizabeth/MREN203_Trover/install/trover_description/share/trover_description/worlds/models/aws_robomaker_residential_DeskPortraitA_01/materials/textures\n'}
[1.459333] (trover_description) StdoutLine: {'line': b'-- Up-to-date: /home/elizabeth/MREN203_Trover/install/trover_description/share/trover_description/worlds/models/aws_robomaker_residential_DeskPortraitA_01/materials/textures/aws_DeskPortraitA_02.png\n'}
[1.459450] (trover_description) StdoutLine: {'line': b'-- Up-to-date: /home/elizabeth/MREN203_Trover/install/trover_description/share/trover_description/worlds/models/aws_robomaker_residential_DeskPortraitA_01/materials/textures/aws_DeskPortraitA_01.png\n'}
[1.459538] (trover_description) StdoutLine: {'line': b'-- Up-to-date: /home/elizabeth/MREN203_Trover/install/trover_description/share/trover_description/worlds/models/aws_robomaker_residential_DeskPortraitA_01/materials/textures/DeskPortraitA_01.jpg\n'}
[1.459623] (trover_description) StdoutLine: {'line': b'-- Up-to-date: /home/elizabeth/MREN203_Trover/install/trover_description/share/trover_description/worlds/models/aws_robomaker_residential_DeskPortraitA_01/model.config\n'}
[1.459710] (trover_description) StdoutLine: {'line': b'-- Up-to-date: /home/elizabeth/MREN203_Trover/install/trover_description/share/trover_description/worlds/models/aws_robomaker_residential_DeskPortraitA_01/meshes\n'}
[1.459797] (trover_description) StdoutLine: {'line': b'-- Up-to-date: /home/elizabeth/MREN203_Trover/install/trover_description/share/trover_description/worlds/models/aws_robomaker_residential_DeskPortraitA_01/meshes/aws_DeskPortraitA_01_visual.DAE\n'}
[1.570613] (trover_description) StdoutLine: {'line': b'-- Up-to-date: /home/elizabeth/MREN203_Trover/install/trover_description/share/trover_description/worlds/models/aws_robomaker_residential_DeskPortraitA_01/meshes/aws_DeskPortraitA_01_collision.DAE\n'}
[1.570869] (-) TimerEvent: {}
[1.571040] (trover_description) StdoutLine: {'line': b'-- Up-to-date: /home/elizabeth/MREN203_Trover/install/trover_description/share/trover_description/worlds/models/aws_robomaker_residential_Handle_01\n'}
[1.571184] (trover_description) StdoutLine: {'line': b'-- Up-to-date: /home/elizabeth/MREN203_Trover/install/trover_description/share/trover_description/worlds/models/aws_robomaker_residential_Handle_01/model.sdf\n'}
[1.571283] (trover_description) StdoutLine: {'line': b'-- Up-to-date: /home/elizabeth/MREN203_Trover/install/trover_description/share/trover_description/worlds/models/aws_robomaker_residential_Handle_01/materials\n'}
[1.571371] (trover_description) StdoutLine: {'line': b'-- Up-to-date: /home/elizabeth/MREN203_Trover/install/trover_description/share/trover_description/worlds/models/aws_robomaker_residential_Handle_01/materials/textures\n'}
[1.571560] (trover_description) StdoutLine: {'line': b'-- Up-to-date: /home/elizabeth/MREN203_Trover/install/trover_description/share/trover_description/worlds/models/aws_robomaker_residential_Handle_01/materials/textures/aws_Handle_01.png\n'}
[1.571675] (trover_description) StdoutLine: {'line': b'-- Up-to-date: /home/elizabeth/MREN203_Trover/install/trover_description/share/trover_description/worlds/models/aws_robomaker_residential_Handle_01/model.config\n'}
[1.571769] (trover_description) StdoutLine: {'line': b'-- Up-to-date: /home/elizabeth/MREN203_Trover/install/trover_description/share/trover_description/worlds/models/aws_robomaker_residential_Handle_01/meshes\n'}
[1.571858] (trover_description) StdoutLine: {'line': b'-- Up-to-date: /home/elizabeth/MREN203_Trover/install/trover_description/share/trover_description/worlds/models/aws_robomaker_residential_Handle_01/meshes/aws_Handle_01_collision.DAE\n'}
[1.571949] (trover_description) StdoutLine: {'line': b'-- Up-to-date: /home/elizabeth/MREN203_Trover/install/trover_description/share/trover_description/worlds/models/aws_robomaker_residential_Handle_01/meshes/aws_Handle_01_visual.DAE\n'}
[1.572038] (trover_description) StdoutLine: {'line': b'-- Up-to-date: /home/elizabeth/MREN203_Trover/install/trover_description/share/trover_description/worlds/models/.DS_Store\n'}
[1.572127] (trover_description) StdoutLine: {'line': b'-- Up-to-date: /home/elizabeth/MREN203_Trover/install/trover_description/share/trover_description/worlds/models/aws_robomaker_residential_Board_01\n'}
[1.572263] (trover_description) StdoutLine: {'line': b'-- Up-to-date: /home/elizabeth/MREN203_Trover/install/trover_description/share/trover_description/worlds/models/aws_robomaker_residential_Board_01/model.sdf\n'}
[1.572386] (trover_description) StdoutLine: {'line': b'-- Up-to-date: /home/elizabeth/MREN203_Trover/install/trover_description/share/trover_description/worlds/models/aws_robomaker_residential_Board_01/materials\n'}
[1.572507] (trover_description) StdoutLine: {'line': b'-- Up-to-date: /home/elizabeth/MREN203_Trover/install/trover_description/share/trover_description/worlds/models/aws_robomaker_residential_Board_01/materials/textures\n'}
[1.572611] (trover_description) StdoutLine: {'line': b'-- Up-to-date: /home/elizabeth/MREN203_Trover/install/trover_description/share/trover_description/worlds/models/aws_robomaker_residential_Board_01/materials/textures/aws_Board_01.png\n'}
[1.572703] (trover_description) StdoutLine: {'line': b'-- Up-to-date: /home/elizabeth/MREN203_Trover/install/trover_description/share/trover_description/worlds/models/aws_robomaker_residential_Board_01/model.config\n'}
[1.572792] (trover_description) StdoutLine: {'line': b'-- Up-to-date: /home/elizabeth/MREN203_Trover/install/trover_description/share/trover_description/worlds/models/aws_robomaker_residential_Board_01/meshes\n'}
[1.572880] (trover_description) StdoutLine: {'line': b'-- Up-to-date: /home/elizabeth/MREN203_Trover/install/trover_description/share/trover_description/worlds/models/aws_robomaker_residential_Board_01/meshes/aws_Board_01_collision.DAE\n'}
[1.573023] (trover_description) StdoutLine: {'line': b'-- Up-to-date: /home/elizabeth/MREN203_Trover/install/trover_description/share/trover_description/worlds/models/aws_robomaker_residential_Board_01/meshes/aws_Board_01_visual.DAE\n'}
[1.573114] (trover_description) StdoutLine: {'line': b'-- Up-to-date: /home/elizabeth/MREN203_Trover/install/trover_description/share/trover_description/worlds/models/aws_robomaker_residential_DeskPortraitB_02\n'}
[1.573206] (trover_description) StdoutLine: {'line': b'-- Up-to-date: /home/elizabeth/MREN203_Trover/install/trover_description/share/trover_description/worlds/models/aws_robomaker_residential_DeskPortraitB_02/model.sdf\n'}
[1.573293] (trover_description) StdoutLine: {'line': b'-- Up-to-date: /home/elizabeth/MREN203_Trover/install/trover_description/share/trover_description/worlds/models/aws_robomaker_residential_DeskPortraitB_02/materials\n'}
[1.573396] (trover_description) StdoutLine: {'line': b'-- Up-to-date: /home/elizabeth/MREN203_Trover/install/trover_description/share/trover_description/worlds/models/aws_robomaker_residential_DeskPortraitB_02/materials/textures\n'}
[1.573538] (trover_description) StdoutLine: {'line': b'-- Up-to-date: /home/elizabeth/MREN203_Trover/install/trover_description/share/trover_description/worlds/models/aws_robomaker_residential_DeskPortraitB_02/materials/textures/DeskPortraitB_02.jpg\n'}
[1.573682] (trover_description) StdoutLine: {'line': b'-- Up-to-date: /home/elizabeth/MREN203_Trover/install/trover_description/share/trover_description/worlds/models/aws_robomaker_residential_DeskPortraitB_02/materials/textures/aws_DeskPortraitB_02.png\n'}
[1.573780] (trover_description) StdoutLine: {'line': b'-- Up-to-date: /home/elizabeth/MREN203_Trover/install/trover_description/share/trover_description/worlds/models/aws_robomaker_residential_DeskPortraitB_02/materials/textures/aws_DeskPortraitB_01.png\n'}
[1.573872] (trover_description) StdoutLine: {'line': b'-- Up-to-date: /home/elizabeth/MREN203_Trover/install/trover_description/share/trover_description/worlds/models/aws_robomaker_residential_DeskPortraitB_02/model.config\n'}
[1.573961] (trover_description) StdoutLine: {'line': b'-- Up-to-date: /home/elizabeth/MREN203_Trover/install/trover_description/share/trover_description/worlds/models/aws_robomaker_residential_DeskPortraitB_02/meshes\n'}
[1.574050] (trover_description) StdoutLine: {'line': b'-- Up-to-date: /home/elizabeth/MREN203_Trover/install/trover_description/share/trover_description/worlds/models/aws_robomaker_residential_DeskPortraitB_02/meshes/aws_DeskPortraitB_01_visual.DAE\n'}
[1.574142] (trover_description) StdoutLine: {'line': b'-- Up-to-date: /home/elizabeth/MREN203_Trover/install/trover_description/share/trover_description/worlds/models/aws_robomaker_residential_DeskPortraitB_02/meshes/aws_DeskPortraitB_01_collision.DAE\n'}
[1.574231] (trover_description) StdoutLine: {'line': b'-- Up-to-date: /home/elizabeth/MREN203_Trover/install/trover_description/share/trover_description/worlds/models/aws_robomaker_residential_DeskPortraitD_03\n'}
[1.574320] (trover_description) StdoutLine: {'line': b'-- Up-to-date: /home/elizabeth/MREN203_Trover/install/trover_description/share/trover_description/worlds/models/aws_robomaker_residential_DeskPortraitD_03/model.sdf\n'}
[1.574411] (trover_description) StdoutLine: {'line': b'-- Up-to-date: /home/elizabeth/MREN203_Trover/install/trover_description/share/trover_description/worlds/models/aws_robomaker_residential_DeskPortraitD_03/materials\n'}
[1.574502] (trover_description) StdoutLine: {'line': b'-- Up-to-date: /home/elizabeth/MREN203_Trover/install/trover_description/share/trover_description/worlds/models/aws_robomaker_residential_DeskPortraitD_03/materials/textures\n'}
[1.574593] (trover_description) StdoutLine: {'line': b'-- Up-to-date: /home/elizabeth/MREN203_Trover/install/trover_description/share/trover_description/worlds/models/aws_robomaker_residential_DeskPortraitD_03/materials/textures/DeskPortraitD_03.jpg\n'}
[1.574682] (trover_description) StdoutLine: {'line': b'-- Up-to-date: /home/elizabeth/MREN203_Trover/install/trover_description/share/trover_description/worlds/models/aws_robomaker_residential_DeskPortraitD_03/materials/textures/aws_DeskPortraitD_02.png\n'}
[1.574770] (trover_description) StdoutLine: {'line': b'-- Up-to-date: /home/elizabeth/MREN203_Trover/install/trover_description/share/trover_description/worlds/models/aws_robomaker_residential_DeskPortraitD_03/materials/textures/aws_DeskPortraitD_01.png\n'}
[1.574858] (trover_description) StdoutLine: {'line': b'-- Up-to-date: /home/elizabeth/MREN203_Trover/install/trover_description/share/trover_description/worlds/models/aws_robomaker_residential_DeskPortraitD_03/model.config\n'}
[1.574944] (trover_description) StdoutLine: {'line': b'-- Up-to-date: /home/elizabeth/MREN203_Trover/install/trover_description/share/trover_description/worlds/models/aws_robomaker_residential_DeskPortraitD_03/meshes\n'}
[1.575046] (trover_description) StdoutLine: {'line': b'-- Up-to-date: /home/elizabeth/MREN203_Trover/install/trover_description/share/trover_description/worlds/models/aws_robomaker_residential_DeskPortraitD_03/meshes/aws_DeskPortraitD_01_collision.DAE\n'}
[1.575136] (trover_description) StdoutLine: {'line': b'-- Up-to-date: /home/elizabeth/MREN203_Trover/install/trover_description/share/trover_description/worlds/models/aws_robomaker_residential_DeskPortraitD_03/meshes/aws_DeskPortraitD_01_visual.DAE\n'}
[1.575242] (trover_description) StdoutLine: {'line': b'-- Up-to-date: /home/elizabeth/MREN203_Trover/install/trover_description/share/trover_description/worlds/models/aws_robomaker_residential_DeskPortraitD_01\n'}
[1.575328] (trover_description) StdoutLine: {'line': b'-- Up-to-date: /home/elizabeth/MREN203_Trover/install/trover_description/share/trover_description/worlds/models/aws_robomaker_residential_DeskPortraitD_01/model.sdf\n'}
[1.575412] (trover_description) StdoutLine: {'line': b'-- Up-to-date: /home/elizabeth/MREN203_Trover/install/trover_description/share/trover_description/worlds/models/aws_robomaker_residential_DeskPortraitD_01/materials\n'}
[1.575533] (trover_description) StdoutLine: {'line': b'-- Up-to-date: /home/elizabeth/MREN203_Trover/install/trover_description/share/trover_description/worlds/models/aws_robomaker_residential_DeskPortraitD_01/materials/textures\n'}
[1.575662] (trover_description) StdoutLine: {'line': b'-- Up-to-date: /home/elizabeth/MREN203_Trover/install/trover_description/share/trover_description/worlds/models/aws_robomaker_residential_DeskPortraitD_01/materials/textures/aws_DeskPortraitD_02.png\n'}
[1.575770] (trover_description) StdoutLine: {'line': b'-- Up-to-date: /home/elizabeth/MREN203_Trover/install/trover_description/share/trover_description/worlds/models/aws_robomaker_residential_DeskPortraitD_01/materials/textures/DeskPortraitD_01.jpg\n'}
[1.575857] (trover_description) StdoutLine: {'line': b'-- Up-to-date: /home/elizabeth/MREN203_Trover/install/trover_description/share/trover_description/worlds/models/aws_robomaker_residential_DeskPortraitD_01/materials/textures/aws_DeskPortraitD_01.png\n'}
[1.575942] (trover_description) StdoutLine: {'line': b'-- Up-to-date: /home/elizabeth/MREN203_Trover/install/trover_description/share/trover_description/worlds/models/aws_robomaker_residential_DeskPortraitD_01/model.config\n'}
[1.576026] (trover_description) StdoutLine: {'line': b'-- Up-to-date: /home/elizabeth/MREN203_Trover/install/trover_description/share/trover_description/worlds/models/aws_robomaker_residential_DeskPortraitD_01/meshes\n'}
[1.576111] (trover_description) StdoutLine: {'line': b'-- Up-to-date: /home/elizabeth/MREN203_Trover/install/trover_description/share/trover_description/worlds/models/aws_robomaker_residential_DeskPortraitD_01/meshes/aws_DeskPortraitD_01_collision.DAE\n'}
[1.576196] (trover_description) StdoutLine: {'line': b'-- Up-to-date: /home/elizabeth/MREN203_Trover/install/trover_description/share/trover_description/worlds/models/aws_robomaker_residential_DeskPortraitD_01/meshes/aws_DeskPortraitD_01_visual.DAE\n'}
[1.576278] (trover_description) StdoutLine: {'line': b'-- Up-to-date: /home/elizabeth/MREN203_Trover/install/trover_description/share/trover_description/worlds/models/aws_robomaker_residential_KitchenUtensils_01\n'}
[1.576362] (trover_description) StdoutLine: {'line': b'-- Up-to-date: /home/elizabeth/MREN203_Trover/install/trover_description/share/trover_description/worlds/models/aws_robomaker_residential_KitchenUtensils_01/model.sdf\n'}
[1.576446] (trover_description) StdoutLine: {'line': b'-- Up-to-date: /home/elizabeth/MREN203_Trover/install/trover_description/share/trover_description/worlds/models/aws_robomaker_residential_KitchenUtensils_01/materials\n'}
[1.576529] (trover_description) StdoutLine: {'line': b'-- Up-to-date: /home/elizabeth/MREN203_Trover/install/trover_description/share/trover_description/worlds/models/aws_robomaker_residential_KitchenUtensils_01/materials/textures\n'}
[1.576612] (trover_description) StdoutLine: {'line': b'-- Up-to-date: /home/elizabeth/MREN203_Trover/install/trover_description/share/trover_description/worlds/models/aws_robomaker_residential_KitchenUtensils_01/materials/textures/aws_KitchenUtensils_01.png\n'}
[1.576716] (trover_description) StdoutLine: {'line': b'-- Up-to-date: /home/elizabeth/MREN203_Trover/install/trover_description/share/trover_description/worlds/models/aws_robomaker_residential_KitchenUtensils_01/model.config\n'}
[1.576804] (trover_description) StdoutLine: {'line': b'-- Up-to-date: /home/elizabeth/MREN203_Trover/install/trover_description/share/trover_description/worlds/models/aws_robomaker_residential_KitchenUtensils_01/meshes\n'}
[1.576887] (trover_description) StdoutLine: {'line': b'-- Up-to-date: /home/elizabeth/MREN203_Trover/install/trover_description/share/trover_description/worlds/models/aws_robomaker_residential_KitchenUtensils_01/meshes/aws_KitchenUtensils_01_visual.DAE\n'}
[1.576972] (trover_description) StdoutLine: {'line': b'-- Up-to-date: /home/elizabeth/MREN203_Trover/install/trover_description/share/trover_description/worlds/models/aws_robomaker_residential_KitchenUtensils_01/meshes/aws_KitchenUtensils_01_collision.DAE\n'}
[1.577055] (trover_description) StdoutLine: {'line': b'-- Up-to-date: /home/elizabeth/MREN203_Trover/install/trover_description/share/trover_description/worlds/models/aws_robomaker_residential_HouseWallB_01\n'}
[1.577138] (trover_description) StdoutLine: {'line': b'-- Up-to-date: /home/elizabeth/MREN203_Trover/install/trover_description/share/trover_description/worlds/models/aws_robomaker_residential_HouseWallB_01/model.sdf\n'}
[1.577219] (trover_description) StdoutLine: {'line': b'-- Up-to-date: /home/elizabeth/MREN203_Trover/install/trover_description/share/trover_description/worlds/models/aws_robomaker_residential_HouseWallB_01/materials\n'}
[1.577303] (trover_description) StdoutLine: {'line': b'-- Up-to-date: /home/elizabeth/MREN203_Trover/install/trover_description/share/trover_description/worlds/models/aws_robomaker_residential_HouseWallB_01/materials/textures\n'}
[1.577409] (trover_description) StdoutLine: {'line': b'-- Up-to-date: /home/elizabeth/MREN203_Trover/install/trover_description/share/trover_description/worlds/models/aws_robomaker_residential_HouseWallB_01/materials/textures/aws_HouseWallB_01.png\n'}
[1.577494] (trover_description) StdoutLine: {'line': b'-- Up-to-date: /home/elizabeth/MREN203_Trover/install/trover_description/share/trover_description/worlds/models/aws_robomaker_residential_HouseWallB_01/model.config\n'}
[1.577653] (trover_description) StdoutLine: {'line': b'-- Up-to-date: /home/elizabeth/MREN203_Trover/install/trover_description/share/trover_description/worlds/models/aws_robomaker_residential_HouseWallB_01/meshes\n'}
[1.577772] (trover_description) StdoutLine: {'line': b'-- Up-to-date: /home/elizabeth/MREN203_Trover/install/trover_description/share/trover_description/worlds/models/aws_robomaker_residential_HouseWallB_01/meshes/aws_HouseWallB_01_collision.DAE\n'}
[1.577865] (trover_description) StdoutLine: {'line': b'-- Up-to-date: /home/elizabeth/MREN203_Trover/install/trover_description/share/trover_description/worlds/models/aws_robomaker_residential_HouseWallB_01/meshes/aws_HouseWallB_01_visual.DAE\n'}
[1.577955] (trover_description) StdoutLine: {'line': b'-- Up-to-date: /home/elizabeth/MREN203_Trover/install/trover_description/share/trover_description/worlds/models/aws_robomaker_residential_Sofa_01\n'}
[1.578042] (trover_description) StdoutLine: {'line': b'-- Up-to-date: /home/elizabeth/MREN203_Trover/install/trover_description/share/trover_description/worlds/models/aws_robomaker_residential_Sofa_01/model.sdf\n'}
[1.578130] (trover_description) StdoutLine: {'line': b'-- Up-to-date: /home/elizabeth/MREN203_Trover/install/trover_description/share/trover_description/worlds/models/aws_robomaker_residential_Sofa_01/materials\n'}
[1.578219] (trover_description) StdoutLine: {'line': b'-- Up-to-date: /home/elizabeth/MREN203_Trover/install/trover_description/share/trover_description/worlds/models/aws_robomaker_residential_Sofa_01/materials/textures\n'}
[1.578321] (trover_description) StdoutLine: {'line': b'-- Up-to-date: /home/elizabeth/MREN203_Trover/install/trover_description/share/trover_description/worlds/models/aws_robomaker_residential_Sofa_01/materials/textures/aws_Sofa_01.png\n'}
[1.578408] (trover_description) StdoutLine: {'line': b'-- Up-to-date: /home/elizabeth/MREN203_Trover/install/trover_description/share/trover_description/worlds/models/aws_robomaker_residential_Sofa_01/model.config\n'}
[1.578495] (trover_description) StdoutLine: {'line': b'-- Up-to-date: /home/elizabeth/MREN203_Trover/install/trover_description/share/trover_description/worlds/models/aws_robomaker_residential_Sofa_01/meshes\n'}
[1.578581] (trover_description) StdoutLine: {'line': b'-- Up-to-date: /home/elizabeth/MREN203_Trover/install/trover_description/share/trover_description/worlds/models/aws_robomaker_residential_Sofa_01/meshes/aws_Sofa_01_collision.DAE\n'}
[1.578673] (trover_description) StdoutLine: {'line': b'-- Up-to-date: /home/elizabeth/MREN203_Trover/install/trover_description/share/trover_description/worlds/models/aws_robomaker_residential_Sofa_01/meshes/aws_Sofa_01.DAE\n'}
[1.578761] (trover_description) StdoutLine: {'line': b'-- Up-to-date: /home/elizabeth/MREN203_Trover/install/trover_description/share/trover_description/worlds/models/aws_robomaker_residential_Sofa_01/meshes/aws_Sofa_01_visual.DAE\n'}
[1.578849] (trover_description) StdoutLine: {'line': b'-- Up-to-date: /home/elizabeth/MREN203_Trover/install/trover_description/share/trover_description/worlds/models/aws_robomaker_residential_SofaB_01\n'}
[1.578937] (trover_description) StdoutLine: {'line': b'-- Up-to-date: /home/elizabeth/MREN203_Trover/install/trover_description/share/trover_description/worlds/models/aws_robomaker_residential_SofaB_01/model.sdf\n'}
[1.579024] (trover_description) StdoutLine: {'line': b'-- Up-to-date: /home/elizabeth/MREN203_Trover/install/trover_description/share/trover_description/worlds/models/aws_robomaker_residential_SofaB_01/materials\n'}
[1.579111] (trover_description) StdoutLine: {'line': b'-- Up-to-date: /home/elizabeth/MREN203_Trover/install/trover_description/share/trover_description/worlds/models/aws_robomaker_residential_SofaB_01/materials/textures\n'}
[1.579198] (trover_description) StdoutLine: {'line': b'-- Up-to-date: /home/elizabeth/MREN203_Trover/install/trover_description/share/trover_description/worlds/models/aws_robomaker_residential_SofaB_01/materials/textures/aws_SofaB_01.png\n'}
[1.579286] (trover_description) StdoutLine: {'line': b'-- Up-to-date: /home/elizabeth/MREN203_Trover/install/trover_description/share/trover_description/worlds/models/aws_robomaker_residential_SofaB_01/model.config\n'}
[1.579372] (trover_description) StdoutLine: {'line': b'-- Up-to-date: /home/elizabeth/MREN203_Trover/install/trover_description/share/trover_description/worlds/models/aws_robomaker_residential_SofaB_01/meshes\n'}
[1.579458] (trover_description) StdoutLine: {'line': b'-- Up-to-date: /home/elizabeth/MREN203_Trover/install/trover_description/share/trover_description/worlds/models/aws_robomaker_residential_SofaB_01/meshes/aws_SofaB_01_visual.DAE\n'}
[1.579595] (trover_description) StdoutLine: {'line': b'-- Up-to-date: /home/elizabeth/MREN203_Trover/install/trover_description/share/trover_description/worlds/models/aws_robomaker_residential_SofaB_01/meshes/aws_SofaB_01_collision.DAE\n'}
[1.579742] (trover_description) StdoutLine: {'line': b'-- Up-to-date: /home/elizabeth/MREN203_Trover/install/trover_description/share/trover_description/worlds/models/aws_robomaker_residential_AirconditionerA_01\n'}
[1.579835] (trover_description) StdoutLine: {'line': b'-- Up-to-date: /home/elizabeth/MREN203_Trover/install/trover_description/share/trover_description/worlds/models/aws_robomaker_residential_AirconditionerA_01/model.sdf\n'}
[1.579923] (trover_description) StdoutLine: {'line': b'-- Up-to-date: /home/elizabeth/MREN203_Trover/install/trover_description/share/trover_description/worlds/models/aws_robomaker_residential_AirconditionerA_01/materials\n'}
[1.580022] (trover_description) StdoutLine: {'line': b'-- Up-to-date: /home/elizabeth/MREN203_Trover/install/trover_description/share/trover_description/worlds/models/aws_robomaker_residential_AirconditionerA_01/materials/textures\n'}
[1.580127] (trover_description) StdoutLine: {'line': b'-- Up-to-date: /home/elizabeth/MREN203_Trover/install/trover_description/share/trover_description/worlds/models/aws_robomaker_residential_AirconditionerA_01/materials/textures/aws_AirconditionerA_01.png\n'}
[1.580216] (trover_description) StdoutLine: {'line': b'-- Up-to-date: /home/elizabeth/MREN203_Trover/install/trover_description/share/trover_description/worlds/models/aws_robomaker_residential_AirconditionerA_01/model.config\n'}
[1.580304] (trover_description) StdoutLine: {'line': b'-- Up-to-date: /home/elizabeth/MREN203_Trover/install/trover_description/share/trover_description/worlds/models/aws_robomaker_residential_AirconditionerA_01/meshes\n'}
[1.580392] (trover_description) StdoutLine: {'line': b'-- Up-to-date: /home/elizabeth/MREN203_Trover/install/trover_description/share/trover_description/worlds/models/aws_robomaker_residential_AirconditionerA_01/meshes/aws_AirconditionerA_01_visual.DAE\n'}
[1.580479] (trover_description) StdoutLine: {'line': b'-- Up-to-date: /home/elizabeth/MREN203_Trover/install/trover_description/share/trover_description/worlds/models/aws_robomaker_residential_AirconditionerA_01/meshes/aws_AirconditionerA_01_collision.DAE\n'}
[1.580572] (trover_description) StdoutLine: {'line': b'-- Up-to-date: /home/elizabeth/MREN203_Trover/install/trover_description/share/trover_description/worlds/models/aws_robomaker_residential_CoffeeTable_01\n'}
[1.580659] (trover_description) StdoutLine: {'line': b'-- Up-to-date: /home/elizabeth/MREN203_Trover/install/trover_description/share/trover_description/worlds/models/aws_robomaker_residential_CoffeeTable_01/model.sdf\n'}
[1.580752] (trover_description) StdoutLine: {'line': b'-- Up-to-date: /home/elizabeth/MREN203_Trover/install/trover_description/share/trover_description/worlds/models/aws_robomaker_residential_CoffeeTable_01/materials\n'}
[1.580839] (trover_description) StdoutLine: {'line': b'-- Up-to-date: /home/elizabeth/MREN203_Trover/install/trover_description/share/trover_description/worlds/models/aws_robomaker_residential_CoffeeTable_01/materials/textures\n'}
[1.580926] (trover_description) StdoutLine: {'line': b'-- Up-to-date: /home/elizabeth/MREN203_Trover/install/trover_description/share/trover_description/worlds/models/aws_robomaker_residential_CoffeeTable_01/materials/textures/aws_CoffeeTable_01.png\n'}
[1.581011] (trover_description) StdoutLine: {'line': b'-- Up-to-date: /home/elizabeth/MREN203_Trover/install/trover_description/share/trover_description/worlds/models/aws_robomaker_residential_CoffeeTable_01/model.config\n'}
[1.581094] (trover_description) StdoutLine: {'line': b'-- Up-to-date: /home/elizabeth/MREN203_Trover/install/trover_description/share/trover_description/worlds/models/aws_robomaker_residential_CoffeeTable_01/meshes\n'}
[1.581179] (trover_description) StdoutLine: {'line': b'-- Up-to-date: /home/elizabeth/MREN203_Trover/install/trover_description/share/trover_description/worlds/models/aws_robomaker_residential_CoffeeTable_01/meshes/aws_CoffeeTable_01_collision.DAE\n'}
[1.581266] (trover_description) StdoutLine: {'line': b'-- Up-to-date: /home/elizabeth/MREN203_Trover/install/trover_description/share/trover_description/worlds/models/aws_robomaker_residential_CoffeeTable_01/meshes/aws_CoffeeTable_01_visual.DAE\n'}
[1.581354] (trover_description) StdoutLine: {'line': b'-- Up-to-date: /home/elizabeth/MREN203_Trover/install/trover_description/share/trover_description/worlds/models/aws_robomaker_residential_TV_01\n'}
[1.581441] (trover_description) StdoutLine: {'line': b'-- Up-to-date: /home/elizabeth/MREN203_Trover/install/trover_description/share/trover_description/worlds/models/aws_robomaker_residential_TV_01/model.sdf\n'}
[1.581526] (trover_description) StdoutLine: {'line': b'-- Up-to-date: /home/elizabeth/MREN203_Trover/install/trover_description/share/trover_description/worlds/models/aws_robomaker_residential_TV_01/materials\n'}
[1.581729] (trover_description) StdoutLine: {'line': b'-- Up-to-date: /home/elizabeth/MREN203_Trover/install/trover_description/share/trover_description/worlds/models/aws_robomaker_residential_TV_01/materials/textures\n'}
[1.581827] (trover_description) StdoutLine: {'line': b'-- Up-to-date: /home/elizabeth/MREN203_Trover/install/trover_description/share/trover_description/worlds/models/aws_robomaker_residential_TV_01/materials/textures/aws_TV_01.png\n'}
[1.581926] (trover_description) StdoutLine: {'line': b'-- Up-to-date: /home/elizabeth/MREN203_Trover/install/trover_description/share/trover_description/worlds/models/aws_robomaker_residential_TV_01/model.config\n'}
[1.582042] (trover_description) StdoutLine: {'line': b'-- Up-to-date: /home/elizabeth/MREN203_Trover/install/trover_description/share/trover_description/worlds/models/aws_robomaker_residential_TV_01/meshes\n'}
[1.582145] (trover_description) StdoutLine: {'line': b'-- Up-to-date: /home/elizabeth/MREN203_Trover/install/trover_description/share/trover_description/worlds/models/aws_robomaker_residential_TV_01/meshes/aws_TV_01_collision.DAE\n'}
[1.582235] (trover_description) StdoutLine: {'line': b'-- Up-to-date: /home/elizabeth/MREN203_Trover/install/trover_description/share/trover_description/worlds/models/aws_robomaker_residential_TV_01/meshes/aws_TV_01_visual.DAE\n'}
[1.582322] (trover_description) StdoutLine: {'line': b'-- Up-to-date: /home/elizabeth/MREN203_Trover/install/trover_description/share/trover_description/worlds/models/aws_robomaker_residential_Refrigerator_01\n'}
[1.582409] (trover_description) StdoutLine: {'line': b'-- Up-to-date: /home/elizabeth/MREN203_Trover/install/trover_description/share/trover_description/worlds/models/aws_robomaker_residential_Refrigerator_01/model.sdf\n'}
[1.582496] (trover_description) StdoutLine: {'line': b'-- Up-to-date: /home/elizabeth/MREN203_Trover/install/trover_description/share/trover_description/worlds/models/aws_robomaker_residential_Refrigerator_01/materials\n'}
[1.582589] (trover_description) StdoutLine: {'line': b'-- Up-to-date: /home/elizabeth/MREN203_Trover/install/trover_description/share/trover_description/worlds/models/aws_robomaker_residential_Refrigerator_01/materials/textures\n'}
[1.582677] (trover_description) StdoutLine: {'line': b'-- Up-to-date: /home/elizabeth/MREN203_Trover/install/trover_description/share/trover_description/worlds/models/aws_robomaker_residential_Refrigerator_01/materials/textures/aws_Refrigerator_02.png\n'}
[1.582768] (trover_description) StdoutLine: {'line': b'-- Up-to-date: /home/elizabeth/MREN203_Trover/install/trover_description/share/trover_description/worlds/models/aws_robomaker_residential_Refrigerator_01/materials/textures/aws_Refrigerator_01.png\n'}
[1.582856] (trover_description) StdoutLine: {'line': b'-- Up-to-date: /home/elizabeth/MREN203_Trover/install/trover_description/share/trover_description/worlds/models/aws_robomaker_residential_Refrigerator_01/model.config\n'}
[1.582944] (trover_description) StdoutLine: {'line': b'-- Up-to-date: /home/elizabeth/MREN203_Trover/install/trover_description/share/trover_description/worlds/models/aws_robomaker_residential_Refrigerator_01/meshes\n'}
[1.583032] (trover_description) StdoutLine: {'line': b'-- Up-to-date: /home/elizabeth/MREN203_Trover/install/trover_description/share/trover_description/worlds/models/aws_robomaker_residential_Refrigerator_01/meshes/aws_Refrigerator_01.DAE\n'}
[1.583121] (trover_description) StdoutLine: {'line': b'-- Up-to-date: /home/elizabeth/MREN203_Trover/install/trover_description/share/trover_description/worlds/models/aws_robomaker_residential_Refrigerator_01/meshes/aws_Refrigerator_01_visual.DAE\n'}
[1.583210] (trover_description) StdoutLine: {'line': b'-- Up-to-date: /home/elizabeth/MREN203_Trover/install/trover_description/share/trover_description/worlds/models/aws_robomaker_residential_Refrigerator_01/meshes/aws_Refrigerator_01_collision.DAE\n'}
[1.583298] (trover_description) StdoutLine: {'line': b'-- Up-to-date: /home/elizabeth/MREN203_Trover/install/trover_description/share/trover_description/worlds/models/aws_robomaker_residential_Door_01\n'}
[1.583405] (trover_description) StdoutLine: {'line': b'-- Up-to-date: /home/elizabeth/MREN203_Trover/install/trover_description/share/trover_description/worlds/models/aws_robomaker_residential_Door_01/model.sdf\n'}
[1.583624] (trover_description) StdoutLine: {'line': b'-- Up-to-date: /home/elizabeth/MREN203_Trover/install/trover_description/share/trover_description/worlds/models/aws_robomaker_residential_Door_01/materials\n'}
[1.583755] (trover_description) StdoutLine: {'line': b'-- Up-to-date: /home/elizabeth/MREN203_Trover/install/trover_description/share/trover_description/worlds/models/aws_robomaker_residential_Door_01/materials/textures\n'}
[1.583848] (trover_description) StdoutLine: {'line': b'-- Up-to-date: /home/elizabeth/MREN203_Trover/install/trover_description/share/trover_description/worlds/models/aws_robomaker_residential_Door_01/materials/textures/aws_Door_01.png\n'}
[1.583938] (trover_description) StdoutLine: {'line': b'-- Up-to-date: /home/elizabeth/MREN203_Trover/install/trover_description/share/trover_description/worlds/models/aws_robomaker_residential_Door_01/model.config\n'}
[1.584025] (trover_description) StdoutLine: {'line': b'-- Up-to-date: /home/elizabeth/MREN203_Trover/install/trover_description/share/trover_description/worlds/models/aws_robomaker_residential_Door_01/meshes\n'}
[1.584110] (trover_description) StdoutLine: {'line': b'-- Up-to-date: /home/elizabeth/MREN203_Trover/install/trover_description/share/trover_description/worlds/models/aws_robomaker_residential_Door_01/meshes/aws_Door_01_visual.DAE\n'}
[1.584197] (trover_description) StdoutLine: {'line': b'-- Up-to-date: /home/elizabeth/MREN203_Trover/install/trover_description/share/trover_description/worlds/models/aws_robomaker_residential_Door_01/meshes/aws_Door_01_collision.DAE\n'}
[1.584284] (trover_description) StdoutLine: {'line': b'-- Up-to-date: /home/elizabeth/MREN203_Trover/install/trover_description/share/trover_description/worlds/models/aws_robomaker_residential_DeskPortraitC_02\n'}
[1.584406] (trover_description) StdoutLine: {'line': b'-- Up-to-date: /home/elizabeth/MREN203_Trover/install/trover_description/share/trover_description/worlds/models/aws_robomaker_residential_DeskPortraitC_02/model.sdf\n'}
[1.584499] (trover_description) StdoutLine: {'line': b'-- Up-to-date: /home/elizabeth/MREN203_Trover/install/trover_description/share/trover_description/worlds/models/aws_robomaker_residential_DeskPortraitC_02/materials\n'}
[1.584585] (trover_description) StdoutLine: {'line': b'-- Up-to-date: /home/elizabeth/MREN203_Trover/install/trover_description/share/trover_description/worlds/models/aws_robomaker_residential_DeskPortraitC_02/materials/textures\n'}
[1.584672] (trover_description) StdoutLine: {'line': b'-- Up-to-date: /home/elizabeth/MREN203_Trover/install/trover_description/share/trover_description/worlds/models/aws_robomaker_residential_DeskPortraitC_02/materials/textures/aws_DeskPortraitC_01.png\n'}
[1.618823] (trover_description) StdoutLine: {'line': b'-- Up-to-date: /home/elizabeth/MREN203_Trover/install/trover_description/share/trover_description/worlds/models/aws_robomaker_residential_DeskPortraitC_02/materials/textures/DeskPortraitC_02.jpg\n'}
[1.619169] (trover_description) StdoutLine: {'line': b'-- Up-to-date: /home/elizabeth/MREN203_Trover/install/trover_description/share/trover_description/worlds/models/aws_robomaker_residential_DeskPortraitC_02/materials/textures/aws_DeskPortraitC_02.png\n'}
[1.619264] (trover_description) StdoutLine: {'line': b'-- Up-to-date: /home/elizabeth/MREN203_Trover/install/trover_description/share/trover_description/worlds/models/aws_robomaker_residential_DeskPortraitC_02/model.config\n'}
[1.619344] (trover_description) StdoutLine: {'line': b'-- Up-to-date: /home/elizabeth/MREN203_Trover/install/trover_description/share/trover_description/worlds/models/aws_robomaker_residential_DeskPortraitC_02/meshes\n'}
[1.619420] (trover_description) StdoutLine: {'line': b'-- Up-to-date: /home/elizabeth/MREN203_Trover/install/trover_description/share/trover_description/worlds/models/aws_robomaker_residential_DeskPortraitC_02/meshes/aws_DeskPortraitC_01_collision.DAE\n'}
[1.619538] (trover_description) StdoutLine: {'line': b'-- Up-to-date: /home/elizabeth/MREN203_Trover/install/trover_description/share/trover_description/worlds/models/aws_robomaker_residential_DeskPortraitC_02/meshes/aws_DeskPortraitC_01_visual.DAE\n'}
[1.619613] (trover_description) StdoutLine: {'line': b'-- Up-to-date: /home/elizabeth/MREN203_Trover/install/trover_description/share/trover_description/worlds/models/aws_robomaker_residential_PortraitE_01\n'}
[1.619688] (trover_description) StdoutLine: {'line': b'-- Up-to-date: /home/elizabeth/MREN203_Trover/install/trover_description/share/trover_description/worlds/models/aws_robomaker_residential_PortraitE_01/model.sdf\n'}
[1.619762] (trover_description) StdoutLine: {'line': b'-- Up-to-date: /home/elizabeth/MREN203_Trover/install/trover_description/share/trover_description/worlds/models/aws_robomaker_residential_PortraitE_01/materials\n'}
[1.619839] (trover_description) StdoutLine: {'line': b'-- Up-to-date: /home/elizabeth/MREN203_Trover/install/trover_description/share/trover_description/worlds/models/aws_robomaker_residential_PortraitE_01/materials/textures\n'}
[1.619922] (trover_description) StdoutLine: {'line': b'-- Up-to-date: /home/elizabeth/MREN203_Trover/install/trover_description/share/trover_description/worlds/models/aws_robomaker_residential_PortraitE_01/materials/textures/aws_PortraitE_02.png\n'}
[1.620011] (trover_description) StdoutLine: {'line': b'-- Up-to-date: /home/elizabeth/MREN203_Trover/install/trover_description/share/trover_description/worlds/models/aws_robomaker_residential_PortraitE_01/materials/textures/aws_PortraitE_01.png\n'}
[1.620102] (trover_description) StdoutLine: {'line': b'-- Up-to-date: /home/elizabeth/MREN203_Trover/install/trover_description/share/trover_description/worlds/models/aws_robomaker_residential_PortraitE_01/materials/textures/PortraitE_01.jpg\n'}
[1.620193] (trover_description) StdoutLine: {'line': b'-- Up-to-date: /home/elizabeth/MREN203_Trover/install/trover_description/share/trover_description/worlds/models/aws_robomaker_residential_PortraitE_01/model.config\n'}
[1.620286] (trover_description) StdoutLine: {'line': b'-- Up-to-date: /home/elizabeth/MREN203_Trover/install/trover_description/share/trover_description/worlds/models/aws_robomaker_residential_PortraitE_01/meshes\n'}
[1.620373] (trover_description) StdoutLine: {'line': b'-- Up-to-date: /home/elizabeth/MREN203_Trover/install/trover_description/share/trover_description/worlds/models/aws_robomaker_residential_PortraitE_01/meshes/aws_PortraitE_01_visual.DAE\n'}
[1.620459] (trover_description) StdoutLine: {'line': b'-- Up-to-date: /home/elizabeth/MREN203_Trover/install/trover_description/share/trover_description/worlds/models/aws_robomaker_residential_PortraitE_01/meshes/aws_PortraitE_01_collision.DAE\n'}
[1.620545] (trover_description) StdoutLine: {'line': b'-- Up-to-date: /home/elizabeth/MREN203_Trover/install/trover_description/share/trover_description/worlds/models/aws_robomaker_residential_DeskPortraitD_04\n'}
[1.620652] (trover_description) StdoutLine: {'line': b'-- Up-to-date: /home/elizabeth/MREN203_Trover/install/trover_description/share/trover_description/worlds/models/aws_robomaker_residential_DeskPortraitD_04/model.sdf\n'}
[1.620761] (trover_description) StdoutLine: {'line': b'-- Up-to-date: /home/elizabeth/MREN203_Trover/install/trover_description/share/trover_description/worlds/models/aws_robomaker_residential_DeskPortraitD_04/materials\n'}
[1.620894] (trover_description) StdoutLine: {'line': b'-- Up-to-date: /home/elizabeth/MREN203_Trover/install/trover_description/share/trover_description/worlds/models/aws_robomaker_residential_DeskPortraitD_04/materials/textures\n'}
[1.621027] (trover_description) StdoutLine: {'line': b'-- Up-to-date: /home/elizabeth/MREN203_Trover/install/trover_description/share/trover_description/worlds/models/aws_robomaker_residential_DeskPortraitD_04/materials/textures/aws_DeskPortraitD_02.png\n'}
[1.621141] (trover_description) StdoutLine: {'line': b'-- Up-to-date: /home/elizabeth/MREN203_Trover/install/trover_description/share/trover_description/worlds/models/aws_robomaker_residential_DeskPortraitD_04/materials/textures/DeskPortraitD_04.jpg\n'}
[1.621230] (trover_description) StdoutLine: {'line': b'-- Up-to-date: /home/elizabeth/MREN203_Trover/install/trover_description/share/trover_description/worlds/models/aws_robomaker_residential_DeskPortraitD_04/materials/textures/aws_DeskPortraitD_01.png\n'}
[1.621317] (trover_description) StdoutLine: {'line': b'-- Up-to-date: /home/elizabeth/MREN203_Trover/install/trover_description/share/trover_description/worlds/models/aws_robomaker_residential_DeskPortraitD_04/model.config\n'}
[1.621410] (trover_description) StdoutLine: {'line': b'-- Up-to-date: /home/elizabeth/MREN203_Trover/install/trover_description/share/trover_description/worlds/models/aws_robomaker_residential_DeskPortraitD_04/meshes\n'}
[1.621498] (trover_description) StdoutLine: {'line': b'-- Up-to-date: /home/elizabeth/MREN203_Trover/install/trover_description/share/trover_description/worlds/models/aws_robomaker_residential_DeskPortraitD_04/meshes/aws_DeskPortraitD_01_collision.DAE\n'}
[1.621585] (trover_description) StdoutLine: {'line': b'-- Up-to-date: /home/elizabeth/MREN203_Trover/install/trover_description/share/trover_description/worlds/models/aws_robomaker_residential_DeskPortraitD_04/meshes/aws_DeskPortraitD_01_visual.DAE\n'}
[1.621674] (trover_description) StdoutLine: {'line': b'-- Up-to-date: /home/elizabeth/MREN203_Trover/install/trover_description/share/trover_description/worlds/models/aws_robomaker_residential_Pillow_01\n'}
[1.621763] (trover_description) StdoutLine: {'line': b'-- Up-to-date: /home/elizabeth/MREN203_Trover/install/trover_description/share/trover_description/worlds/models/aws_robomaker_residential_Pillow_01/model.sdf\n'}
[1.621852] (trover_description) StdoutLine: {'line': b'-- Up-to-date: /home/elizabeth/MREN203_Trover/install/trover_description/share/trover_description/worlds/models/aws_robomaker_residential_Pillow_01/materials\n'}
[1.621941] (trover_description) StdoutLine: {'line': b'-- Up-to-date: /home/elizabeth/MREN203_Trover/install/trover_description/share/trover_description/worlds/models/aws_robomaker_residential_Pillow_01/materials/textures\n'}
[1.622031] (trover_description) StdoutLine: {'line': b'-- Up-to-date: /home/elizabeth/MREN203_Trover/install/trover_description/share/trover_description/worlds/models/aws_robomaker_residential_Pillow_01/materials/textures/aws_Pillow_01.png\n'}
[1.622123] (trover_description) StdoutLine: {'line': b'-- Up-to-date: /home/elizabeth/MREN203_Trover/install/trover_description/share/trover_description/worlds/models/aws_robomaker_residential_Pillow_01/model.config\n'}
[1.622216] (trover_description) StdoutLine: {'line': b'-- Up-to-date: /home/elizabeth/MREN203_Trover/install/trover_description/share/trover_description/worlds/models/aws_robomaker_residential_Pillow_01/meshes\n'}
[1.622305] (trover_description) StdoutLine: {'line': b'-- Up-to-date: /home/elizabeth/MREN203_Trover/install/trover_description/share/trover_description/worlds/models/aws_robomaker_residential_Pillow_01/meshes/aws_Pillow_01_collision.DAE\n'}
[1.622395] (trover_description) StdoutLine: {'line': b'-- Up-to-date: /home/elizabeth/MREN203_Trover/install/trover_description/share/trover_description/worlds/models/aws_robomaker_residential_Pillow_01/meshes/aws_Pillow_01_visual.DAE\n'}
[1.622484] (trover_description) StdoutLine: {'line': b'-- Up-to-date: /home/elizabeth/MREN203_Trover/install/trover_description/share/trover_description/worlds/models/aws_robomaker_residential_Tablet_01\n'}
[1.622573] (trover_description) StdoutLine: {'line': b'-- Up-to-date: /home/elizabeth/MREN203_Trover/install/trover_description/share/trover_description/worlds/models/aws_robomaker_residential_Tablet_01/.DS_Store\n'}
[1.622661] (trover_description) StdoutLine: {'line': b'-- Up-to-date: /home/elizabeth/MREN203_Trover/install/trover_description/share/trover_description/worlds/models/aws_robomaker_residential_Tablet_01/model.sdf\n'}
[1.622774] (trover_description) StdoutLine: {'line': b'-- Up-to-date: /home/elizabeth/MREN203_Trover/install/trover_description/share/trover_description/worlds/models/aws_robomaker_residential_Tablet_01/materials\n'}
[1.622915] (trover_description) StdoutLine: {'line': b'-- Up-to-date: /home/elizabeth/MREN203_Trover/install/trover_description/share/trover_description/worlds/models/aws_robomaker_residential_Tablet_01/materials/.DS_Store\n'}
[1.623044] (trover_description) StdoutLine: {'line': b'-- Up-to-date: /home/elizabeth/MREN203_Trover/install/trover_description/share/trover_description/worlds/models/aws_robomaker_residential_Tablet_01/materials/textures\n'}
[1.623167] (trover_description) StdoutLine: {'line': b'-- Up-to-date: /home/elizabeth/MREN203_Trover/install/trover_description/share/trover_description/worlds/models/aws_robomaker_residential_Tablet_01/materials/textures/aws_Tablet_01_nologo.png\n'}
[1.623256] (trover_description) StdoutLine: {'line': b'-- Up-to-date: /home/elizabeth/MREN203_Trover/install/trover_description/share/trover_description/worlds/models/aws_robomaker_residential_Tablet_01/model.config\n'}
[1.623342] (trover_description) StdoutLine: {'line': b'-- Up-to-date: /home/elizabeth/MREN203_Trover/install/trover_description/share/trover_description/worlds/models/aws_robomaker_residential_Tablet_01/meshes\n'}
[1.623429] (trover_description) StdoutLine: {'line': b'-- Up-to-date: /home/elizabeth/MREN203_Trover/install/trover_description/share/trover_description/worlds/models/aws_robomaker_residential_Tablet_01/meshes/aws_Tablet_01_visual.DAE\n'}
[1.623516] (trover_description) StdoutLine: {'line': b'-- Up-to-date: /home/elizabeth/MREN203_Trover/install/trover_description/share/trover_description/worlds/models/aws_robomaker_residential_Tablet_01/meshes/aws_Tablet_01_collision.DAE\n'}
[1.623602] (trover_description) StdoutLine: {'line': b'-- Up-to-date: /home/elizabeth/MREN203_Trover/install/trover_description/share/trover_description/worlds/models/aws_robomaker_residential_ReadingDesk_01\n'}
[1.623688] (trover_description) StdoutLine: {'line': b'-- Up-to-date: /home/elizabeth/MREN203_Trover/install/trover_description/share/trover_description/worlds/models/aws_robomaker_residential_ReadingDesk_01/model.sdf\n'}
[1.623773] (trover_description) StdoutLine: {'line': b'-- Up-to-date: /home/elizabeth/MREN203_Trover/install/trover_description/share/trover_description/worlds/models/aws_robomaker_residential_ReadingDesk_01/materials\n'}
[1.623861] (trover_description) StdoutLine: {'line': b'-- Up-to-date: /home/elizabeth/MREN203_Trover/install/trover_description/share/trover_description/worlds/models/aws_robomaker_residential_ReadingDesk_01/materials/textures\n'}
[1.623948] (trover_description) StdoutLine: {'line': b'-- Up-to-date: /home/elizabeth/MREN203_Trover/install/trover_description/share/trover_description/worlds/models/aws_robomaker_residential_ReadingDesk_01/materials/textures/aws_ReadingDesk_01.png\n'}
[1.624036] (trover_description) StdoutLine: {'line': b'-- Up-to-date: /home/elizabeth/MREN203_Trover/install/trover_description/share/trover_description/worlds/models/aws_robomaker_residential_ReadingDesk_01/model.config\n'}
[1.624126] (trover_description) StdoutLine: {'line': b'-- Up-to-date: /home/elizabeth/MREN203_Trover/install/trover_description/share/trover_description/worlds/models/aws_robomaker_residential_ReadingDesk_01/meshes\n'}
[1.624213] (trover_description) StdoutLine: {'line': b'-- Up-to-date: /home/elizabeth/MREN203_Trover/install/trover_description/share/trover_description/worlds/models/aws_robomaker_residential_ReadingDesk_01/meshes/aws_ReadingDesk_01_collision.DAE\n'}
[1.624300] (trover_description) StdoutLine: {'line': b'-- Up-to-date: /home/elizabeth/MREN203_Trover/install/trover_description/share/trover_description/worlds/models/aws_robomaker_residential_ReadingDesk_01/meshes/aws_ReadingDesk_01_visual.DAE\n'}
[1.624387] (trover_description) StdoutLine: {'line': b'-- Up-to-date: /home/elizabeth/MREN203_Trover/install/trover_description/share/trover_description/worlds/models/aws_robomaker_residential_LightC_01\n'}
[1.624488] (trover_description) StdoutLine: {'line': b'-- Up-to-date: /home/elizabeth/MREN203_Trover/install/trover_description/share/trover_description/worlds/models/aws_robomaker_residential_LightC_01/model.sdf\n'}
[1.624575] (trover_description) StdoutLine: {'line': b'-- Up-to-date: /home/elizabeth/MREN203_Trover/install/trover_description/share/trover_description/worlds/models/aws_robomaker_residential_LightC_01/materials\n'}
[1.624661] (trover_description) StdoutLine: {'line': b'-- Up-to-date: /home/elizabeth/MREN203_Trover/install/trover_description/share/trover_description/worlds/models/aws_robomaker_residential_LightC_01/materials/textures\n'}
[1.624747] (trover_description) StdoutLine: {'line': b'-- Up-to-date: /home/elizabeth/MREN203_Trover/install/trover_description/share/trover_description/worlds/models/aws_robomaker_residential_LightC_01/materials/textures/aws_LightC_01.png\n'}
[1.624834] (trover_description) StdoutLine: {'line': b'-- Up-to-date: /home/elizabeth/MREN203_Trover/install/trover_description/share/trover_description/worlds/models/aws_robomaker_residential_LightC_01/model.config\n'}
[1.624980] (trover_description) StdoutLine: {'line': b'-- Up-to-date: /home/elizabeth/MREN203_Trover/install/trover_description/share/trover_description/worlds/models/aws_robomaker_residential_LightC_01/meshes\n'}
[1.625103] (trover_description) StdoutLine: {'line': b'-- Up-to-date: /home/elizabeth/MREN203_Trover/install/trover_description/share/trover_description/worlds/models/aws_robomaker_residential_LightC_01/meshes/aws_LightC_01_visual.DAE\n'}
[1.625205] (trover_description) StdoutLine: {'line': b'-- Up-to-date: /home/elizabeth/MREN203_Trover/install/trover_description/share/trover_description/worlds/models/aws_robomaker_residential_LightC_01/meshes/aws_LightC_01_collision.DAE\n'}
[1.625294] (trover_description) StdoutLine: {'line': b'-- Up-to-date: /home/elizabeth/MREN203_Trover/install/trover_description/share/trover_description/worlds/models/aws_robomaker_residential_Curtain_01\n'}
[1.625401] (trover_description) StdoutLine: {'line': b'-- Up-to-date: /home/elizabeth/MREN203_Trover/install/trover_description/share/trover_description/worlds/models/aws_robomaker_residential_Curtain_01/model.sdf\n'}
[1.625488] (trover_description) StdoutLine: {'line': b'-- Up-to-date: /home/elizabeth/MREN203_Trover/install/trover_description/share/trover_description/worlds/models/aws_robomaker_residential_Curtain_01/materials\n'}
[1.625574] (trover_description) StdoutLine: {'line': b'-- Up-to-date: /home/elizabeth/MREN203_Trover/install/trover_description/share/trover_description/worlds/models/aws_robomaker_residential_Curtain_01/materials/textures\n'}
[1.625660] (trover_description) StdoutLine: {'line': b'-- Up-to-date: /home/elizabeth/MREN203_Trover/install/trover_description/share/trover_description/worlds/models/aws_robomaker_residential_Curtain_01/materials/textures/aws_Curtain_01.png\n'}
[1.625747] (trover_description) StdoutLine: {'line': b'-- Up-to-date: /home/elizabeth/MREN203_Trover/install/trover_description/share/trover_description/worlds/models/aws_robomaker_residential_Curtain_01/model.config\n'}
[1.625833] (trover_description) StdoutLine: {'line': b'-- Up-to-date: /home/elizabeth/MREN203_Trover/install/trover_description/share/trover_description/worlds/models/aws_robomaker_residential_Curtain_01/meshes\n'}
[1.625919] (trover_description) StdoutLine: {'line': b'-- Up-to-date: /home/elizabeth/MREN203_Trover/install/trover_description/share/trover_description/worlds/models/aws_robomaker_residential_Curtain_01/meshes/aws_Curtain_01_visual.DAE\n'}
[1.626005] (trover_description) StdoutLine: {'line': b'-- Up-to-date: /home/elizabeth/MREN203_Trover/install/trover_description/share/trover_description/worlds/models/aws_robomaker_residential_Curtain_01/meshes/aws_Curtain_01_collision.DAE\n'}
[1.626093] (trover_description) StdoutLine: {'line': b'-- Up-to-date: /home/elizabeth/MREN203_Trover/install/trover_description/share/trover_description/worlds/models/aws_robomaker_residential_ChairA_01\n'}
[1.626196] (trover_description) StdoutLine: {'line': b'-- Up-to-date: /home/elizabeth/MREN203_Trover/install/trover_description/share/trover_description/worlds/models/aws_robomaker_residential_ChairA_01/model.sdf\n'}
[1.626283] (trover_description) StdoutLine: {'line': b'-- Up-to-date: /home/elizabeth/MREN203_Trover/install/trover_description/share/trover_description/worlds/models/aws_robomaker_residential_ChairA_01/materials\n'}
[1.626369] (trover_description) StdoutLine: {'line': b'-- Up-to-date: /home/elizabeth/MREN203_Trover/install/trover_description/share/trover_description/worlds/models/aws_robomaker_residential_ChairA_01/materials/textures\n'}
[1.626454] (trover_description) StdoutLine: {'line': b'-- Up-to-date: /home/elizabeth/MREN203_Trover/install/trover_description/share/trover_description/worlds/models/aws_robomaker_residential_ChairA_01/materials/textures/aws_ChairA_01.png\n'}
[1.626541] (trover_description) StdoutLine: {'line': b'-- Up-to-date: /home/elizabeth/MREN203_Trover/install/trover_description/share/trover_description/worlds/models/aws_robomaker_residential_ChairA_01/model.config\n'}
[1.626628] (trover_description) StdoutLine: {'line': b'-- Up-to-date: /home/elizabeth/MREN203_Trover/install/trover_description/share/trover_description/worlds/models/aws_robomaker_residential_ChairA_01/meshes\n'}
[1.626714] (trover_description) StdoutLine: {'line': b'-- Up-to-date: /home/elizabeth/MREN203_Trover/install/trover_description/share/trover_description/worlds/models/aws_robomaker_residential_ChairA_01/meshes/aws_ChairA_01_visual.DAE\n'}
[1.626800] (trover_description) StdoutLine: {'line': b'-- Up-to-date: /home/elizabeth/MREN203_Trover/install/trover_description/share/trover_description/worlds/models/aws_robomaker_residential_ChairA_01/meshes/aws_ChairA_01_collision.DAE\n'}
[1.626887] (trover_description) StdoutLine: {'line': b'-- Up-to-date: /home/elizabeth/MREN203_Trover/install/trover_description/share/trover_description/worlds/models/aws_robomaker_residential_Ball_01\n'}
[1.627041] (trover_description) StdoutLine: {'line': b'-- Up-to-date: /home/elizabeth/MREN203_Trover/install/trover_description/share/trover_description/worlds/models/aws_robomaker_residential_Ball_01/model.sdf\n'}
[1.627141] (trover_description) StdoutLine: {'line': b'-- Up-to-date: /home/elizabeth/MREN203_Trover/install/trover_description/share/trover_description/worlds/models/aws_robomaker_residential_Ball_01/materials\n'}
[1.627319] (trover_description) StdoutLine: {'line': b'-- Up-to-date: /home/elizabeth/MREN203_Trover/install/trover_description/share/trover_description/worlds/models/aws_robomaker_residential_Ball_01/materials/textures\n'}
[1.627429] (trover_description) StdoutLine: {'line': b'-- Up-to-date: /home/elizabeth/MREN203_Trover/install/trover_description/share/trover_description/worlds/models/aws_robomaker_residential_Ball_01/materials/textures/aws_Ball_01.png\n'}
[1.627520] (trover_description) StdoutLine: {'line': b'-- Up-to-date: /home/elizabeth/MREN203_Trover/install/trover_description/share/trover_description/worlds/models/aws_robomaker_residential_Ball_01/model.config\n'}
[1.627606] (trover_description) StdoutLine: {'line': b'-- Up-to-date: /home/elizabeth/MREN203_Trover/install/trover_description/share/trover_description/worlds/models/aws_robomaker_residential_Ball_01/meshes\n'}
[1.627691] (trover_description) StdoutLine: {'line': b'-- Up-to-date: /home/elizabeth/MREN203_Trover/install/trover_description/share/trover_description/worlds/models/aws_robomaker_residential_Ball_01/meshes/aws_Ball_01_collision.DAE\n'}
[1.627800] (trover_description) StdoutLine: {'line': b'-- Up-to-date: /home/elizabeth/MREN203_Trover/install/trover_description/share/trover_description/worlds/models/aws_robomaker_residential_Ball_01/meshes/aws_Ball_01_visual.DAE\n'}
[1.627888] (trover_description) StdoutLine: {'line': b'-- Up-to-date: /home/elizabeth/MREN203_Trover/install/trover_description/share/trover_description/worlds/models/aws_robomaker_residential_Trash_01\n'}
[1.627987] (trover_description) StdoutLine: {'line': b'-- Up-to-date: /home/elizabeth/MREN203_Trover/install/trover_description/share/trover_description/worlds/models/aws_robomaker_residential_Trash_01/model.sdf\n'}
[1.628074] (trover_description) StdoutLine: {'line': b'-- Up-to-date: /home/elizabeth/MREN203_Trover/install/trover_description/share/trover_description/worlds/models/aws_robomaker_residential_Trash_01/materials\n'}
[1.628159] (trover_description) StdoutLine: {'line': b'-- Up-to-date: /home/elizabeth/MREN203_Trover/install/trover_description/share/trover_description/worlds/models/aws_robomaker_residential_Trash_01/materials/textures\n'}
[1.628246] (trover_description) StdoutLine: {'line': b'-- Up-to-date: /home/elizabeth/MREN203_Trover/install/trover_description/share/trover_description/worlds/models/aws_robomaker_residential_Trash_01/materials/textures/aws_Trash_01.png\n'}
[1.628334] (trover_description) StdoutLine: {'line': b'-- Up-to-date: /home/elizabeth/MREN203_Trover/install/trover_description/share/trover_description/worlds/models/aws_robomaker_residential_Trash_01/model.config\n'}
[1.628420] (trover_description) StdoutLine: {'line': b'-- Up-to-date: /home/elizabeth/MREN203_Trover/install/trover_description/share/trover_description/worlds/models/aws_robomaker_residential_Trash_01/meshes\n'}
[1.628505] (trover_description) StdoutLine: {'line': b'-- Up-to-date: /home/elizabeth/MREN203_Trover/install/trover_description/share/trover_description/worlds/models/aws_robomaker_residential_Trash_01/meshes/aws_Trash_01_collision.DAE\n'}
[1.628591] (trover_description) StdoutLine: {'line': b'-- Up-to-date: /home/elizabeth/MREN203_Trover/install/trover_description/share/trover_description/worlds/models/aws_robomaker_residential_Trash_01/meshes/aws_Trash_01_visual.DAE\n'}
[1.628677] (trover_description) StdoutLine: {'line': b'-- Up-to-date: /home/elizabeth/MREN203_Trover/install/trover_description/share/trover_description/worlds/models/aws_robomaker_residential_PortraitA_02\n'}
[1.628763] (trover_description) StdoutLine: {'line': b'-- Up-to-date: /home/elizabeth/MREN203_Trover/install/trover_description/share/trover_description/worlds/models/aws_robomaker_residential_PortraitA_02/model.sdf\n'}
[1.628850] (trover_description) StdoutLine: {'line': b'-- Up-to-date: /home/elizabeth/MREN203_Trover/install/trover_description/share/trover_description/worlds/models/aws_robomaker_residential_PortraitA_02/materials\n'}
[1.641567] (trover_description) StdoutLine: {'line': b'-- Up-to-date: /home/elizabeth/MREN203_Trover/install/trover_description/share/trover_description/worlds/models/aws_robomaker_residential_PortraitA_02/materials/textures\n'}
[1.641960] (trover_description) StdoutLine: {'line': b'-- Up-to-date: /home/elizabeth/MREN203_Trover/install/trover_description/share/trover_description/worlds/models/aws_robomaker_residential_PortraitA_02/materials/textures/aws_PortraitA_02.png\n'}
[1.642057] (trover_description) StdoutLine: {'line': b'-- Up-to-date: /home/elizabeth/MREN203_Trover/install/trover_description/share/trover_description/worlds/models/aws_robomaker_residential_PortraitA_02/materials/textures/aws_PortraitA_01.png\n'}
[1.642131] (trover_description) StdoutLine: {'line': b'-- Up-to-date: /home/elizabeth/MREN203_Trover/install/trover_description/share/trover_description/worlds/models/aws_robomaker_residential_PortraitA_02/materials/textures/PortraitA_02.jpg\n'}
[1.642384] (trover_description) StdoutLine: {'line': b'-- Up-to-date: /home/elizabeth/MREN203_Trover/install/trover_description/share/trover_description/worlds/models/aws_robomaker_residential_PortraitA_02/model.config\n'}
[1.642522] (trover_description) StdoutLine: {'line': b'-- Up-to-date: /home/elizabeth/MREN203_Trover/install/trover_description/share/trover_description/worlds/models/aws_robomaker_residential_PortraitA_02/meshes\n'}
[1.642603] (trover_description) StdoutLine: {'line': b'-- Up-to-date: /home/elizabeth/MREN203_Trover/install/trover_description/share/trover_description/worlds/models/aws_robomaker_residential_PortraitA_02/meshes/aws_PortraitA_01_collision.DAE\n'}
[1.642695] (trover_description) StdoutLine: {'line': b'-- Up-to-date: /home/elizabeth/MREN203_Trover/install/trover_description/share/trover_description/worlds/models/aws_robomaker_residential_PortraitA_02/meshes/aws_PortraitA_01_visual.DAE\n'}
[1.642767] (trover_description) StdoutLine: {'line': b'-- Up-to-date: /home/elizabeth/MREN203_Trover/install/trover_description/share/trover_description/worlds/models/aws_robomaker_residential_DeskPortraitA_02\n'}
[1.642838] (trover_description) StdoutLine: {'line': b'-- Up-to-date: /home/elizabeth/MREN203_Trover/install/trover_description/share/trover_description/worlds/models/aws_robomaker_residential_DeskPortraitA_02/model.sdf\n'}
[1.642910] (trover_description) StdoutLine: {'line': b'-- Up-to-date: /home/elizabeth/MREN203_Trover/install/trover_description/share/trover_description/worlds/models/aws_robomaker_residential_DeskPortraitA_02/materials\n'}
[1.643025] (trover_description) StdoutLine: {'line': b'-- Up-to-date: /home/elizabeth/MREN203_Trover/install/trover_description/share/trover_description/worlds/models/aws_robomaker_residential_DeskPortraitA_02/materials/textures\n'}
[1.643099] (trover_description) StdoutLine: {'line': b'-- Up-to-date: /home/elizabeth/MREN203_Trover/install/trover_description/share/trover_description/worlds/models/aws_robomaker_residential_DeskPortraitA_02/materials/textures/DeskPortraitA_02.jpg\n'}
[1.643195] (trover_description) StdoutLine: {'line': b'-- Up-to-date: /home/elizabeth/MREN203_Trover/install/trover_description/share/trover_description/worlds/models/aws_robomaker_residential_DeskPortraitA_02/materials/textures/aws_DeskPortraitA_02.png\n'}
[1.651335] (trover_description) StdoutLine: {'line': b'-- Up-to-date: /home/elizabeth/MREN203_Trover/install/trover_description/share/trover_description/worlds/models/aws_robomaker_residential_DeskPortraitA_02/materials/textures/aws_DeskPortraitA_01.png\n'}
[1.652316] (trover_description) StdoutLine: {'line': b'-- Up-to-date: /home/elizabeth/MREN203_Trover/install/trover_description/share/trover_description/worlds/models/aws_robomaker_residential_DeskPortraitA_02/model.config\n'}
[1.652798] (trover_description) StdoutLine: {'line': b'-- Up-to-date: /home/elizabeth/MREN203_Trover/install/trover_description/share/trover_description/worlds/models/aws_robomaker_residential_DeskPortraitA_02/meshes\n'}
[1.653052] (trover_description) StdoutLine: {'line': b'-- Up-to-date: /home/elizabeth/MREN203_Trover/install/trover_description/share/trover_description/worlds/models/aws_robomaker_residential_DeskPortraitA_02/meshes/aws_DeskPortraitA_01_visual.DAE\n'}
[1.653194] (trover_description) StdoutLine: {'line': b'-- Up-to-date: /home/elizabeth/MREN203_Trover/install/trover_description/share/trover_description/worlds/models/aws_robomaker_residential_DeskPortraitA_02/meshes/aws_DeskPortraitA_01_collision.DAE\n'}
[1.653322] (trover_description) StdoutLine: {'line': b'-- Up-to-date: /home/elizabeth/MREN203_Trover/install/trover_description/share/trover_description/worlds/models/aws_robomaker_residential_KitchenTable_01\n'}
[1.653451] (trover_description) StdoutLine: {'line': b'-- Up-to-date: /home/elizabeth/MREN203_Trover/install/trover_description/share/trover_description/worlds/models/aws_robomaker_residential_KitchenTable_01/model.sdf\n'}
[1.653576] (trover_description) StdoutLine: {'line': b'-- Up-to-date: /home/elizabeth/MREN203_Trover/install/trover_description/share/trover_description/worlds/models/aws_robomaker_residential_KitchenTable_01/materials\n'}
[1.653687] (trover_description) StdoutLine: {'line': b'-- Up-to-date: /home/elizabeth/MREN203_Trover/install/trover_description/share/trover_description/worlds/models/aws_robomaker_residential_KitchenTable_01/materials/textures\n'}
[1.653806] (trover_description) StdoutLine: {'line': b'-- Up-to-date: /home/elizabeth/MREN203_Trover/install/trover_description/share/trover_description/worlds/models/aws_robomaker_residential_KitchenTable_01/materials/textures/aws_KitchenTable_01.png\n'}
[1.653917] (trover_description) StdoutLine: {'line': b'-- Up-to-date: /home/elizabeth/MREN203_Trover/install/trover_description/share/trover_description/worlds/models/aws_robomaker_residential_KitchenTable_01/model.config\n'}
[1.654074] (trover_description) StdoutLine: {'line': b'-- Up-to-date: /home/elizabeth/MREN203_Trover/install/trover_description/share/trover_description/worlds/models/aws_robomaker_residential_KitchenTable_01/meshes\n'}
[1.654184] (trover_description) StdoutLine: {'line': b'-- Up-to-date: /home/elizabeth/MREN203_Trover/install/trover_description/share/trover_description/worlds/models/aws_robomaker_residential_KitchenTable_01/meshes/aws_KitchenTable_01_collision.DAE\n'}
[1.654293] (trover_description) StdoutLine: {'line': b'-- Up-to-date: /home/elizabeth/MREN203_Trover/install/trover_description/share/trover_description/worlds/models/aws_robomaker_residential_KitchenTable_01/meshes/aws_KitchenTable_01_visual.DAE\n'}
[1.654492] (trover_description) StdoutLine: {'line': b'-- Up-to-date: /home/elizabeth/MREN203_Trover/install/trover_description/share/trover_description/worlds/models/aws_robomaker_residential_FoldingDoor_01\n'}
[1.654625] (trover_description) StdoutLine: {'line': b'-- Up-to-date: /home/elizabeth/MREN203_Trover/install/trover_description/share/trover_description/worlds/models/aws_robomaker_residential_FoldingDoor_01/model.sdf\n'}
[1.654749] (trover_description) StdoutLine: {'line': b'-- Up-to-date: /home/elizabeth/MREN203_Trover/install/trover_description/share/trover_description/worlds/models/aws_robomaker_residential_FoldingDoor_01/materials\n'}
[1.654862] (trover_description) StdoutLine: {'line': b'-- Up-to-date: /home/elizabeth/MREN203_Trover/install/trover_description/share/trover_description/worlds/models/aws_robomaker_residential_FoldingDoor_01/materials/textures\n'}
[1.654961] (trover_description) StdoutLine: {'line': b'-- Up-to-date: /home/elizabeth/MREN203_Trover/install/trover_description/share/trover_description/worlds/models/aws_robomaker_residential_FoldingDoor_01/materials/textures/aws_FoldingDoor_01.png\n'}
[1.655035] (trover_description) StdoutLine: {'line': b'-- Up-to-date: /home/elizabeth/MREN203_Trover/install/trover_description/share/trover_description/worlds/models/aws_robomaker_residential_FoldingDoor_01/model.config\n'}
[1.655105] (trover_description) StdoutLine: {'line': b'-- Up-to-date: /home/elizabeth/MREN203_Trover/install/trover_description/share/trover_description/worlds/models/aws_robomaker_residential_FoldingDoor_01/meshes\n'}
[1.655198] (trover_description) StdoutLine: {'line': b'-- Up-to-date: /home/elizabeth/MREN203_Trover/install/trover_description/share/trover_description/worlds/models/aws_robomaker_residential_FoldingDoor_01/meshes/aws_FoldingDoor_01_collision.DAE\n'}
[1.655270] (trover_description) StdoutLine: {'line': b'-- Up-to-date: /home/elizabeth/MREN203_Trover/install/trover_description/share/trover_description/worlds/models/aws_robomaker_residential_FoldingDoor_01/meshes/aws_FoldingDoor_01_visual.DAE\n'}
[1.655340] (trover_description) StdoutLine: {'line': b'-- Up-to-date: /home/elizabeth/MREN203_Trover/install/trover_description/share/trover_description/worlds/models/aws_robomaker_residential_Vase_01\n'}
[1.655410] (trover_description) StdoutLine: {'line': b'-- Up-to-date: /home/elizabeth/MREN203_Trover/install/trover_description/share/trover_description/worlds/models/aws_robomaker_residential_Vase_01/model.sdf\n'}
[1.655478] (trover_description) StdoutLine: {'line': b'-- Up-to-date: /home/elizabeth/MREN203_Trover/install/trover_description/share/trover_description/worlds/models/aws_robomaker_residential_Vase_01/materials\n'}
[1.655547] (trover_description) StdoutLine: {'line': b'-- Up-to-date: /home/elizabeth/MREN203_Trover/install/trover_description/share/trover_description/worlds/models/aws_robomaker_residential_Vase_01/materials/textures\n'}
[1.655619] (trover_description) StdoutLine: {'line': b'-- Up-to-date: /home/elizabeth/MREN203_Trover/install/trover_description/share/trover_description/worlds/models/aws_robomaker_residential_Vase_01/materials/textures/aws_Vase_01.png\n'}
[1.655707] (trover_description) StdoutLine: {'line': b'-- Up-to-date: /home/elizabeth/MREN203_Trover/install/trover_description/share/trover_description/worlds/models/aws_robomaker_residential_Vase_01/model.config\n'}
[1.655788] (trover_description) StdoutLine: {'line': b'-- Up-to-date: /home/elizabeth/MREN203_Trover/install/trover_description/share/trover_description/worlds/models/aws_robomaker_residential_Vase_01/meshes\n'}
[1.655865] (trover_description) StdoutLine: {'line': b'-- Up-to-date: /home/elizabeth/MREN203_Trover/install/trover_description/share/trover_description/worlds/models/aws_robomaker_residential_Vase_01/meshes/aws_Vase_01_collision.DAE\n'}
[1.655954] (trover_description) StdoutLine: {'line': b'-- Up-to-date: /home/elizabeth/MREN203_Trover/install/trover_description/share/trover_description/worlds/models/aws_robomaker_residential_Vase_01/meshes/aws_Vase_01_visual.DAE\n'}
[1.656043] (trover_description) StdoutLine: {'line': b'-- Up-to-date: /home/elizabeth/MREN203_Trover/install/trover_description/share/trover_description/worlds/models/aws_robomaker_residential_ShoeRack_01\n'}
[1.656132] (trover_description) StdoutLine: {'line': b'-- Up-to-date: /home/elizabeth/MREN203_Trover/install/trover_description/share/trover_description/worlds/models/aws_robomaker_residential_ShoeRack_01/model.sdf\n'}
[1.656220] (trover_description) StdoutLine: {'line': b'-- Up-to-date: /home/elizabeth/MREN203_Trover/install/trover_description/share/trover_description/worlds/models/aws_robomaker_residential_ShoeRack_01/materials\n'}
[1.656308] (trover_description) StdoutLine: {'line': b'-- Up-to-date: /home/elizabeth/MREN203_Trover/install/trover_description/share/trover_description/worlds/models/aws_robomaker_residential_ShoeRack_01/materials/textures\n'}
[1.656397] (trover_description) StdoutLine: {'line': b'-- Up-to-date: /home/elizabeth/MREN203_Trover/install/trover_description/share/trover_description/worlds/models/aws_robomaker_residential_ShoeRack_01/materials/textures/aws_ShoeRack_01.png\n'}
[1.656583] (trover_description) StdoutLine: {'line': b'-- Up-to-date: /home/elizabeth/MREN203_Trover/install/trover_description/share/trover_description/worlds/models/aws_robomaker_residential_ShoeRack_01/model.config\n'}
[1.656686] (trover_description) StdoutLine: {'line': b'-- Up-to-date: /home/elizabeth/MREN203_Trover/install/trover_description/share/trover_description/worlds/models/aws_robomaker_residential_ShoeRack_01/meshes\n'}
[1.656778] (trover_description) StdoutLine: {'line': b'-- Up-to-date: /home/elizabeth/MREN203_Trover/install/trover_description/share/trover_description/worlds/models/aws_robomaker_residential_ShoeRack_01/meshes/aws_ShoeRack_01_visual.DAE\n'}
[1.656868] (trover_description) StdoutLine: {'line': b'-- Up-to-date: /home/elizabeth/MREN203_Trover/install/trover_description/share/trover_description/worlds/models/aws_robomaker_residential_ShoeRack_01/meshes/aws_ShoeRack_01_collision.DAE\n'}
[1.656957] (trover_description) StdoutLine: {'line': b'-- Up-to-date: /home/elizabeth/MREN203_Trover/install/trover_description/share/trover_description/worlds/models/aws_robomaker_residential_Quilt_01\n'}
[1.657045] (trover_description) StdoutLine: {'line': b'-- Up-to-date: /home/elizabeth/MREN203_Trover/install/trover_description/share/trover_description/worlds/models/aws_robomaker_residential_Quilt_01/model.sdf\n'}
[1.657133] (trover_description) StdoutLine: {'line': b'-- Up-to-date: /home/elizabeth/MREN203_Trover/install/trover_description/share/trover_description/worlds/models/aws_robomaker_residential_Quilt_01/materials\n'}
[1.657221] (trover_description) StdoutLine: {'line': b'-- Up-to-date: /home/elizabeth/MREN203_Trover/install/trover_description/share/trover_description/worlds/models/aws_robomaker_residential_Quilt_01/materials/textures\n'}
[1.657336] (trover_description) StdoutLine: {'line': b'-- Up-to-date: /home/elizabeth/MREN203_Trover/install/trover_description/share/trover_description/worlds/models/aws_robomaker_residential_Quilt_01/materials/textures/aws_Quilt_01.png\n'}
[1.657424] (trover_description) StdoutLine: {'line': b'-- Up-to-date: /home/elizabeth/MREN203_Trover/install/trover_description/share/trover_description/worlds/models/aws_robomaker_residential_Quilt_01/model.config\n'}
[1.657525] (trover_description) StdoutLine: {'line': b'-- Up-to-date: /home/elizabeth/MREN203_Trover/install/trover_description/share/trover_description/worlds/models/aws_robomaker_residential_Quilt_01/meshes\n'}
[1.657613] (trover_description) StdoutLine: {'line': b'-- Up-to-date: /home/elizabeth/MREN203_Trover/install/trover_description/share/trover_description/worlds/models/aws_robomaker_residential_Quilt_01/meshes/aws_Quilt_01_visual.DAE\n'}
[1.657701] (trover_description) StdoutLine: {'line': b'-- Up-to-date: /home/elizabeth/MREN203_Trover/install/trover_description/share/trover_description/worlds/models/aws_robomaker_residential_Quilt_01/meshes/aws_Quilt_01_collision.DAE\n'}
[1.657790] (trover_description) StdoutLine: {'line': b'-- Up-to-date: /home/elizabeth/MREN203_Trover/install/trover_description/share/trover_description/worlds/models/aws_robomaker_residential_PortraitE_02\n'}
[1.657879] (trover_description) StdoutLine: {'line': b'-- Up-to-date: /home/elizabeth/MREN203_Trover/install/trover_description/share/trover_description/worlds/models/aws_robomaker_residential_PortraitE_02/model.sdf\n'}
[1.657966] (trover_description) StdoutLine: {'line': b'-- Up-to-date: /home/elizabeth/MREN203_Trover/install/trover_description/share/trover_description/worlds/models/aws_robomaker_residential_PortraitE_02/materials\n'}
[1.658054] (trover_description) StdoutLine: {'line': b'-- Up-to-date: /home/elizabeth/MREN203_Trover/install/trover_description/share/trover_description/worlds/models/aws_robomaker_residential_PortraitE_02/materials/textures\n'}
[1.658143] (trover_description) StdoutLine: {'line': b'-- Up-to-date: /home/elizabeth/MREN203_Trover/install/trover_description/share/trover_description/worlds/models/aws_robomaker_residential_PortraitE_02/materials/textures/aws_PortraitE_02.png\n'}
[1.658231] (trover_description) StdoutLine: {'line': b'-- Up-to-date: /home/elizabeth/MREN203_Trover/install/trover_description/share/trover_description/worlds/models/aws_robomaker_residential_PortraitE_02/materials/textures/aws_PortraitE_01.png\n'}
[1.658319] (trover_description) StdoutLine: {'line': b'-- Up-to-date: /home/elizabeth/MREN203_Trover/install/trover_description/share/trover_description/worlds/models/aws_robomaker_residential_PortraitE_02/materials/textures/PortraitE_02.jpg\n'}
[1.658408] (trover_description) StdoutLine: {'line': b'-- Up-to-date: /home/elizabeth/MREN203_Trover/install/trover_description/share/trover_description/worlds/models/aws_robomaker_residential_PortraitE_02/model.config\n'}
[1.658566] (trover_description) StdoutLine: {'line': b'-- Up-to-date: /home/elizabeth/MREN203_Trover/install/trover_description/share/trover_description/worlds/models/aws_robomaker_residential_PortraitE_02/meshes\n'}
[1.658670] (trover_description) StdoutLine: {'line': b'-- Up-to-date: /home/elizabeth/MREN203_Trover/install/trover_description/share/trover_description/worlds/models/aws_robomaker_residential_PortraitE_02/meshes/aws_PortraitE_01_visual.DAE\n'}
[1.658778] (trover_description) StdoutLine: {'line': b'-- Up-to-date: /home/elizabeth/MREN203_Trover/install/trover_description/share/trover_description/worlds/models/aws_robomaker_residential_PortraitE_02/meshes/aws_PortraitE_01_collision.DAE\n'}
[1.658869] (trover_description) StdoutLine: {'line': b'-- Up-to-date: /home/elizabeth/MREN203_Trover/install/trover_description/share/trover_description/worlds/models/aws_robomaker_residential_Carpet_01\n'}
[1.658956] (trover_description) StdoutLine: {'line': b'-- Up-to-date: /home/elizabeth/MREN203_Trover/install/trover_description/share/trover_description/worlds/models/aws_robomaker_residential_Carpet_01/model.sdf\n'}
[1.659045] (trover_description) StdoutLine: {'line': b'-- Up-to-date: /home/elizabeth/MREN203_Trover/install/trover_description/share/trover_description/worlds/models/aws_robomaker_residential_Carpet_01/materials\n'}
[1.659157] (trover_description) StdoutLine: {'line': b'-- Up-to-date: /home/elizabeth/MREN203_Trover/install/trover_description/share/trover_description/worlds/models/aws_robomaker_residential_Carpet_01/materials/textures\n'}
[1.659245] (trover_description) StdoutLine: {'line': b'-- Up-to-date: /home/elizabeth/MREN203_Trover/install/trover_description/share/trover_description/worlds/models/aws_robomaker_residential_Carpet_01/materials/textures/aws_Carpet_01.png\n'}
[1.659334] (trover_description) StdoutLine: {'line': b'-- Up-to-date: /home/elizabeth/MREN203_Trover/install/trover_description/share/trover_description/worlds/models/aws_robomaker_residential_Carpet_01/model.config\n'}
[1.659421] (trover_description) StdoutLine: {'line': b'-- Up-to-date: /home/elizabeth/MREN203_Trover/install/trover_description/share/trover_description/worlds/models/aws_robomaker_residential_Carpet_01/meshes\n'}
[1.659509] (trover_description) StdoutLine: {'line': b'-- Up-to-date: /home/elizabeth/MREN203_Trover/install/trover_description/share/trover_description/worlds/models/aws_robomaker_residential_Carpet_01/meshes/aws_Carpet_01_collision.DAE\n'}
[1.659619] (trover_description) StdoutLine: {'line': b'-- Up-to-date: /home/elizabeth/MREN203_Trover/install/trover_description/share/trover_description/worlds/models/aws_robomaker_residential_Carpet_01/meshes/aws_Carpet_01_visual.DAE\n'}
[1.659709] (trover_description) StdoutLine: {'line': b'-- Up-to-date: /home/elizabeth/MREN203_Trover/install/trover_description/share/trover_description/worlds/models/aws_robomaker_residential_DeskPortraitD_02\n'}
[1.659797] (trover_description) StdoutLine: {'line': b'-- Up-to-date: /home/elizabeth/MREN203_Trover/install/trover_description/share/trover_description/worlds/models/aws_robomaker_residential_DeskPortraitD_02/model.sdf\n'}
[1.659885] (trover_description) StdoutLine: {'line': b'-- Up-to-date: /home/elizabeth/MREN203_Trover/install/trover_description/share/trover_description/worlds/models/aws_robomaker_residential_DeskPortraitD_02/materials\n'}
[1.659973] (trover_description) StdoutLine: {'line': b'-- Up-to-date: /home/elizabeth/MREN203_Trover/install/trover_description/share/trover_description/worlds/models/aws_robomaker_residential_DeskPortraitD_02/materials/textures\n'}
[1.660097] (trover_description) StdoutLine: {'line': b'-- Up-to-date: /home/elizabeth/MREN203_Trover/install/trover_description/share/trover_description/worlds/models/aws_robomaker_residential_DeskPortraitD_02/materials/textures/aws_DeskPortraitD_02.png\n'}
[1.660269] (trover_description) StdoutLine: {'line': b'-- Up-to-date: /home/elizabeth/MREN203_Trover/install/trover_description/share/trover_description/worlds/models/aws_robomaker_residential_DeskPortraitD_02/materials/textures/DeskPortraitD_02.jpg\n'}
[1.660370] (trover_description) StdoutLine: {'line': b'-- Up-to-date: /home/elizabeth/MREN203_Trover/install/trover_description/share/trover_description/worlds/models/aws_robomaker_residential_DeskPortraitD_02/materials/textures/aws_DeskPortraitD_01.png\n'}
[1.660522] (trover_description) StdoutLine: {'line': b'-- Up-to-date: /home/elizabeth/MREN203_Trover/install/trover_description/share/trover_description/worlds/models/aws_robomaker_residential_DeskPortraitD_02/model.config\n'}
[1.660646] (trover_description) StdoutLine: {'line': b'-- Up-to-date: /home/elizabeth/MREN203_Trover/install/trover_description/share/trover_description/worlds/models/aws_robomaker_residential_DeskPortraitD_02/meshes\n'}
[1.660739] (trover_description) StdoutLine: {'line': b'-- Up-to-date: /home/elizabeth/MREN203_Trover/install/trover_description/share/trover_description/worlds/models/aws_robomaker_residential_DeskPortraitD_02/meshes/aws_DeskPortraitD_01_collision.DAE\n'}
[1.660831] (trover_description) StdoutLine: {'line': b'-- Up-to-date: /home/elizabeth/MREN203_Trover/install/trover_description/share/trover_description/worlds/models/aws_robomaker_residential_DeskPortraitD_02/meshes/aws_DeskPortraitD_01_visual.DAE\n'}
[1.660921] (trover_description) StdoutLine: {'line': b'-- Up-to-date: /home/elizabeth/MREN203_Trover/install/trover_description/share/trover_description/worlds/models/aws_robomaker_residential_FloorB_01\n'}
[1.661050] (trover_description) StdoutLine: {'line': b'-- Up-to-date: /home/elizabeth/MREN203_Trover/install/trover_description/share/trover_description/worlds/models/aws_robomaker_residential_FloorB_01/model.sdf\n'}
[1.665074] (trover_description) StdoutLine: {'line': b'-- Up-to-date: /home/elizabeth/MREN203_Trover/install/trover_description/share/trover_description/worlds/models/aws_robomaker_residential_FloorB_01/materials\n'}
[1.665448] (trover_description) StdoutLine: {'line': b'-- Up-to-date: /home/elizabeth/MREN203_Trover/install/trover_description/share/trover_description/worlds/models/aws_robomaker_residential_FloorB_01/materials/textures\n'}
[1.665593] (trover_description) StdoutLine: {'line': b'-- Up-to-date: /home/elizabeth/MREN203_Trover/install/trover_description/share/trover_description/worlds/models/aws_robomaker_residential_FloorB_01/materials/textures/aws_FloorB_01.png\n'}
[1.665722] (trover_description) StdoutLine: {'line': b'-- Up-to-date: /home/elizabeth/MREN203_Trover/install/trover_description/share/trover_description/worlds/models/aws_robomaker_residential_FloorB_01/model.config\n'}
[1.665825] (trover_description) StdoutLine: {'line': b'-- Up-to-date: /home/elizabeth/MREN203_Trover/install/trover_description/share/trover_description/worlds/models/aws_robomaker_residential_FloorB_01/meshes\n'}
[1.665894] (trover_description) StdoutLine: {'line': b'-- Up-to-date: /home/elizabeth/MREN203_Trover/install/trover_description/share/trover_description/worlds/models/aws_robomaker_residential_FloorB_01/meshes/aws_FloorB_01_collision.DAE\n'}
[1.665989] (trover_description) StdoutLine: {'line': b'-- Up-to-date: /home/elizabeth/MREN203_Trover/install/trover_description/share/trover_description/worlds/models/aws_robomaker_residential_FloorB_01/meshes/aws_FloorB_01_visual.DAE\n'}
[1.666106] (trover_description) StdoutLine: {'line': b'-- Up-to-date: /home/elizabeth/MREN203_Trover/install/trover_description/share/trover_description/worlds/models/aws_robomaker_residential_RoomWindow_01\n'}
[1.666284] (trover_description) StdoutLine: {'line': b'-- Up-to-date: /home/elizabeth/MREN203_Trover/install/trover_description/share/trover_description/worlds/models/aws_robomaker_residential_RoomWindow_01/model.sdf\n'}
[1.666386] (trover_description) StdoutLine: {'line': b'-- Up-to-date: /home/elizabeth/MREN203_Trover/install/trover_description/share/trover_description/worlds/models/aws_robomaker_residential_RoomWindow_01/materials\n'}
[1.666518] (trover_description) StdoutLine: {'line': b'-- Up-to-date: /home/elizabeth/MREN203_Trover/install/trover_description/share/trover_description/worlds/models/aws_robomaker_residential_RoomWindow_01/materials/textures\n'}
[1.666593] (trover_description) StdoutLine: {'line': b'-- Up-to-date: /home/elizabeth/MREN203_Trover/install/trover_description/share/trover_description/worlds/models/aws_robomaker_residential_RoomWindow_01/materials/textures/aws_RoomWindow_01.png\n'}
[1.666667] (trover_description) StdoutLine: {'line': b'-- Up-to-date: /home/elizabeth/MREN203_Trover/install/trover_description/share/trover_description/worlds/models/aws_robomaker_residential_RoomWindow_01/model.config\n'}
[1.666737] (trover_description) StdoutLine: {'line': b'-- Up-to-date: /home/elizabeth/MREN203_Trover/install/trover_description/share/trover_description/worlds/models/aws_robomaker_residential_RoomWindow_01/meshes\n'}
[1.666808] (trover_description) StdoutLine: {'line': b'-- Up-to-date: /home/elizabeth/MREN203_Trover/install/trover_description/share/trover_description/worlds/models/aws_robomaker_residential_RoomWindow_01/meshes/aws_RoomWindow_01_visual.DAE\n'}
[1.666880] (trover_description) StdoutLine: {'line': b'-- Up-to-date: /home/elizabeth/MREN203_Trover/install/trover_description/share/trover_description/worlds/models/aws_robomaker_residential_RoomWindow_01/meshes/aws_RoomWindow_01_collision.DAE\n'}
[1.666953] (trover_description) StdoutLine: {'line': b'-- Up-to-date: /home/elizabeth/MREN203_Trover/install/trover_description/share/trover_description/worlds/models/aws_robomaker_residential_SeasoningBox_01\n'}
[1.667040] (trover_description) StdoutLine: {'line': b'-- Up-to-date: /home/elizabeth/MREN203_Trover/install/trover_description/share/trover_description/worlds/models/aws_robomaker_residential_SeasoningBox_01/model.sdf\n'}
[1.667111] (trover_description) StdoutLine: {'line': b'-- Up-to-date: /home/elizabeth/MREN203_Trover/install/trover_description/share/trover_description/worlds/models/aws_robomaker_residential_SeasoningBox_01/materials\n'}
[1.667181] (trover_description) StdoutLine: {'line': b'-- Up-to-date: /home/elizabeth/MREN203_Trover/install/trover_description/share/trover_description/worlds/models/aws_robomaker_residential_SeasoningBox_01/materials/textures\n'}
[1.667287] (trover_description) StdoutLine: {'line': b'-- Up-to-date: /home/elizabeth/MREN203_Trover/install/trover_description/share/trover_description/worlds/models/aws_robomaker_residential_SeasoningBox_01/materials/textures/aws_SeasoningBox_01.png\n'}
[1.667379] (trover_description) StdoutLine: {'line': b'-- Up-to-date: /home/elizabeth/MREN203_Trover/install/trover_description/share/trover_description/worlds/models/aws_robomaker_residential_SeasoningBox_01/model.config\n'}
[1.667472] (trover_description) StdoutLine: {'line': b'-- Up-to-date: /home/elizabeth/MREN203_Trover/install/trover_description/share/trover_description/worlds/models/aws_robomaker_residential_SeasoningBox_01/meshes\n'}
[1.667725] (trover_description) StdoutLine: {'line': b'-- Up-to-date: /home/elizabeth/MREN203_Trover/install/trover_description/share/trover_description/worlds/models/aws_robomaker_residential_SeasoningBox_01/meshes/aws_SeasoningBox_01_collision.DAE\n'}
[1.668146] (trover_description) StdoutLine: {'line': b'-- Up-to-date: /home/elizabeth/MREN203_Trover/install/trover_description/share/trover_description/worlds/models/aws_robomaker_residential_SeasoningBox_01/meshes/aws_SeasoningBox_01_visual.DAE\n'}
[1.668506] (trover_description) StdoutLine: {'line': b'-- Up-to-date: /home/elizabeth/MREN203_Trover/install/trover_description/share/trover_description/worlds/models/aws_robomaker_residential_BalconyTable_01\n'}
[1.668826] (trover_description) StdoutLine: {'line': b'-- Up-to-date: /home/elizabeth/MREN203_Trover/install/trover_description/share/trover_description/worlds/models/aws_robomaker_residential_BalconyTable_01/model.sdf\n'}
[1.669079] (trover_description) StdoutLine: {'line': b'-- Up-to-date: /home/elizabeth/MREN203_Trover/install/trover_description/share/trover_description/worlds/models/aws_robomaker_residential_BalconyTable_01/materials\n'}
[1.669355] (trover_description) StdoutLine: {'line': b'-- Up-to-date: /home/elizabeth/MREN203_Trover/install/trover_description/share/trover_description/worlds/models/aws_robomaker_residential_BalconyTable_01/materials/textures\n'}
[1.669727] (trover_description) StdoutLine: {'line': b'-- Up-to-date: /home/elizabeth/MREN203_Trover/install/trover_description/share/trover_description/worlds/models/aws_robomaker_residential_BalconyTable_01/materials/textures/aws_BalconyTable_01.png\n'}
[1.670045] (trover_description) StdoutLine: {'line': b'-- Up-to-date: /home/elizabeth/MREN203_Trover/install/trover_description/share/trover_description/worlds/models/aws_robomaker_residential_BalconyTable_01/model.config\n'}
[1.670432] (trover_description) StdoutLine: {'line': b'-- Up-to-date: /home/elizabeth/MREN203_Trover/install/trover_description/share/trover_description/worlds/models/aws_robomaker_residential_BalconyTable_01/meshes\n'}
[1.670857] (trover_description) StdoutLine: {'line': b'-- Up-to-date: /home/elizabeth/MREN203_Trover/install/trover_description/share/trover_description/worlds/models/aws_robomaker_residential_BalconyTable_01/meshes/aws_BalconyTable_01_visual.DAE\n'}
[1.670978] (-) TimerEvent: {}
[1.671506] (trover_description) StdoutLine: {'line': b'-- Up-to-date: /home/elizabeth/MREN203_Trover/install/trover_description/share/trover_description/worlds/models/aws_robomaker_residential_BalconyTable_01/meshes/aws_BalconyTable_01_collision.DAE\n'}
[1.671927] (trover_description) StdoutLine: {'line': b'-- Up-to-date: /home/elizabeth/MREN203_Trover/install/trover_description/share/trover_description/worlds/models/aws_robomaker_residential_Rangehood_01\n'}
[1.672412] (trover_description) StdoutLine: {'line': b'-- Up-to-date: /home/elizabeth/MREN203_Trover/install/trover_description/share/trover_description/worlds/models/aws_robomaker_residential_Rangehood_01/model.sdf\n'}
[1.672755] (trover_description) StdoutLine: {'line': b'-- Up-to-date: /home/elizabeth/MREN203_Trover/install/trover_description/share/trover_description/worlds/models/aws_robomaker_residential_Rangehood_01/materials\n'}
[1.673097] (trover_description) StdoutLine: {'line': b'-- Up-to-date: /home/elizabeth/MREN203_Trover/install/trover_description/share/trover_description/worlds/models/aws_robomaker_residential_Rangehood_01/materials/textures\n'}
[1.673555] (trover_description) StdoutLine: {'line': b'-- Up-to-date: /home/elizabeth/MREN203_Trover/install/trover_description/share/trover_description/worlds/models/aws_robomaker_residential_Rangehood_01/materials/textures/aws_Rangehood_01.png\n'}
[1.673957] (trover_description) StdoutLine: {'line': b'-- Up-to-date: /home/elizabeth/MREN203_Trover/install/trover_description/share/trover_description/worlds/models/aws_robomaker_residential_Rangehood_01/model.config\n'}
[1.674250] (trover_description) StdoutLine: {'line': b'-- Up-to-date: /home/elizabeth/MREN203_Trover/install/trover_description/share/trover_description/worlds/models/aws_robomaker_residential_Rangehood_01/meshes\n'}
[1.674711] (trover_description) StdoutLine: {'line': b'-- Up-to-date: /home/elizabeth/MREN203_Trover/install/trover_description/share/trover_description/worlds/models/aws_robomaker_residential_Rangehood_01/meshes/aws_Rangehood_01_collision.DAE\n'}
[1.675049] (trover_description) StdoutLine: {'line': b'-- Up-to-date: /home/elizabeth/MREN203_Trover/install/trover_description/share/trover_description/worlds/models/aws_robomaker_residential_Rangehood_01/meshes/aws_Rangehood_01_visual.DAE\n'}
[1.675322] (trover_description) StdoutLine: {'line': b'-- Up-to-date: /home/elizabeth/MREN203_Trover/install/trover_description/share/trover_description/worlds/models/aws_robomaker_residential_PortraitD_02\n'}
[1.675710] (trover_description) StdoutLine: {'line': b'-- Up-to-date: /home/elizabeth/MREN203_Trover/install/trover_description/share/trover_description/worlds/models/aws_robomaker_residential_PortraitD_02/model.sdf\n'}
[1.676039] (trover_description) StdoutLine: {'line': b'-- Up-to-date: /home/elizabeth/MREN203_Trover/install/trover_description/share/trover_description/worlds/models/aws_robomaker_residential_PortraitD_02/materials\n'}
[1.676242] (trover_description) StdoutLine: {'line': b'-- Up-to-date: /home/elizabeth/MREN203_Trover/install/trover_description/share/trover_description/worlds/models/aws_robomaker_residential_PortraitD_02/materials/textures\n'}
[1.676679] (trover_description) StdoutLine: {'line': b'-- Up-to-date: /home/elizabeth/MREN203_Trover/install/trover_description/share/trover_description/worlds/models/aws_robomaker_residential_PortraitD_02/materials/textures/PortraitD_02.jpg\n'}
[1.677009] (trover_description) StdoutLine: {'line': b'-- Up-to-date: /home/elizabeth/MREN203_Trover/install/trover_description/share/trover_description/worlds/models/aws_robomaker_residential_PortraitD_02/materials/textures/aws_PortraitD_02.png\n'}
[1.677451] (trover_description) StdoutLine: {'line': b'-- Up-to-date: /home/elizabeth/MREN203_Trover/install/trover_description/share/trover_description/worlds/models/aws_robomaker_residential_PortraitD_02/materials/textures/aws_PortraitD_01.png\n'}
[1.677911] (trover_description) StdoutLine: {'line': b'-- Up-to-date: /home/elizabeth/MREN203_Trover/install/trover_description/share/trover_description/worlds/models/aws_robomaker_residential_PortraitD_02/model.config\n'}
[1.678032] (trover_description) StdoutLine: {'line': b'-- Up-to-date: /home/elizabeth/MREN203_Trover/install/trover_description/share/trover_description/worlds/models/aws_robomaker_residential_PortraitD_02/meshes\n'}
[1.678703] (trover_description) StdoutLine: {'line': b'-- Up-to-date: /home/elizabeth/MREN203_Trover/install/trover_description/share/trover_description/worlds/models/aws_robomaker_residential_PortraitD_02/meshes/aws_PortraitD_01_collision.DAE\n'}
[1.679112] (trover_description) StdoutLine: {'line': b'-- Up-to-date: /home/elizabeth/MREN203_Trover/install/trover_description/share/trover_description/worlds/models/aws_robomaker_residential_PortraitD_02/meshes/aws_PortraitD_01_visual.DAE\n'}
[1.679482] (trover_description) StdoutLine: {'line': b'-- Up-to-date: /home/elizabeth/MREN203_Trover/install/trover_description/share/trover_description/worlds/models/aws_robomaker_residential_Bed_01\n'}
[1.679666] (trover_description) StdoutLine: {'line': b'-- Up-to-date: /home/elizabeth/MREN203_Trover/install/trover_description/share/trover_description/worlds/models/aws_robomaker_residential_Bed_01/model.sdf\n'}
[1.679924] (trover_description) StdoutLine: {'line': b'-- Up-to-date: /home/elizabeth/MREN203_Trover/install/trover_description/share/trover_description/worlds/models/aws_robomaker_residential_Bed_01/materials\n'}
[1.680419] (trover_description) StdoutLine: {'line': b'-- Up-to-date: /home/elizabeth/MREN203_Trover/install/trover_description/share/trover_description/worlds/models/aws_robomaker_residential_Bed_01/materials/textures\n'}
[1.681171] (trover_description) StdoutLine: {'line': b'-- Up-to-date: /home/elizabeth/MREN203_Trover/install/trover_description/share/trover_description/worlds/models/aws_robomaker_residential_Bed_01/materials/textures/aws_Bed_01.png\n'}
[1.681385] (trover_description) StdoutLine: {'line': b'-- Up-to-date: /home/elizabeth/MREN203_Trover/install/trover_description/share/trover_description/worlds/models/aws_robomaker_residential_Bed_01/materials/textures/aws_BedC_01.png\n'}
[1.681956] (trover_description) StdoutLine: {'line': b'-- Up-to-date: /home/elizabeth/MREN203_Trover/install/trover_description/share/trover_description/worlds/models/aws_robomaker_residential_Bed_01/materials/textures/aws_BedB_01.png\n'}
[1.682131] (trover_description) StdoutLine: {'line': b'-- Up-to-date: /home/elizabeth/MREN203_Trover/install/trover_description/share/trover_description/worlds/models/aws_robomaker_residential_Bed_01/materials/textures/aws_BedA_01.png\n'}
[1.682224] (trover_description) StdoutLine: {'line': b'-- Up-to-date: /home/elizabeth/MREN203_Trover/install/trover_description/share/trover_description/worlds/models/aws_robomaker_residential_Bed_01/model.config\n'}
[1.682956] (trover_description) StdoutLine: {'line': b'-- Up-to-date: /home/elizabeth/MREN203_Trover/install/trover_description/share/trover_description/worlds/models/aws_robomaker_residential_Bed_01/meshes\n'}
[1.683822] (trover_description) StdoutLine: {'line': b'-- Up-to-date: /home/elizabeth/MREN203_Trover/install/trover_description/share/trover_description/worlds/models/aws_robomaker_residential_Bed_01/meshes/aws_Bed_01_visual.DAE\n'}
[1.684189] (trover_description) StdoutLine: {'line': b'-- Up-to-date: /home/elizabeth/MREN203_Trover/install/trover_description/share/trover_description/worlds/models/aws_robomaker_residential_Bed_01/meshes/aws_Bed_01_collision.DAE\n'}
[1.685068] (trover_description) StdoutLine: {'line': b'-- Up-to-date: /home/elizabeth/MREN203_Trover/install/trover_description/share/trover_description/worlds/models/aws_robomaker_residential_FitnessEquipment_01\n'}
[1.685570] (trover_description) StdoutLine: {'line': b'-- Up-to-date: /home/elizabeth/MREN203_Trover/install/trover_description/share/trover_description/worlds/models/aws_robomaker_residential_FitnessEquipment_01/model.sdf\n'}
[1.685734] (trover_description) StdoutLine: {'line': b'-- Up-to-date: /home/elizabeth/MREN203_Trover/install/trover_description/share/trover_description/worlds/models/aws_robomaker_residential_FitnessEquipment_01/materials\n'}
[1.686537] (trover_description) StdoutLine: {'line': b'-- Up-to-date: /home/elizabeth/MREN203_Trover/install/trover_description/share/trover_description/worlds/models/aws_robomaker_residential_FitnessEquipment_01/materials/textures\n'}
[1.686717] (trover_description) StdoutLine: {'line': b'-- Up-to-date: /home/elizabeth/MREN203_Trover/install/trover_description/share/trover_description/worlds/models/aws_robomaker_residential_FitnessEquipment_01/materials/textures/aws_FitnessEquipment_01.png\n'}
[1.687269] (trover_description) StdoutLine: {'line': b'-- Up-to-date: /home/elizabeth/MREN203_Trover/install/trover_description/share/trover_description/worlds/models/aws_robomaker_residential_FitnessEquipment_01/model.config\n'}
[1.687429] (trover_description) StdoutLine: {'line': b'-- Up-to-date: /home/elizabeth/MREN203_Trover/install/trover_description/share/trover_description/worlds/models/aws_robomaker_residential_FitnessEquipment_01/meshes\n'}
[1.687771] (trover_description) StdoutLine: {'line': b'-- Up-to-date: /home/elizabeth/MREN203_Trover/install/trover_description/share/trover_description/worlds/models/aws_robomaker_residential_FitnessEquipment_01/meshes/aws_FitnessEquipment_01_visual.DAE\n'}
[1.688132] (trover_description) StdoutLine: {'line': b'-- Up-to-date: /home/elizabeth/MREN203_Trover/install/trover_description/share/trover_description/worlds/models/aws_robomaker_residential_FitnessEquipment_01/meshes/aws_FitnessEquipment_01_collision.DAE\n'}
[1.688751] (trover_description) StdoutLine: {'line': b'-- Up-to-date: /home/elizabeth/MREN203_Trover/install/trover_description/share/trover_description/worlds/models/aws_robomaker_residential_KitchenCabinet_01\n'}
[1.689185] (trover_description) StdoutLine: {'line': b'-- Up-to-date: /home/elizabeth/MREN203_Trover/install/trover_description/share/trover_description/worlds/models/aws_robomaker_residential_KitchenCabinet_01/model.sdf\n'}
[1.689665] (trover_description) StdoutLine: {'line': b'-- Up-to-date: /home/elizabeth/MREN203_Trover/install/trover_description/share/trover_description/worlds/models/aws_robomaker_residential_KitchenCabinet_01/materials\n'}
[1.689976] (trover_description) StdoutLine: {'line': b'-- Up-to-date: /home/elizabeth/MREN203_Trover/install/trover_description/share/trover_description/worlds/models/aws_robomaker_residential_KitchenCabinet_01/materials/textures\n'}
[1.690715] (trover_description) StdoutLine: {'line': b'-- Up-to-date: /home/elizabeth/MREN203_Trover/install/trover_description/share/trover_description/worlds/models/aws_robomaker_residential_KitchenCabinet_01/materials/textures/aws_KitchenCabinet_01.png\n'}
[1.691173] (trover_description) StdoutLine: {'line': b'-- Up-to-date: /home/elizabeth/MREN203_Trover/install/trover_description/share/trover_description/worlds/models/aws_robomaker_residential_KitchenCabinet_01/model.config\n'}
[1.691773] (trover_description) StdoutLine: {'line': b'-- Up-to-date: /home/elizabeth/MREN203_Trover/install/trover_description/share/trover_description/worlds/models/aws_robomaker_residential_KitchenCabinet_01/meshes\n'}
[1.692218] (trover_description) StdoutLine: {'line': b'-- Up-to-date: /home/elizabeth/MREN203_Trover/install/trover_description/share/trover_description/worlds/models/aws_robomaker_residential_KitchenCabinet_01/meshes/aws_KitchenCabinet_01_visual.DAE\n'}
[1.692831] (trover_description) StdoutLine: {'line': b'-- Up-to-date: /home/elizabeth/MREN203_Trover/install/trover_description/share/trover_description/worlds/models/aws_robomaker_residential_KitchenCabinet_01/meshes/aws_KitchenCabinet_01_collision.DAE\n'}
[1.693454] (trover_description) StdoutLine: {'line': b'-- Up-to-date: /home/elizabeth/MREN203_Trover/install/trover_description/share/trover_description/worlds/models/aws_robomaker_residential_NightStand_01\n'}
[1.693767] (trover_description) StdoutLine: {'line': b'-- Up-to-date: /home/elizabeth/MREN203_Trover/install/trover_description/share/trover_description/worlds/models/aws_robomaker_residential_NightStand_01/model.sdf\n'}
[1.694169] (trover_description) StdoutLine: {'line': b'-- Up-to-date: /home/elizabeth/MREN203_Trover/install/trover_description/share/trover_description/worlds/models/aws_robomaker_residential_NightStand_01/materials\n'}
[1.695016] (trover_description) StdoutLine: {'line': b'-- Up-to-date: /home/elizabeth/MREN203_Trover/install/trover_description/share/trover_description/worlds/models/aws_robomaker_residential_NightStand_01/materials/textures\n'}
[1.695330] (trover_description) StdoutLine: {'line': b'-- Up-to-date: /home/elizabeth/MREN203_Trover/install/trover_description/share/trover_description/worlds/models/aws_robomaker_residential_NightStand_01/materials/textures/aws_NightStand_01.png\n'}
[1.695767] (trover_description) StdoutLine: {'line': b'-- Up-to-date: /home/elizabeth/MREN203_Trover/install/trover_description/share/trover_description/worlds/models/aws_robomaker_residential_NightStand_01/model.config\n'}
[1.696115] (trover_description) StdoutLine: {'line': b'-- Up-to-date: /home/elizabeth/MREN203_Trover/install/trover_description/share/trover_description/worlds/models/aws_robomaker_residential_NightStand_01/meshes\n'}
[1.696645] (trover_description) StdoutLine: {'line': b'-- Up-to-date: /home/elizabeth/MREN203_Trover/install/trover_description/share/trover_description/worlds/models/aws_robomaker_residential_NightStand_01/meshes/aws_NightStand_01_visual.DAE\n'}
[1.697393] (trover_description) StdoutLine: {'line': b'-- Up-to-date: /home/elizabeth/MREN203_Trover/install/trover_description/share/trover_description/worlds/models/aws_robomaker_residential_NightStand_01/meshes/aws_NightStand_01_collision.DAE\n'}
[1.698558] (trover_description) StdoutLine: {'line': b'-- Up-to-date: /home/elizabeth/MREN203_Trover/install/trover_description/share/trover_description/worlds/models/aws_robomaker_residential_PortraitC_01\n'}
[1.698877] (trover_description) StdoutLine: {'line': b'-- Up-to-date: /home/elizabeth/MREN203_Trover/install/trover_description/share/trover_description/worlds/models/aws_robomaker_residential_PortraitC_01/model.sdf\n'}
[1.699678] (trover_description) StdoutLine: {'line': b'-- Up-to-date: /home/elizabeth/MREN203_Trover/install/trover_description/share/trover_description/worlds/models/aws_robomaker_residential_PortraitC_01/materials\n'}
[1.699898] (trover_description) StdoutLine: {'line': b'-- Up-to-date: /home/elizabeth/MREN203_Trover/install/trover_description/share/trover_description/worlds/models/aws_robomaker_residential_PortraitC_01/materials/textures\n'}
[1.700381] (trover_description) StdoutLine: {'line': b'-- Up-to-date: /home/elizabeth/MREN203_Trover/install/trover_description/share/trover_description/worlds/models/aws_robomaker_residential_PortraitC_01/materials/textures/aws_PortraitC_02.png\n'}
[1.700781] (trover_description) StdoutLine: {'line': b'-- Up-to-date: /home/elizabeth/MREN203_Trover/install/trover_description/share/trover_description/worlds/models/aws_robomaker_residential_PortraitC_01/materials/textures/aws_PortraitC_01.png\n'}
[1.701255] (trover_description) StdoutLine: {'line': b'-- Up-to-date: /home/elizabeth/MREN203_Trover/install/trover_description/share/trover_description/worlds/models/aws_robomaker_residential_PortraitC_01/materials/textures/PortraitC_01.jpg\n'}
[1.701716] (trover_description) StdoutLine: {'line': b'-- Up-to-date: /home/elizabeth/MREN203_Trover/install/trover_description/share/trover_description/worlds/models/aws_robomaker_residential_PortraitC_01/model.config\n'}
[1.702152] (trover_description) StdoutLine: {'line': b'-- Up-to-date: /home/elizabeth/MREN203_Trover/install/trover_description/share/trover_description/worlds/models/aws_robomaker_residential_PortraitC_01/meshes\n'}
[1.702761] (trover_description) StdoutLine: {'line': b'-- Up-to-date: /home/elizabeth/MREN203_Trover/install/trover_description/share/trover_description/worlds/models/aws_robomaker_residential_PortraitC_01/meshes/aws_PortraitC_01_collision.DAE\n'}
[1.703376] (trover_description) StdoutLine: {'line': b'-- Up-to-date: /home/elizabeth/MREN203_Trover/install/trover_description/share/trover_description/worlds/models/aws_robomaker_residential_PortraitC_01/meshes/aws_PortraitC_01_visual.DAE\n'}
[1.715905] (trover_description) StdoutLine: {'line': b'-- Up-to-date: /home/elizabeth/MREN203_Trover/install/trover_description/share/trover_description/worlds/models/aws_robomaker_residential_PortraitA_01\n'}
[1.716258] (trover_description) StdoutLine: {'line': b'-- Up-to-date: /home/elizabeth/MREN203_Trover/install/trover_description/share/trover_description/worlds/models/aws_robomaker_residential_PortraitA_01/model.sdf\n'}
[1.716468] (trover_description) StdoutLine: {'line': b'-- Up-to-date: /home/elizabeth/MREN203_Trover/install/trover_description/share/trover_description/worlds/models/aws_robomaker_residential_PortraitA_01/materials\n'}
[1.716601] (trover_description) StdoutLine: {'line': b'-- Up-to-date: /home/elizabeth/MREN203_Trover/install/trover_description/share/trover_description/worlds/models/aws_robomaker_residential_PortraitA_01/materials/textures\n'}
[1.716725] (trover_description) StdoutLine: {'line': b'-- Up-to-date: /home/elizabeth/MREN203_Trover/install/trover_description/share/trover_description/worlds/models/aws_robomaker_residential_PortraitA_01/materials/textures/PortraitA_01.jpg\n'}
[1.716847] (trover_description) StdoutLine: {'line': b'-- Up-to-date: /home/elizabeth/MREN203_Trover/install/trover_description/share/trover_description/worlds/models/aws_robomaker_residential_PortraitA_01/materials/textures/aws_PortraitA_02.png\n'}
[1.716967] (trover_description) StdoutLine: {'line': b'-- Up-to-date: /home/elizabeth/MREN203_Trover/install/trover_description/share/trover_description/worlds/models/aws_robomaker_residential_PortraitA_01/materials/textures/aws_PortraitA_01.png\n'}
[1.717086] (trover_description) StdoutLine: {'line': b'-- Up-to-date: /home/elizabeth/MREN203_Trover/install/trover_description/share/trover_description/worlds/models/aws_robomaker_residential_PortraitA_01/model.config\n'}
[1.717237] (trover_description) StdoutLine: {'line': b'-- Up-to-date: /home/elizabeth/MREN203_Trover/install/trover_description/share/trover_description/worlds/models/aws_robomaker_residential_PortraitA_01/meshes\n'}
[1.717358] (trover_description) StdoutLine: {'line': b'-- Up-to-date: /home/elizabeth/MREN203_Trover/install/trover_description/share/trover_description/worlds/models/aws_robomaker_residential_PortraitA_01/meshes/aws_PortraitA_01_collision.DAE\n'}
[1.717478] (trover_description) StdoutLine: {'line': b'-- Up-to-date: /home/elizabeth/MREN203_Trover/install/trover_description/share/trover_description/worlds/models/aws_robomaker_residential_PortraitA_01/meshes/aws_PortraitA_01_visual.DAE\n'}
[1.717597] (trover_description) StdoutLine: {'line': b'-- Up-to-date: /home/elizabeth/MREN203_Trover/install/trover_description/share/trover_description/worlds/models/aws_robomaker_residential_TV_02\n'}
[1.717715] (trover_description) StdoutLine: {'line': b'-- Up-to-date: /home/elizabeth/MREN203_Trover/install/trover_description/share/trover_description/worlds/models/aws_robomaker_residential_TV_02/model.sdf\n'}
[1.717837] (trover_description) StdoutLine: {'line': b'-- Up-to-date: /home/elizabeth/MREN203_Trover/install/trover_description/share/trover_description/worlds/models/aws_robomaker_residential_TV_02/materials\n'}
[1.717957] (trover_description) StdoutLine: {'line': b'-- Up-to-date: /home/elizabeth/MREN203_Trover/install/trover_description/share/trover_description/worlds/models/aws_robomaker_residential_TV_02/materials/textures\n'}
[1.718075] (trover_description) StdoutLine: {'line': b'-- Up-to-date: /home/elizabeth/MREN203_Trover/install/trover_description/share/trover_description/worlds/models/aws_robomaker_residential_TV_02/materials/textures/aws_TV_01.png\n'}
[1.718203] (trover_description) StdoutLine: {'line': b'-- Up-to-date: /home/elizabeth/MREN203_Trover/install/trover_description/share/trover_description/worlds/models/aws_robomaker_residential_TV_02/model.config\n'}
[1.718392] (trover_description) StdoutLine: {'line': b'-- Up-to-date: /home/elizabeth/MREN203_Trover/install/trover_description/share/trover_description/worlds/models/aws_robomaker_residential_TV_02/meshes\n'}
[1.718552] (trover_description) StdoutLine: {'line': b'-- Up-to-date: /home/elizabeth/MREN203_Trover/install/trover_description/share/trover_description/worlds/models/aws_robomaker_residential_TV_02/meshes/aws_TV_01_collision.DAE\n'}
[1.718700] (trover_description) StdoutLine: {'line': b'-- Up-to-date: /home/elizabeth/MREN203_Trover/install/trover_description/share/trover_description/worlds/models/aws_robomaker_residential_TV_02/meshes/aws_TV_01_visual.DAE\n'}
[1.718821] (trover_description) StdoutLine: {'line': b'-- Up-to-date: /home/elizabeth/MREN203_Trover/install/trover_description/share/trover_description/worlds/models/aws_robomaker_residential_Wardrobe_01\n'}
[1.718940] (trover_description) StdoutLine: {'line': b'-- Up-to-date: /home/elizabeth/MREN203_Trover/install/trover_description/share/trover_description/worlds/models/aws_robomaker_residential_Wardrobe_01/model.sdf\n'}
[1.719057] (trover_description) StdoutLine: {'line': b'-- Up-to-date: /home/elizabeth/MREN203_Trover/install/trover_description/share/trover_description/worlds/models/aws_robomaker_residential_Wardrobe_01/materials\n'}
[1.719178] (trover_description) StdoutLine: {'line': b'-- Up-to-date: /home/elizabeth/MREN203_Trover/install/trover_description/share/trover_description/worlds/models/aws_robomaker_residential_Wardrobe_01/materials/textures\n'}
[1.719298] (trover_description) StdoutLine: {'line': b'-- Up-to-date: /home/elizabeth/MREN203_Trover/install/trover_description/share/trover_description/worlds/models/aws_robomaker_residential_Wardrobe_01/materials/textures/aws_Wardrobe_01.png\n'}
[1.719448] (trover_description) StdoutLine: {'line': b'-- Up-to-date: /home/elizabeth/MREN203_Trover/install/trover_description/share/trover_description/worlds/models/aws_robomaker_residential_Wardrobe_01/model.config\n'}
[1.719570] (trover_description) StdoutLine: {'line': b'-- Up-to-date: /home/elizabeth/MREN203_Trover/install/trover_description/share/trover_description/worlds/models/aws_robomaker_residential_Wardrobe_01/meshes\n'}
[1.719690] (trover_description) StdoutLine: {'line': b'-- Up-to-date: /home/elizabeth/MREN203_Trover/install/trover_description/share/trover_description/worlds/models/aws_robomaker_residential_Wardrobe_01/meshes/aws_Wardrobe_01_visual.DAE\n'}
[1.719813] (trover_description) StdoutLine: {'line': b'-- Up-to-date: /home/elizabeth/MREN203_Trover/install/trover_description/share/trover_description/worlds/models/aws_robomaker_residential_Wardrobe_01/meshes/aws_Wardrobe_01_collision.DAE\n'}
[1.719934] (trover_description) StdoutLine: {'line': b'-- Up-to-date: /home/elizabeth/MREN203_Trover/install/trover_description/share/trover_description/worlds/models/aws_robomaker_residential_PortraitB_03\n'}
[1.720053] (trover_description) StdoutLine: {'line': b'-- Up-to-date: /home/elizabeth/MREN203_Trover/install/trover_description/share/trover_description/worlds/models/aws_robomaker_residential_PortraitB_03/model.sdf\n'}
[1.720196] (trover_description) StdoutLine: {'line': b'-- Up-to-date: /home/elizabeth/MREN203_Trover/install/trover_description/share/trover_description/worlds/models/aws_robomaker_residential_PortraitB_03/materials\n'}
[1.720318] (trover_description) StdoutLine: {'line': b'-- Up-to-date: /home/elizabeth/MREN203_Trover/install/trover_description/share/trover_description/worlds/models/aws_robomaker_residential_PortraitB_03/materials/textures\n'}
[1.720534] (trover_description) StdoutLine: {'line': b'-- Up-to-date: /home/elizabeth/MREN203_Trover/install/trover_description/share/trover_description/worlds/models/aws_robomaker_residential_PortraitB_03/materials/textures/aws_PortraitB_01.png\n'}
[1.720666] (trover_description) StdoutLine: {'line': b'-- Up-to-date: /home/elizabeth/MREN203_Trover/install/trover_description/share/trover_description/worlds/models/aws_robomaker_residential_PortraitB_03/materials/textures/PortraitB_03.jpg\n'}
[1.720789] (trover_description) StdoutLine: {'line': b'-- Up-to-date: /home/elizabeth/MREN203_Trover/install/trover_description/share/trover_description/worlds/models/aws_robomaker_residential_PortraitB_03/materials/textures/aws_PortraitB_02.png\n'}
[1.720910] (trover_description) StdoutLine: {'line': b'-- Up-to-date: /home/elizabeth/MREN203_Trover/install/trover_description/share/trover_description/worlds/models/aws_robomaker_residential_PortraitB_03/model.config\n'}
[1.721051] (trover_description) StdoutLine: {'line': b'-- Up-to-date: /home/elizabeth/MREN203_Trover/install/trover_description/share/trover_description/worlds/models/aws_robomaker_residential_PortraitB_03/meshes\n'}
[1.721178] (trover_description) StdoutLine: {'line': b'-- Up-to-date: /home/elizabeth/MREN203_Trover/install/trover_description/share/trover_description/worlds/models/aws_robomaker_residential_PortraitB_03/meshes/aws_PortraitB_01_collision.DAE\n'}
[1.721297] (trover_description) StdoutLine: {'line': b'-- Up-to-date: /home/elizabeth/MREN203_Trover/install/trover_description/share/trover_description/worlds/models/aws_robomaker_residential_PortraitB_03/meshes/aws_PortraitB_01_visual.DAE\n'}
[1.721415] (trover_description) StdoutLine: {'line': b'-- Up-to-date: /home/elizabeth/MREN203_Trover/install/trover_description/share/trover_description/worlds/models/aws_robomaker_residential_FoldingDoor_02\n'}
[1.721534] (trover_description) StdoutLine: {'line': b'-- Up-to-date: /home/elizabeth/MREN203_Trover/install/trover_description/share/trover_description/worlds/models/aws_robomaker_residential_FoldingDoor_02/model.sdf\n'}
[1.721655] (trover_description) StdoutLine: {'line': b'-- Up-to-date: /home/elizabeth/MREN203_Trover/install/trover_description/share/trover_description/worlds/models/aws_robomaker_residential_FoldingDoor_02/materials\n'}
[1.721775] (trover_description) StdoutLine: {'line': b'-- Up-to-date: /home/elizabeth/MREN203_Trover/install/trover_description/share/trover_description/worlds/models/aws_robomaker_residential_FoldingDoor_02/materials/textures\n'}
[1.721899] (trover_description) StdoutLine: {'line': b'-- Up-to-date: /home/elizabeth/MREN203_Trover/install/trover_description/share/trover_description/worlds/models/aws_robomaker_residential_FoldingDoor_02/materials/textures/aws_FoldingDoor_02.png\n'}
[1.722020] (trover_description) StdoutLine: {'line': b'-- Up-to-date: /home/elizabeth/MREN203_Trover/install/trover_description/share/trover_description/worlds/models/aws_robomaker_residential_FoldingDoor_02/model.config\n'}
[1.722139] (trover_description) StdoutLine: {'line': b'-- Up-to-date: /home/elizabeth/MREN203_Trover/install/trover_description/share/trover_description/worlds/models/aws_robomaker_residential_FoldingDoor_02/meshes\n'}
[1.722258] (trover_description) StdoutLine: {'line': b'-- Up-to-date: /home/elizabeth/MREN203_Trover/install/trover_description/share/trover_description/worlds/models/aws_robomaker_residential_FoldingDoor_02/meshes/aws_FoldingDoor_02_collision.DAE\n'}
[1.722442] (trover_description) StdoutLine: {'line': b'-- Up-to-date: /home/elizabeth/MREN203_Trover/install/trover_description/share/trover_description/worlds/models/aws_robomaker_residential_FoldingDoor_02/meshes/aws_FoldingDoor_02_visual.DAE\n'}
[1.722638] (trover_description) StdoutLine: {'line': b'-- Up-to-date: /home/elizabeth/MREN203_Trover/install/trover_description/share/trover_description/worlds/models/aws_robomaker_residential_PortraitB_01\n'}
[1.722765] (trover_description) StdoutLine: {'line': b'-- Up-to-date: /home/elizabeth/MREN203_Trover/install/trover_description/share/trover_description/worlds/models/aws_robomaker_residential_PortraitB_01/model.sdf\n'}
[1.722885] (trover_description) StdoutLine: {'line': b'-- Up-to-date: /home/elizabeth/MREN203_Trover/install/trover_description/share/trover_description/worlds/models/aws_robomaker_residential_PortraitB_01/materials\n'}
[1.729985] (trover_description) StdoutLine: {'line': b'-- Up-to-date: /home/elizabeth/MREN203_Trover/install/trover_description/share/trover_description/worlds/models/aws_robomaker_residential_PortraitB_01/materials/textures\n'}
[1.730283] (trover_description) StdoutLine: {'line': b'-- Up-to-date: /home/elizabeth/MREN203_Trover/install/trover_description/share/trover_description/worlds/models/aws_robomaker_residential_PortraitB_01/materials/textures/aws_PortraitB_01.png\n'}
[1.730438] (trover_description) StdoutLine: {'line': b'-- Up-to-date: /home/elizabeth/MREN203_Trover/install/trover_description/share/trover_description/worlds/models/aws_robomaker_residential_PortraitB_01/materials/textures/PortraitB_01.jpg\n'}
[1.730709] (trover_description) StdoutLine: {'line': b'-- Up-to-date: /home/elizabeth/MREN203_Trover/install/trover_description/share/trover_description/worlds/models/aws_robomaker_residential_PortraitB_01/materials/textures/aws_PortraitB_02.png\n'}
[1.730817] (trover_description) StdoutLine: {'line': b'-- Up-to-date: /home/elizabeth/MREN203_Trover/install/trover_description/share/trover_description/worlds/models/aws_robomaker_residential_PortraitB_01/model.config\n'}
[1.730908] (trover_description) StdoutLine: {'line': b'-- Up-to-date: /home/elizabeth/MREN203_Trover/install/trover_description/share/trover_description/worlds/models/aws_robomaker_residential_PortraitB_01/meshes\n'}
[1.731007] (trover_description) StdoutLine: {'line': b'-- Up-to-date: /home/elizabeth/MREN203_Trover/install/trover_description/share/trover_description/worlds/models/aws_robomaker_residential_PortraitB_01/meshes/aws_PortraitB_01_collision.DAE\n'}
[1.731147] (trover_description) StdoutLine: {'line': b'-- Up-to-date: /home/elizabeth/MREN203_Trover/install/trover_description/share/trover_description/worlds/models/aws_robomaker_residential_PortraitB_01/meshes/aws_PortraitB_01_visual.DAE\n'}
[1.731458] (trover_description) StdoutLine: {'line': b'-- Up-to-date: /home/elizabeth/MREN203_Trover/install/trover_description/share/trover_description/worlds/models/aws_robomaker_residential_Tableware_01\n'}
[1.731629] (trover_description) StdoutLine: {'line': b'-- Up-to-date: /home/elizabeth/MREN203_Trover/install/trover_description/share/trover_description/worlds/models/aws_robomaker_residential_Tableware_01/model.sdf\n'}
[1.731785] (trover_description) StdoutLine: {'line': b'-- Up-to-date: /home/elizabeth/MREN203_Trover/install/trover_description/share/trover_description/worlds/models/aws_robomaker_residential_Tableware_01/materials\n'}
[1.731949] (trover_description) StdoutLine: {'line': b'-- Up-to-date: /home/elizabeth/MREN203_Trover/install/trover_description/share/trover_description/worlds/models/aws_robomaker_residential_Tableware_01/materials/textures\n'}
[1.732112] (trover_description) StdoutLine: {'line': b'-- Up-to-date: /home/elizabeth/MREN203_Trover/install/trover_description/share/trover_description/worlds/models/aws_robomaker_residential_Tableware_01/materials/textures/aws_Tableware_01.png\n'}
[1.732285] (trover_description) StdoutLine: {'line': b'-- Up-to-date: /home/elizabeth/MREN203_Trover/install/trover_description/share/trover_description/worlds/models/aws_robomaker_residential_Tableware_01/model.config\n'}
[1.732448] (trover_description) StdoutLine: {'line': b'-- Up-to-date: /home/elizabeth/MREN203_Trover/install/trover_description/share/trover_description/worlds/models/aws_robomaker_residential_Tableware_01/meshes\n'}
[1.732623] (trover_description) StdoutLine: {'line': b'-- Up-to-date: /home/elizabeth/MREN203_Trover/install/trover_description/share/trover_description/worlds/models/aws_robomaker_residential_Tableware_01/meshes/aws_Tableware_01_visual.DAE\n'}
[1.732781] (trover_description) StdoutLine: {'line': b'-- Up-to-date: /home/elizabeth/MREN203_Trover/install/trover_description/share/trover_description/worlds/models/aws_robomaker_residential_Tableware_01/meshes/aws_Tableware_01_collision.DAE\n'}
[1.732903] (trover_description) StdoutLine: {'line': b'-- Up-to-date: /home/elizabeth/MREN203_Trover/install/trover_description/share/trover_description/worlds/models/aws_robomaker_residential_PortraitB_02\n'}
[1.732992] (trover_description) StdoutLine: {'line': b'-- Up-to-date: /home/elizabeth/MREN203_Trover/install/trover_description/share/trover_description/worlds/models/aws_robomaker_residential_PortraitB_02/model.sdf\n'}
[1.733070] (trover_description) StdoutLine: {'line': b'-- Up-to-date: /home/elizabeth/MREN203_Trover/install/trover_description/share/trover_description/worlds/models/aws_robomaker_residential_PortraitB_02/materials\n'}
[1.733311] (trover_description) StdoutLine: {'line': b'-- Up-to-date: /home/elizabeth/MREN203_Trover/install/trover_description/share/trover_description/worlds/models/aws_robomaker_residential_PortraitB_02/materials/textures\n'}
[1.733416] (trover_description) StdoutLine: {'line': b'-- Up-to-date: /home/elizabeth/MREN203_Trover/install/trover_description/share/trover_description/worlds/models/aws_robomaker_residential_PortraitB_02/materials/textures/aws_PortraitB_01.png\n'}
[1.733494] (trover_description) StdoutLine: {'line': b'-- Up-to-date: /home/elizabeth/MREN203_Trover/install/trover_description/share/trover_description/worlds/models/aws_robomaker_residential_PortraitB_02/materials/textures/PortraitB_02.jpg\n'}
[1.733569] (trover_description) StdoutLine: {'line': b'-- Up-to-date: /home/elizabeth/MREN203_Trover/install/trover_description/share/trover_description/worlds/models/aws_robomaker_residential_PortraitB_02/materials/textures/aws_PortraitB_02.png\n'}
[1.733651] (trover_description) StdoutLine: {'line': b'-- Up-to-date: /home/elizabeth/MREN203_Trover/install/trover_description/share/trover_description/worlds/models/aws_robomaker_residential_PortraitB_02/model.config\n'}
[1.733725] (trover_description) StdoutLine: {'line': b'-- Up-to-date: /home/elizabeth/MREN203_Trover/install/trover_description/share/trover_description/worlds/models/aws_robomaker_residential_PortraitB_02/meshes\n'}
[1.733798] (trover_description) StdoutLine: {'line': b'-- Up-to-date: /home/elizabeth/MREN203_Trover/install/trover_description/share/trover_description/worlds/models/aws_robomaker_residential_PortraitB_02/meshes/aws_PortraitB_01_collision.DAE\n'}
[1.733871] (trover_description) StdoutLine: {'line': b'-- Up-to-date: /home/elizabeth/MREN203_Trover/install/trover_description/share/trover_description/worlds/models/aws_robomaker_residential_PortraitB_02/meshes/aws_PortraitB_01_visual.DAE\n'}
[1.733958] (trover_description) StdoutLine: {'line': b'-- Up-to-date: /home/elizabeth/MREN203_Trover/install/trover_description/share/trover_description/worlds/models/aws_robomaker_residential_Dumbbell_01\n'}
[1.734044] (trover_description) StdoutLine: {'line': b'-- Up-to-date: /home/elizabeth/MREN203_Trover/install/trover_description/share/trover_description/worlds/models/aws_robomaker_residential_Dumbbell_01/model.sdf\n'}
[1.734136] (trover_description) StdoutLine: {'line': b'-- Up-to-date: /home/elizabeth/MREN203_Trover/install/trover_description/share/trover_description/worlds/models/aws_robomaker_residential_Dumbbell_01/materials\n'}
[1.734222] (trover_description) StdoutLine: {'line': b'-- Up-to-date: /home/elizabeth/MREN203_Trover/install/trover_description/share/trover_description/worlds/models/aws_robomaker_residential_Dumbbell_01/materials/textures\n'}
[1.734304] (trover_description) StdoutLine: {'line': b'-- Up-to-date: /home/elizabeth/MREN203_Trover/install/trover_description/share/trover_description/worlds/models/aws_robomaker_residential_Dumbbell_01/materials/textures/aws_Dumbbell_01.png\n'}
[1.734387] (trover_description) StdoutLine: {'line': b'-- Up-to-date: /home/elizabeth/MREN203_Trover/install/trover_description/share/trover_description/worlds/models/aws_robomaker_residential_Dumbbell_01/model.config\n'}
[1.734470] (trover_description) StdoutLine: {'line': b'-- Up-to-date: /home/elizabeth/MREN203_Trover/install/trover_description/share/trover_description/worlds/models/aws_robomaker_residential_Dumbbell_01/meshes\n'}
[1.734553] (trover_description) StdoutLine: {'line': b'-- Up-to-date: /home/elizabeth/MREN203_Trover/install/trover_description/share/trover_description/worlds/models/aws_robomaker_residential_Dumbbell_01/meshes/aws_Dumbbell_01_collision.DAE\n'}
[1.734637] (trover_description) StdoutLine: {'line': b'-- Up-to-date: /home/elizabeth/MREN203_Trover/install/trover_description/share/trover_description/worlds/models/aws_robomaker_residential_Dumbbell_01/meshes/aws_Dumbbell_01_visual.DAE\n'}
[1.734721] (trover_description) StdoutLine: {'line': b'-- Up-to-date: /home/elizabeth/MREN203_Trover/install/trover_description/share/trover_description/worlds/models/aws_robomaker_residential_DeskPortraitB_01\n'}
[1.734909] (trover_description) StdoutLine: {'line': b'-- Up-to-date: /home/elizabeth/MREN203_Trover/install/trover_description/share/trover_description/worlds/models/aws_robomaker_residential_DeskPortraitB_01/model.sdf\n'}
[1.735002] (trover_description) StdoutLine: {'line': b'-- Up-to-date: /home/elizabeth/MREN203_Trover/install/trover_description/share/trover_description/worlds/models/aws_robomaker_residential_DeskPortraitB_01/materials\n'}
[1.735092] (trover_description) StdoutLine: {'line': b'-- Up-to-date: /home/elizabeth/MREN203_Trover/install/trover_description/share/trover_description/worlds/models/aws_robomaker_residential_DeskPortraitB_01/materials/textures\n'}
[1.739896] (trover_description) StdoutLine: {'line': b'-- Up-to-date: /home/elizabeth/MREN203_Trover/install/trover_description/share/trover_description/worlds/models/aws_robomaker_residential_DeskPortraitB_01/materials/textures/DeskPortraitB_01.jpg\n'}
[1.740165] (trover_description) StdoutLine: {'line': b'-- Up-to-date: /home/elizabeth/MREN203_Trover/install/trover_description/share/trover_description/worlds/models/aws_robomaker_residential_DeskPortraitB_01/materials/textures/aws_DeskPortraitB_02.png\n'}
[1.740268] (trover_description) StdoutLine: {'line': b'-- Up-to-date: /home/elizabeth/MREN203_Trover/install/trover_description/share/trover_description/worlds/models/aws_robomaker_residential_DeskPortraitB_01/materials/textures/aws_DeskPortraitB_01.png\n'}
[1.740389] (trover_description) StdoutLine: {'line': b'-- Up-to-date: /home/elizabeth/MREN203_Trover/install/trover_description/share/trover_description/worlds/models/aws_robomaker_residential_DeskPortraitB_01/model.config\n'}
[1.740482] (trover_description) StdoutLine: {'line': b'-- Up-to-date: /home/elizabeth/MREN203_Trover/install/trover_description/share/trover_description/worlds/models/aws_robomaker_residential_DeskPortraitB_01/meshes\n'}
[1.740572] (trover_description) StdoutLine: {'line': b'-- Up-to-date: /home/elizabeth/MREN203_Trover/install/trover_description/share/trover_description/worlds/models/aws_robomaker_residential_DeskPortraitB_01/meshes/aws_DeskPortraitB_01_visual.DAE\n'}
[1.740671] (trover_description) StdoutLine: {'line': b'-- Up-to-date: /home/elizabeth/MREN203_Trover/install/trover_description/share/trover_description/worlds/models/aws_robomaker_residential_DeskPortraitB_01/meshes/aws_DeskPortraitB_01_collision.DAE\n'}
[1.740760] (trover_description) StdoutLine: {'line': b'-- Up-to-date: /home/elizabeth/MREN203_Trover/install/trover_description/share/trover_description/worlds/docs\n'}
[1.740937] (trover_description) StdoutLine: {'line': b'-- Up-to-date: /home/elizabeth/MREN203_Trover/install/trover_description/share/trover_description/worlds/docs/images\n'}
[1.741123] (trover_description) StdoutLine: {'line': b'-- Up-to-date: /home/elizabeth/MREN203_Trover/install/trover_description/share/trover_description/worlds/docs/images/nav_path_rviz_gazebo.png\n'}
[1.741262] (trover_description) StdoutLine: {'line': b'-- Up-to-date: /home/elizabeth/MREN203_Trover/install/trover_description/share/trover_description/worlds/docs/images/gazebo_01.png\n'}
[1.741373] (trover_description) StdoutLine: {'line': b'-- Up-to-date: /home/elizabeth/MREN203_Trover/install/trover_description/share/trover_description/worlds/docs/images/gzweb_aws_house.png\n'}
[1.741461] (trover_description) StdoutLine: {'line': b'-- Up-to-date: /home/elizabeth/MREN203_Trover/install/trover_description/share/trover_description/worlds/package.xml\n'}
[1.741548] (trover_description) StdoutLine: {'line': b'-- Up-to-date: /home/elizabeth/MREN203_Trover/install/trover_description/share/trover_description/worlds/LICENSE\n'}
[1.741636] (trover_description) StdoutLine: {'line': b'-- Up-to-date: /home/elizabeth/MREN203_Trover/install/trover_description/share/trover_description/worlds/routes\n'}
[1.741722] (trover_description) StdoutLine: {'line': b'-- Up-to-date: /home/elizabeth/MREN203_Trover/install/trover_description/share/trover_description/worlds/routes/route.yaml\n'}
[1.741834] (trover_description) StdoutLine: {'line': b'-- Up-to-date: /home/elizabeth/MREN203_Trover/install/trover_description/share/ament_index/resource_index/package_run_dependencies/trover_description\n'}
[1.741936] (trover_description) StdoutLine: {'line': b'-- Up-to-date: /home/elizabeth/MREN203_Trover/install/trover_description/share/ament_index/resource_index/parent_prefix_path/trover_description\n'}
[1.742068] (trover_description) StdoutLine: {'line': b'-- Up-to-date: /home/elizabeth/MREN203_Trover/install/trover_description/share/trover_description/environment/ament_prefix_path.sh\n'}
[1.742167] (trover_description) StdoutLine: {'line': b'-- Up-to-date: /home/elizabeth/MREN203_Trover/install/trover_description/share/trover_description/environment/ament_prefix_path.dsv\n'}
[1.742255] (trover_description) StdoutLine: {'line': b'-- Up-to-date: /home/elizabeth/MREN203_Trover/install/trover_description/share/trover_description/environment/path.sh\n'}
[1.742343] (trover_description) StdoutLine: {'line': b'-- Up-to-date: /home/elizabeth/MREN203_Trover/install/trover_description/share/trover_description/environment/path.dsv\n'}
[1.743080] (trover_description) StdoutLine: {'line': b'-- Up-to-date: /home/elizabeth/MREN203_Trover/install/trover_description/share/trover_description/local_setup.bash\n'}
[1.743375] (trover_description) StdoutLine: {'line': b'-- Up-to-date: /home/elizabeth/MREN203_Trover/install/trover_description/share/trover_description/local_setup.sh\n'}
[1.744057] (trover_description) StdoutLine: {'line': b'-- Up-to-date: /home/elizabeth/MREN203_Trover/install/trover_description/share/trover_description/local_setup.zsh\n'}
[1.744683] (trover_description) StdoutLine: {'line': b'-- Up-to-date: /home/elizabeth/MREN203_Trover/install/trover_description/share/trover_description/local_setup.dsv\n'}
[1.745493] (trover_description) StdoutLine: {'line': b'-- Installing: /home/elizabeth/MREN203_Trover/install/trover_description/share/trover_description/package.dsv\n'}
[1.767686] (trover_description) StdoutLine: {'line': b'-- Up-to-date: /home/elizabeth/MREN203_Trover/install/trover_description/share/ament_index/resource_index/packages/trover_description\n'}
[1.768057] (trover_description) StdoutLine: {'line': b'-- Up-to-date: /home/elizabeth/MREN203_Trover/install/trover_description/share/trover_description/cmake/trover_descriptionConfig.cmake\n'}
[1.768314] (trover_description) StdoutLine: {'line': b'-- Up-to-date: /home/elizabeth/MREN203_Trover/install/trover_description/share/trover_description/cmake/trover_descriptionConfig-version.cmake\n'}
[1.768441] (trover_description) StdoutLine: {'line': b'-- Up-to-date: /home/elizabeth/MREN203_Trover/install/trover_description/share/trover_description/package.xml\n'}
[1.781571] (-) TimerEvent: {}
[1.798017] (trover_description) CommandEnded: {'returncode': 0}
[1.881581] (-) TimerEvent: {}
[1.992118] (-) TimerEvent: {}
[2.014975] (trover_description) JobEnded: {'identifier': 'trover_description', 'rc': 0}
[2.017339] (trover_slam) JobStarted: {'identifier': 'trover_slam'}
[2.116961] (-) TimerEvent: {}
[2.219572] (-) TimerEvent: {}
[2.322629] (-) TimerEvent: {}
[2.439802] (-) TimerEvent: {}
[2.542278] (-) TimerEvent: {}
[2.645216] (-) TimerEvent: {}
[2.748048] (-) TimerEvent: {}
[2.913538] (-) TimerEvent: {}
[3.026958] (-) TimerEvent: {}
[3.069729] (trover_navigation) Command: {'cmd': ['/usr/bin/python3', '-W', 'ignore:setup.py install is deprecated', '-W', 'ignore:easy_install command is deprecated', 'setup.py', 'egg_info', '--egg-base', '../../build/trover_navigation', 'build', '--build-base', '/home/elizabeth/MREN203_Trover/build/trover_navigation/build', 'install', '--record', '/home/elizabeth/MREN203_Trover/build/trover_navigation/install.log', '--single-version-externally-managed', 'install_data'], 'cwd': '/home/elizabeth/MREN203_Trover/src/trover_navigation', 'env': {'LESSOPEN': '| /usr/bin/lesspipe %s', 'LANGUAGE': 'en_CA:en', 'USER': 'elizabeth', 'XDG_SESSION_TYPE': 'wayland', 'SHLVL': '1', 'LD_LIBRARY_PATH': '/usr/lib/x86_64-linux-gnu/gazebo-11/plugins:/opt/ros/humble/opt/rviz_ogre_vendor/lib:/opt/ros/humble/lib/x86_64-linux-gnu:/opt/ros/humble/lib', 'HOME': '/home/elizabeth', 'DESKTOP_SESSION': 'ubuntu', 'ROS_PYTHON_VERSION': '3', 'GNOME_SHELL_SESSION_MODE': 'ubuntu', 'GTK_MODULES': 'gail:atk-bridge', 'DBUS_STARTER_BUS_TYPE': 'session', 'SYSTEMD_EXEC_PID': '1257', 'DBUS_SESSION_BUS_ADDRESS': 'unix:path=/run/user/1000/bus,guid=2dbf2237aac09be4dbc99ef269b8521b', 'COLORTERM': 'truecolor', 'IM_CONFIG_PHASE': '1', 'WAYLAND_DISPLAY': 'wayland-0', 'COLCON_PREFIX_PATH': '/home/elizabeth/MREN203_Trover/install', 'ROS_DISTRO': 'humble', 'LOGNAME': 'elizabeth', '_': '/usr/bin/colcon', 'ROS_VERSION': '2', 'XDG_SESSION_CLASS': 'user', 'USERNAME': 'elizabeth', 'TERM': 'xterm-256color', 'GNOME_DESKTOP_SESSION_ID': 'this-is-deprecated', 'ROS_LOCALHOST_ONLY': '0', 'PATH': '/opt/ros/humble/bin:/usr/local/sbin:/usr/local/bin:/usr/sbin:/usr/bin:/sbin:/bin:/usr/games:/usr/local/games:/snap/bin:/snap/bin', 'SESSION_MANAGER': 'local/elizabeth-VirtualBox:@/tmp/.ICE-unix/1257,unix/elizabeth-VirtualBox:/tmp/.ICE-unix/1257', 'XDG_MENU_PREFIX': 'gnome-', 'GNOME_TERMINAL_SCREEN': '/org/gnome/Terminal/screen/96c42cd0_fe71_470b_8b03_ebc588a4676e', 'GNOME_SETUP_DISPLAY': ':1', 'XDG_RUNTIME_DIR': '/run/user/1000', 'DISPLAY': ':0', 'LANG': 'en_US.UTF-8', 'XDG_CURRENT_DESKTOP': 'ubuntu:GNOME', 'XMODIFIERS': '@im=ibus', 'XDG_SESSION_DESKTOP': 'ubuntu', 'XAUTHORITY': '/run/user/1000/.mutter-Xwaylandauth.UHXJM3', 'LS_COLORS': 'rs=0:di=01;34:ln=01;36:mh=00:pi=40;33:so=01;35:do=01;35:bd=40;33;01:cd=40;33;01:or=40;31;01:mi=00:su=37;41:sg=30;43:ca=30;41:tw=30;42:ow=34;42:st=37;44:ex=01;32:*.tar=01;31:*.tgz=01;31:*.arc=01;31:*.arj=01;31:*.taz=01;31:*.lha=01;31:*.lz4=01;31:*.lzh=01;31:*.lzma=01;31:*.tlz=01;31:*.txz=01;31:*.tzo=01;31:*.t7z=01;31:*.zip=01;31:*.z=01;31:*.dz=01;31:*.gz=01;31:*.lrz=01;31:*.lz=01;31:*.lzo=01;31:*.xz=01;31:*.zst=01;31:*.tzst=01;31:*.bz2=01;31:*.bz=01;31:*.tbz=01;31:*.tbz2=01;31:*.tz=01;31:*.deb=01;31:*.rpm=01;31:*.jar=01;31:*.war=01;31:*.ear=01;31:*.sar=01;31:*.rar=01;31:*.alz=01;31:*.ace=01;31:*.zoo=01;31:*.cpio=01;31:*.7z=01;31:*.rz=01;31:*.cab=01;31:*.wim=01;31:*.swm=01;31:*.dwm=01;31:*.esd=01;31:*.jpg=01;35:*.jpeg=01;35:*.mjpg=01;35:*.mjpeg=01;35:*.gif=01;35:*.bmp=01;35:*.pbm=01;35:*.pgm=01;35:*.ppm=01;35:*.tga=01;35:*.xbm=01;35:*.xpm=01;35:*.tif=01;35:*.tiff=01;35:*.png=01;35:*.svg=01;35:*.svgz=01;35:*.mng=01;35:*.pcx=01;35:*.mov=01;35:*.mpg=01;35:*.mpeg=01;35:*.m2v=01;35:*.mkv=01;35:*.webm=01;35:*.webp=01;35:*.ogm=01;35:*.mp4=01;35:*.m4v=01;35:*.mp4v=01;35:*.vob=01;35:*.qt=01;35:*.nuv=01;35:*.wmv=01;35:*.asf=01;35:*.rm=01;35:*.rmvb=01;35:*.flc=01;35:*.avi=01;35:*.fli=01;35:*.flv=01;35:*.gl=01;35:*.dl=01;35:*.xcf=01;35:*.xwd=01;35:*.yuv=01;35:*.cgm=01;35:*.emf=01;35:*.ogv=01;35:*.ogx=01;35:*.aac=00;36:*.au=00;36:*.flac=00;36:*.m4a=00;36:*.mid=00;36:*.midi=00;36:*.mka=00;36:*.mp3=00;36:*.mpc=00;36:*.ogg=00;36:*.ra=00;36:*.wav=00;36:*.oga=00;36:*.opus=00;36:*.spx=00;36:*.xspf=00;36:', 'GNOME_TERMINAL_SERVICE': ':1.112', 'SSH_AGENT_LAUNCHER': 'gnome-keyring', 'SSH_AUTH_SOCK': '/run/user/1000/keyring/ssh', 'AMENT_PREFIX_PATH': '/home/elizabeth/MREN203_Trover/install/trover_bringup:/home/elizabeth/MREN203_Trover/install/trover_state_estimation:/home/elizabeth/MREN203_Trover/install/trover_slam:/home/elizabeth/MREN203_Trover/install/trover_navigation:/home/elizabeth/MREN203_Trover/install/trover_drivers:/home/elizabeth/MREN203_Trover/install/trover_description:/home/elizabeth/MREN203_Trover/install/trover_communication:/opt/ros/humble', 'SHELL': '/bin/bash', 'QT_ACCESSIBILITY': '1', 'GDMSESSION': 'ubuntu', 'LESSCLOSE': '/usr/bin/lesspipe %s %s', 'QT_IM_MODULE': 'ibus', 'PWD': '/home/elizabeth/MREN203_Trover/build/trover_navigation', 'LC_ALL': 'en_US.UTF-8', 'XDG_CONFIG_DIRS': '/etc/xdg/xdg-ubuntu:/etc/xdg', 'DBUS_STARTER_ADDRESS': 'unix:path=/run/user/1000/bus,guid=2dbf2237aac09be4dbc99ef269b8521b', 'XDG_DATA_DIRS': '/usr/share/ubuntu:/usr/local/share/:/usr/share/:/var/lib/snapd/desktop', 'PYTHONPATH': '/home/elizabeth/MREN203_Trover/build/trover_navigation/prefix_override:/usr/lib/python3/dist-packages/colcon_core/task/python/colcon_distutils_commands:/home/elizabeth/MREN203_Trover/install/trover_navigation/lib/python3.10/site-packages:/home/elizabeth/MREN203_Trover/install/trover_state_estimation/lib/python3.10/site-packages:/home/elizabeth/MREN203_Trover/install/trover_slam/lib/python3.10/site-packages:/home/elizabeth/MREN203_Trover/install/trover_navigation/lib/python3.10/site-packages:/home/elizabeth/MREN203_Trover/install/trover_communication/lib/python3.10/site-packages:/opt/ros/humble/lib/python3.10/site-packages:/opt/ros/humble/local/lib/python3.10/dist-packages', 'COLCON': '1', 'VTE_VERSION': '6800', 'CMAKE_PREFIX_PATH': '/home/elizabeth/MREN203_Trover/install/trover_bringup:/home/elizabeth/MREN203_Trover/install/trover_drivers:/home/elizabeth/MREN203_Trover/install/trover_description'}, 'shell': False}
[3.150488] (-) TimerEvent: {}
[3.561471] (trover_navigation) StdoutLine: {'line': b'running egg_info\n'}
[3.561785] (-) TimerEvent: {}
[3.562807] (trover_navigation) StdoutLine: {'line': b'writing ../../build/trover_navigation/trover_navigation.egg-info/PKG-INFO\n'}
[3.602749] (trover_navigation) StdoutLine: {'line': b'writing dependency_links to ../../build/trover_navigation/trover_navigation.egg-info/dependency_links.txt\n'}
[3.623384] (trover_navigation) StdoutLine: {'line': b'writing entry points to ../../build/trover_navigation/trover_navigation.egg-info/entry_points.txt\n'}
[3.623699] (trover_navigation) StdoutLine: {'line': b'writing requirements to ../../build/trover_navigation/trover_navigation.egg-info/requires.txt\n'}
[3.623808] (trover_navigation) StdoutLine: {'line': b'writing top-level names to ../../build/trover_navigation/trover_navigation.egg-info/top_level.txt\n'}
[3.636605] (trover_navigation) StdoutLine: {'line': b"reading manifest file '../../build/trover_navigation/trover_navigation.egg-info/SOURCES.txt'\n"}
[3.636974] (trover_navigation) StdoutLine: {'line': b"writing manifest file '../../build/trover_navigation/trover_navigation.egg-info/SOURCES.txt'\n"}
[3.637129] (trover_navigation) StdoutLine: {'line': b'running build\n'}
[3.637281] (trover_navigation) StdoutLine: {'line': b'running build_py\n'}
[3.642681] (trover_navigation) StdoutLine: {'line': b'running install\n'}
[3.644216] (trover_navigation) StdoutLine: {'line': b'running install_lib\n'}
[3.660755] (trover_navigation) StdoutLine: {'line': b'running install_data\n'}
[3.663547] (-) TimerEvent: {}
[3.670927] (trover_navigation) StdoutLine: {'line': b'running install_egg_info\n'}
[3.683143] (trover_navigation) StdoutLine: {'line': b"removing '/home/elizabeth/MREN203_Trover/install/trover_navigation/lib/python3.10/site-packages/trover_navigation-0.0.0-py3.10.egg-info' (and everything under it)\n"}
[3.697279] (trover_navigation) StdoutLine: {'line': b'Copying ../../build/trover_navigation/trover_navigation.egg-info to /home/elizabeth/MREN203_Trover/install/trover_navigation/lib/python3.10/site-packages/trover_navigation-0.0.0-py3.10.egg-info\n'}
[3.714912] (trover_navigation) StdoutLine: {'line': b'running install_scripts\n'}
[3.766730] (-) TimerEvent: {}
[3.806971] (trover_navigation) StdoutLine: {'line': b"writing list of installed files to '/home/elizabeth/MREN203_Trover/build/trover_navigation/install.log'\n"}
[3.885458] (-) TimerEvent: {}
[3.909996] (trover_navigation) CommandEnded: {'returncode': 0}
[3.975415] (trover_navigation) JobEnded: {'identifier': 'trover_navigation', 'rc': 0}
[3.985672] (trover_state_estimation) JobStarted: {'identifier': 'trover_state_estimation'}
[3.986014] (-) TimerEvent: {}
[4.469023] (-) TimerEvent: {}
[4.598238] (-) TimerEvent: {}
[4.619947] (trover_slam) Command: {'cmd': ['/usr/bin/python3', '-W', 'ignore:setup.py install is deprecated', '-W', 'ignore:easy_install command is deprecated', 'setup.py', 'egg_info', '--egg-base', '../../build/trover_slam', 'build', '--build-base', '/home/elizabeth/MREN203_Trover/build/trover_slam/build', 'install', '--record', '/home/elizabeth/MREN203_Trover/build/trover_slam/install.log', '--single-version-externally-managed', 'install_data'], 'cwd': '/home/elizabeth/MREN203_Trover/src/trover_slam', 'env': {'LESSOPEN': '| /usr/bin/lesspipe %s', 'LANGUAGE': 'en_CA:en', 'USER': 'elizabeth', 'XDG_SESSION_TYPE': 'wayland', 'SHLVL': '1', 'LD_LIBRARY_PATH': '/usr/lib/x86_64-linux-gnu/gazebo-11/plugins:/opt/ros/humble/opt/rviz_ogre_vendor/lib:/opt/ros/humble/lib/x86_64-linux-gnu:/opt/ros/humble/lib', 'HOME': '/home/elizabeth', 'DESKTOP_SESSION': 'ubuntu', 'ROS_PYTHON_VERSION': '3', 'GNOME_SHELL_SESSION_MODE': 'ubuntu', 'GTK_MODULES': 'gail:atk-bridge', 'DBUS_STARTER_BUS_TYPE': 'session', 'SYSTEMD_EXEC_PID': '1257', 'DBUS_SESSION_BUS_ADDRESS': 'unix:path=/run/user/1000/bus,guid=2dbf2237aac09be4dbc99ef269b8521b', 'COLORTERM': 'truecolor', 'IM_CONFIG_PHASE': '1', 'WAYLAND_DISPLAY': 'wayland-0', 'COLCON_PREFIX_PATH': '/home/elizabeth/MREN203_Trover/install', 'ROS_DISTRO': 'humble', 'LOGNAME': 'elizabeth', '_': '/usr/bin/colcon', 'ROS_VERSION': '2', 'XDG_SESSION_CLASS': 'user', 'USERNAME': 'elizabeth', 'TERM': 'xterm-256color', 'GNOME_DESKTOP_SESSION_ID': 'this-is-deprecated', 'ROS_LOCALHOST_ONLY': '0', 'PATH': '/opt/ros/humble/bin:/usr/local/sbin:/usr/local/bin:/usr/sbin:/usr/bin:/sbin:/bin:/usr/games:/usr/local/games:/snap/bin:/snap/bin', 'SESSION_MANAGER': 'local/elizabeth-VirtualBox:@/tmp/.ICE-unix/1257,unix/elizabeth-VirtualBox:/tmp/.ICE-unix/1257', 'XDG_MENU_PREFIX': 'gnome-', 'GNOME_TERMINAL_SCREEN': '/org/gnome/Terminal/screen/96c42cd0_fe71_470b_8b03_ebc588a4676e', 'GNOME_SETUP_DISPLAY': ':1', 'XDG_RUNTIME_DIR': '/run/user/1000', 'DISPLAY': ':0', 'LANG': 'en_US.UTF-8', 'XDG_CURRENT_DESKTOP': 'ubuntu:GNOME', 'XMODIFIERS': '@im=ibus', 'XDG_SESSION_DESKTOP': 'ubuntu', 'XAUTHORITY': '/run/user/1000/.mutter-Xwaylandauth.UHXJM3', 'LS_COLORS': 'rs=0:di=01;34:ln=01;36:mh=00:pi=40;33:so=01;35:do=01;35:bd=40;33;01:cd=40;33;01:or=40;31;01:mi=00:su=37;41:sg=30;43:ca=30;41:tw=30;42:ow=34;42:st=37;44:ex=01;32:*.tar=01;31:*.tgz=01;31:*.arc=01;31:*.arj=01;31:*.taz=01;31:*.lha=01;31:*.lz4=01;31:*.lzh=01;31:*.lzma=01;31:*.tlz=01;31:*.txz=01;31:*.tzo=01;31:*.t7z=01;31:*.zip=01;31:*.z=01;31:*.dz=01;31:*.gz=01;31:*.lrz=01;31:*.lz=01;31:*.lzo=01;31:*.xz=01;31:*.zst=01;31:*.tzst=01;31:*.bz2=01;31:*.bz=01;31:*.tbz=01;31:*.tbz2=01;31:*.tz=01;31:*.deb=01;31:*.rpm=01;31:*.jar=01;31:*.war=01;31:*.ear=01;31:*.sar=01;31:*.rar=01;31:*.alz=01;31:*.ace=01;31:*.zoo=01;31:*.cpio=01;31:*.7z=01;31:*.rz=01;31:*.cab=01;31:*.wim=01;31:*.swm=01;31:*.dwm=01;31:*.esd=01;31:*.jpg=01;35:*.jpeg=01;35:*.mjpg=01;35:*.mjpeg=01;35:*.gif=01;35:*.bmp=01;35:*.pbm=01;35:*.pgm=01;35:*.ppm=01;35:*.tga=01;35:*.xbm=01;35:*.xpm=01;35:*.tif=01;35:*.tiff=01;35:*.png=01;35:*.svg=01;35:*.svgz=01;35:*.mng=01;35:*.pcx=01;35:*.mov=01;35:*.mpg=01;35:*.mpeg=01;35:*.m2v=01;35:*.mkv=01;35:*.webm=01;35:*.webp=01;35:*.ogm=01;35:*.mp4=01;35:*.m4v=01;35:*.mp4v=01;35:*.vob=01;35:*.qt=01;35:*.nuv=01;35:*.wmv=01;35:*.asf=01;35:*.rm=01;35:*.rmvb=01;35:*.flc=01;35:*.avi=01;35:*.fli=01;35:*.flv=01;35:*.gl=01;35:*.dl=01;35:*.xcf=01;35:*.xwd=01;35:*.yuv=01;35:*.cgm=01;35:*.emf=01;35:*.ogv=01;35:*.ogx=01;35:*.aac=00;36:*.au=00;36:*.flac=00;36:*.m4a=00;36:*.mid=00;36:*.midi=00;36:*.mka=00;36:*.mp3=00;36:*.mpc=00;36:*.ogg=00;36:*.ra=00;36:*.wav=00;36:*.oga=00;36:*.opus=00;36:*.spx=00;36:*.xspf=00;36:', 'GNOME_TERMINAL_SERVICE': ':1.112', 'SSH_AGENT_LAUNCHER': 'gnome-keyring', 'SSH_AUTH_SOCK': '/run/user/1000/keyring/ssh', 'AMENT_PREFIX_PATH': '/home/elizabeth/MREN203_Trover/install/trover_bringup:/home/elizabeth/MREN203_Trover/install/trover_state_estimation:/home/elizabeth/MREN203_Trover/install/trover_slam:/home/elizabeth/MREN203_Trover/install/trover_navigation:/home/elizabeth/MREN203_Trover/install/trover_drivers:/home/elizabeth/MREN203_Trover/install/trover_description:/home/elizabeth/MREN203_Trover/install/trover_communication:/opt/ros/humble', 'SHELL': '/bin/bash', 'QT_ACCESSIBILITY': '1', 'GDMSESSION': 'ubuntu', 'LESSCLOSE': '/usr/bin/lesspipe %s %s', 'QT_IM_MODULE': 'ibus', 'PWD': '/home/elizabeth/MREN203_Trover/build/trover_slam', 'LC_ALL': 'en_US.UTF-8', 'XDG_CONFIG_DIRS': '/etc/xdg/xdg-ubuntu:/etc/xdg', 'DBUS_STARTER_ADDRESS': 'unix:path=/run/user/1000/bus,guid=2dbf2237aac09be4dbc99ef269b8521b', 'XDG_DATA_DIRS': '/usr/share/ubuntu:/usr/local/share/:/usr/share/:/var/lib/snapd/desktop', 'PYTHONPATH': '/home/elizabeth/MREN203_Trover/build/trover_slam/prefix_override:/usr/lib/python3/dist-packages/colcon_core/task/python/colcon_distutils_commands:/home/elizabeth/MREN203_Trover/install/trover_slam/lib/python3.10/site-packages:/home/elizabeth/MREN203_Trover/install/trover_state_estimation/lib/python3.10/site-packages:/home/elizabeth/MREN203_Trover/install/trover_slam/lib/python3.10/site-packages:/home/elizabeth/MREN203_Trover/install/trover_navigation/lib/python3.10/site-packages:/home/elizabeth/MREN203_Trover/install/trover_communication/lib/python3.10/site-packages:/opt/ros/humble/lib/python3.10/site-packages:/opt/ros/humble/local/lib/python3.10/dist-packages', 'COLCON': '1', 'VTE_VERSION': '6800', 'CMAKE_PREFIX_PATH': '/home/elizabeth/MREN203_Trover/install/trover_bringup:/home/elizabeth/MREN203_Trover/install/trover_drivers:/home/elizabeth/MREN203_Trover/install/trover_description'}, 'shell': False}
[4.714945] (-) TimerEvent: {}
[5.206990] (-) TimerEvent: {}
[5.210606] (trover_slam) StdoutLine: {'line': b'running egg_info\n'}
[5.215063] (trover_slam) StdoutLine: {'line': b'writing ../../build/trover_slam/trover_slam.egg-info/PKG-INFO\n'}
[5.250597] (trover_slam) StdoutLine: {'line': b'writing dependency_links to ../../build/trover_slam/trover_slam.egg-info/dependency_links.txt\n'}
[5.270577] (trover_slam) StdoutLine: {'line': b'writing entry points to ../../build/trover_slam/trover_slam.egg-info/entry_points.txt\n'}
[5.274575] (trover_slam) StdoutLine: {'line': b'writing requirements to ../../build/trover_slam/trover_slam.egg-info/requires.txt\n'}
[5.279377] (trover_slam) StdoutLine: {'line': b'writing top-level names to ../../build/trover_slam/trover_slam.egg-info/top_level.txt\n'}
[5.295701] (trover_slam) StdoutLine: {'line': b"reading manifest file '../../build/trover_slam/trover_slam.egg-info/SOURCES.txt'\n"}
[5.304610] (trover_slam) StdoutLine: {'line': b"writing manifest file '../../build/trover_slam/trover_slam.egg-info/SOURCES.txt'\n"}
[5.308575] (-) TimerEvent: {}
[5.314217] (trover_slam) StdoutLine: {'line': b'running build\n'}
[5.314806] (trover_slam) StdoutLine: {'line': b'running build_py\n'}
[5.322290] (trover_slam) StdoutLine: {'line': b'running install\n'}
[5.330763] (trover_slam) StdoutLine: {'line': b'running install_lib\n'}
[5.347576] (trover_slam) StdoutLine: {'line': b'running install_data\n'}
[5.375684] (trover_slam) StdoutLine: {'line': b'running install_egg_info\n'}
[5.375964] (trover_slam) StdoutLine: {'line': b"removing '/home/elizabeth/MREN203_Trover/install/trover_slam/lib/python3.10/site-packages/trover_slam-0.0.0-py3.10.egg-info' (and everything under it)\n"}
[5.376057] (trover_slam) StdoutLine: {'line': b'Copying ../../build/trover_slam/trover_slam.egg-info to /home/elizabeth/MREN203_Trover/install/trover_slam/lib/python3.10/site-packages/trover_slam-0.0.0-py3.10.egg-info\n'}
[5.376136] (trover_slam) StdoutLine: {'line': b'running install_scripts\n'}
[5.427109] (-) TimerEvent: {}
[5.431993] (trover_slam) StdoutLine: {'line': b"writing list of installed files to '/home/elizabeth/MREN203_Trover/build/trover_slam/install.log'\n"}
[5.504876] (trover_slam) CommandEnded: {'returncode': 0}
[5.533235] (-) TimerEvent: {}
[5.585322] (trover_slam) JobEnded: {'identifier': 'trover_slam', 'rc': 0}
[5.598906] (trover_communication) JobStarted: {'identifier': 'trover_communication'}
[5.642720] (-) TimerEvent: {}
[5.750596] (-) TimerEvent: {}
[6.118381] (-) TimerEvent: {}
[6.224466] (trover_state_estimation) Command: {'cmd': ['/usr/bin/python3', '-W', 'ignore:setup.py install is deprecated', '-W', 'ignore:easy_install command is deprecated', 'setup.py', 'egg_info', '--egg-base', '../../build/trover_state_estimation', 'build', '--build-base', '/home/elizabeth/MREN203_Trover/build/trover_state_estimation/build', 'install', '--record', '/home/elizabeth/MREN203_Trover/build/trover_state_estimation/install.log', '--single-version-externally-managed', 'install_data'], 'cwd': '/home/elizabeth/MREN203_Trover/src/trover_state_estimation', 'env': {'LESSOPEN': '| /usr/bin/lesspipe %s', 'LANGUAGE': 'en_CA:en', 'USER': 'elizabeth', 'XDG_SESSION_TYPE': 'wayland', 'SHLVL': '1', 'LD_LIBRARY_PATH': '/usr/lib/x86_64-linux-gnu/gazebo-11/plugins:/opt/ros/humble/opt/rviz_ogre_vendor/lib:/opt/ros/humble/lib/x86_64-linux-gnu:/opt/ros/humble/lib', 'HOME': '/home/elizabeth', 'DESKTOP_SESSION': 'ubuntu', 'ROS_PYTHON_VERSION': '3', 'GNOME_SHELL_SESSION_MODE': 'ubuntu', 'GTK_MODULES': 'gail:atk-bridge', 'DBUS_STARTER_BUS_TYPE': 'session', 'SYSTEMD_EXEC_PID': '1257', 'DBUS_SESSION_BUS_ADDRESS': 'unix:path=/run/user/1000/bus,guid=2dbf2237aac09be4dbc99ef269b8521b', 'COLORTERM': 'truecolor', 'IM_CONFIG_PHASE': '1', 'WAYLAND_DISPLAY': 'wayland-0', 'COLCON_PREFIX_PATH': '/home/elizabeth/MREN203_Trover/install', 'ROS_DISTRO': 'humble', 'LOGNAME': 'elizabeth', '_': '/usr/bin/colcon', 'ROS_VERSION': '2', 'XDG_SESSION_CLASS': 'user', 'USERNAME': 'elizabeth', 'TERM': 'xterm-256color', 'GNOME_DESKTOP_SESSION_ID': 'this-is-deprecated', 'ROS_LOCALHOST_ONLY': '0', 'PATH': '/opt/ros/humble/bin:/usr/local/sbin:/usr/local/bin:/usr/sbin:/usr/bin:/sbin:/bin:/usr/games:/usr/local/games:/snap/bin:/snap/bin', 'SESSION_MANAGER': 'local/elizabeth-VirtualBox:@/tmp/.ICE-unix/1257,unix/elizabeth-VirtualBox:/tmp/.ICE-unix/1257', 'XDG_MENU_PREFIX': 'gnome-', 'GNOME_TERMINAL_SCREEN': '/org/gnome/Terminal/screen/96c42cd0_fe71_470b_8b03_ebc588a4676e', 'GNOME_SETUP_DISPLAY': ':1', 'XDG_RUNTIME_DIR': '/run/user/1000', 'DISPLAY': ':0', 'LANG': 'en_US.UTF-8', 'XDG_CURRENT_DESKTOP': 'ubuntu:GNOME', 'XMODIFIERS': '@im=ibus', 'XDG_SESSION_DESKTOP': 'ubuntu', 'XAUTHORITY': '/run/user/1000/.mutter-Xwaylandauth.UHXJM3', 'LS_COLORS': 'rs=0:di=01;34:ln=01;36:mh=00:pi=40;33:so=01;35:do=01;35:bd=40;33;01:cd=40;33;01:or=40;31;01:mi=00:su=37;41:sg=30;43:ca=30;41:tw=30;42:ow=34;42:st=37;44:ex=01;32:*.tar=01;31:*.tgz=01;31:*.arc=01;31:*.arj=01;31:*.taz=01;31:*.lha=01;31:*.lz4=01;31:*.lzh=01;31:*.lzma=01;31:*.tlz=01;31:*.txz=01;31:*.tzo=01;31:*.t7z=01;31:*.zip=01;31:*.z=01;31:*.dz=01;31:*.gz=01;31:*.lrz=01;31:*.lz=01;31:*.lzo=01;31:*.xz=01;31:*.zst=01;31:*.tzst=01;31:*.bz2=01;31:*.bz=01;31:*.tbz=01;31:*.tbz2=01;31:*.tz=01;31:*.deb=01;31:*.rpm=01;31:*.jar=01;31:*.war=01;31:*.ear=01;31:*.sar=01;31:*.rar=01;31:*.alz=01;31:*.ace=01;31:*.zoo=01;31:*.cpio=01;31:*.7z=01;31:*.rz=01;31:*.cab=01;31:*.wim=01;31:*.swm=01;31:*.dwm=01;31:*.esd=01;31:*.jpg=01;35:*.jpeg=01;35:*.mjpg=01;35:*.mjpeg=01;35:*.gif=01;35:*.bmp=01;35:*.pbm=01;35:*.pgm=01;35:*.ppm=01;35:*.tga=01;35:*.xbm=01;35:*.xpm=01;35:*.tif=01;35:*.tiff=01;35:*.png=01;35:*.svg=01;35:*.svgz=01;35:*.mng=01;35:*.pcx=01;35:*.mov=01;35:*.mpg=01;35:*.mpeg=01;35:*.m2v=01;35:*.mkv=01;35:*.webm=01;35:*.webp=01;35:*.ogm=01;35:*.mp4=01;35:*.m4v=01;35:*.mp4v=01;35:*.vob=01;35:*.qt=01;35:*.nuv=01;35:*.wmv=01;35:*.asf=01;35:*.rm=01;35:*.rmvb=01;35:*.flc=01;35:*.avi=01;35:*.fli=01;35:*.flv=01;35:*.gl=01;35:*.dl=01;35:*.xcf=01;35:*.xwd=01;35:*.yuv=01;35:*.cgm=01;35:*.emf=01;35:*.ogv=01;35:*.ogx=01;35:*.aac=00;36:*.au=00;36:*.flac=00;36:*.m4a=00;36:*.mid=00;36:*.midi=00;36:*.mka=00;36:*.mp3=00;36:*.mpc=00;36:*.ogg=00;36:*.ra=00;36:*.wav=00;36:*.oga=00;36:*.opus=00;36:*.spx=00;36:*.xspf=00;36:', 'GNOME_TERMINAL_SERVICE': ':1.112', 'SSH_AGENT_LAUNCHER': 'gnome-keyring', 'SSH_AUTH_SOCK': '/run/user/1000/keyring/ssh', 'AMENT_PREFIX_PATH': '/home/elizabeth/MREN203_Trover/install/trover_bringup:/home/elizabeth/MREN203_Trover/install/trover_state_estimation:/home/elizabeth/MREN203_Trover/install/trover_slam:/home/elizabeth/MREN203_Trover/install/trover_navigation:/home/elizabeth/MREN203_Trover/install/trover_drivers:/home/elizabeth/MREN203_Trover/install/trover_description:/home/elizabeth/MREN203_Trover/install/trover_communication:/opt/ros/humble', 'SHELL': '/bin/bash', 'QT_ACCESSIBILITY': '1', 'GDMSESSION': 'ubuntu', 'LESSCLOSE': '/usr/bin/lesspipe %s %s', 'QT_IM_MODULE': 'ibus', 'PWD': '/home/elizabeth/MREN203_Trover/build/trover_state_estimation', 'LC_ALL': 'en_US.UTF-8', 'XDG_CONFIG_DIRS': '/etc/xdg/xdg-ubuntu:/etc/xdg', 'DBUS_STARTER_ADDRESS': 'unix:path=/run/user/1000/bus,guid=2dbf2237aac09be4dbc99ef269b8521b', 'XDG_DATA_DIRS': '/usr/share/ubuntu:/usr/local/share/:/usr/share/:/var/lib/snapd/desktop', 'PYTHONPATH': '/home/elizabeth/MREN203_Trover/build/trover_state_estimation/prefix_override:/usr/lib/python3/dist-packages/colcon_core/task/python/colcon_distutils_commands:/home/elizabeth/MREN203_Trover/install/trover_state_estimation/lib/python3.10/site-packages:/home/elizabeth/MREN203_Trover/install/trover_state_estimation/lib/python3.10/site-packages:/home/elizabeth/MREN203_Trover/install/trover_slam/lib/python3.10/site-packages:/home/elizabeth/MREN203_Trover/install/trover_navigation/lib/python3.10/site-packages:/home/elizabeth/MREN203_Trover/install/trover_communication/lib/python3.10/site-packages:/opt/ros/humble/lib/python3.10/site-packages:/opt/ros/humble/local/lib/python3.10/dist-packages', 'COLCON': '1', 'VTE_VERSION': '6800', 'CMAKE_PREFIX_PATH': '/home/elizabeth/MREN203_Trover/install/trover_bringup:/home/elizabeth/MREN203_Trover/install/trover_drivers:/home/elizabeth/MREN203_Trover/install/trover_description'}, 'shell': False}
[6.277969] (-) TimerEvent: {}
[6.390376] (-) TimerEvent: {}
[6.726797] (-) TimerEvent: {}
[6.855142] (trover_state_estimation) StdoutLine: {'line': b'running egg_info\n'}
[6.855474] (-) TimerEvent: {}
[6.858116] (trover_state_estimation) StdoutLine: {'line': b'writing ../../build/trover_state_estimation/trover_state_estimation.egg-info/PKG-INFO\n'}
[6.885634] (trover_state_estimation) StdoutLine: {'line': b'writing dependency_links to ../../build/trover_state_estimation/trover_state_estimation.egg-info/dependency_links.txt\n'}
[6.895604] (trover_state_estimation) StdoutLine: {'line': b'writing entry points to ../../build/trover_state_estimation/trover_state_estimation.egg-info/entry_points.txt\n'}
[6.917544] (trover_state_estimation) StdoutLine: {'line': b'writing requirements to ../../build/trover_state_estimation/trover_state_estimation.egg-info/requires.txt\n'}
[6.926001] (trover_state_estimation) StdoutLine: {'line': b'writing top-level names to ../../build/trover_state_estimation/trover_state_estimation.egg-info/top_level.txt\n'}
[6.942715] (trover_state_estimation) StdoutLine: {'line': b"reading manifest file '../../build/trover_state_estimation/trover_state_estimation.egg-info/SOURCES.txt'\n"}
[6.942834] (trover_state_estimation) StdoutLine: {'line': b"writing manifest file '../../build/trover_state_estimation/trover_state_estimation.egg-info/SOURCES.txt'\n"}
[6.945556] (trover_state_estimation) StdoutLine: {'line': b'running build\n'}
[6.945900] (trover_state_estimation) StdoutLine: {'line': b'running build_py\n'}
[6.957181] (-) TimerEvent: {}
[7.006098] (trover_state_estimation) StdoutLine: {'line': b'running install\n'}
[7.006458] (trover_state_estimation) StdoutLine: {'line': b'running install_lib\n'}
[7.006608] (trover_state_estimation) StdoutLine: {'line': b'running install_data\n'}
[7.006743] (trover_state_estimation) StdoutLine: {'line': b'running install_egg_info\n'}
[7.007032] (trover_state_estimation) StdoutLine: {'line': b"removing '/home/elizabeth/MREN203_Trover/install/trover_state_estimation/lib/python3.10/site-packages/trover_state_estimation-0.0.0-py3.10.egg-info' (and everything under it)\n"}
[7.008767] (trover_state_estimation) StdoutLine: {'line': b'Copying ../../build/trover_state_estimation/trover_state_estimation.egg-info to /home/elizabeth/MREN203_Trover/install/trover_state_estimation/lib/python3.10/site-packages/trover_state_estimation-0.0.0-py3.10.egg-info\n'}
[7.018783] (trover_state_estimation) StdoutLine: {'line': b'running install_scripts\n'}
[7.065629] (trover_state_estimation) StdoutLine: {'line': b"writing list of installed files to '/home/elizabeth/MREN203_Trover/build/trover_state_estimation/install.log'\n"}
[7.065890] (-) TimerEvent: {}
[7.184854] (-) TimerEvent: {}
[7.189377] (trover_state_estimation) CommandEnded: {'returncode': 0}
[7.243653] (trover_state_estimation) JobEnded: {'identifier': 'trover_state_estimation', 'rc': 0}
[7.259881] (trover_drivers) JobStarted: {'identifier': 'trover_drivers'}
[7.285362] (-) TimerEvent: {}
[7.302176] (trover_drivers) JobProgress: {'identifier': 'trover_drivers', 'progress': 'cmake'}
[7.319186] (trover_drivers) JobProgress: {'identifier': 'trover_drivers', 'progress': 'build'}
[7.322414] (trover_drivers) Command: {'cmd': ['/usr/bin/cmake', '--build', '/home/elizabeth/MREN203_Trover/build/trover_drivers', '--', '-j2', '-l2'], 'cwd': '/home/elizabeth/MREN203_Trover/build/trover_drivers', 'env': OrderedDict([('LESSOPEN', '| /usr/bin/lesspipe %s'), ('LANGUAGE', 'en_CA:en'), ('USER', 'elizabeth'), ('XDG_SESSION_TYPE', 'wayland'), ('SHLVL', '1'), ('LD_LIBRARY_PATH', '/usr/lib/x86_64-linux-gnu/gazebo-11/plugins:/opt/ros/humble/opt/rviz_ogre_vendor/lib:/opt/ros/humble/lib/x86_64-linux-gnu:/opt/ros/humble/lib'), ('HOME', '/home/elizabeth'), ('DESKTOP_SESSION', 'ubuntu'), ('ROS_PYTHON_VERSION', '3'), ('GNOME_SHELL_SESSION_MODE', 'ubuntu'), ('GTK_MODULES', 'gail:atk-bridge'), ('DBUS_STARTER_BUS_TYPE', 'session'), ('SYSTEMD_EXEC_PID', '1257'), ('DBUS_SESSION_BUS_ADDRESS', 'unix:path=/run/user/1000/bus,guid=2dbf2237aac09be4dbc99ef269b8521b'), ('COLORTERM', 'truecolor'), ('IM_CONFIG_PHASE', '1'), ('WAYLAND_DISPLAY', 'wayland-0'), ('COLCON_PREFIX_PATH', '/home/elizabeth/MREN203_Trover/install'), ('ROS_DISTRO', 'humble'), ('LOGNAME', 'elizabeth'), ('_', '/usr/bin/colcon'), ('ROS_VERSION', '2'), ('XDG_SESSION_CLASS', 'user'), ('USERNAME', 'elizabeth'), ('TERM', 'xterm-256color'), ('GNOME_DESKTOP_SESSION_ID', 'this-is-deprecated'), ('ROS_LOCALHOST_ONLY', '0'), ('PATH', '/opt/ros/humble/bin:/usr/local/sbin:/usr/local/bin:/usr/sbin:/usr/bin:/sbin:/bin:/usr/games:/usr/local/games:/snap/bin:/snap/bin'), ('SESSION_MANAGER', 'local/elizabeth-VirtualBox:@/tmp/.ICE-unix/1257,unix/elizabeth-VirtualBox:/tmp/.ICE-unix/1257'), ('XDG_MENU_PREFIX', 'gnome-'), ('GNOME_TERMINAL_SCREEN', '/org/gnome/Terminal/screen/96c42cd0_fe71_470b_8b03_ebc588a4676e'), ('GNOME_SETUP_DISPLAY', ':1'), ('XDG_RUNTIME_DIR', '/run/user/1000'), ('DISPLAY', ':0'), ('LANG', 'en_US.UTF-8'), ('XDG_CURRENT_DESKTOP', 'ubuntu:GNOME'), ('XMODIFIERS', '@im=ibus'), ('XDG_SESSION_DESKTOP', 'ubuntu'), ('XAUTHORITY', '/run/user/1000/.mutter-Xwaylandauth.UHXJM3'), ('LS_COLORS', 'rs=0:di=01;34:ln=01;36:mh=00:pi=40;33:so=01;35:do=01;35:bd=40;33;01:cd=40;33;01:or=40;31;01:mi=00:su=37;41:sg=30;43:ca=30;41:tw=30;42:ow=34;42:st=37;44:ex=01;32:*.tar=01;31:*.tgz=01;31:*.arc=01;31:*.arj=01;31:*.taz=01;31:*.lha=01;31:*.lz4=01;31:*.lzh=01;31:*.lzma=01;31:*.tlz=01;31:*.txz=01;31:*.tzo=01;31:*.t7z=01;31:*.zip=01;31:*.z=01;31:*.dz=01;31:*.gz=01;31:*.lrz=01;31:*.lz=01;31:*.lzo=01;31:*.xz=01;31:*.zst=01;31:*.tzst=01;31:*.bz2=01;31:*.bz=01;31:*.tbz=01;31:*.tbz2=01;31:*.tz=01;31:*.deb=01;31:*.rpm=01;31:*.jar=01;31:*.war=01;31:*.ear=01;31:*.sar=01;31:*.rar=01;31:*.alz=01;31:*.ace=01;31:*.zoo=01;31:*.cpio=01;31:*.7z=01;31:*.rz=01;31:*.cab=01;31:*.wim=01;31:*.swm=01;31:*.dwm=01;31:*.esd=01;31:*.jpg=01;35:*.jpeg=01;35:*.mjpg=01;35:*.mjpeg=01;35:*.gif=01;35:*.bmp=01;35:*.pbm=01;35:*.pgm=01;35:*.ppm=01;35:*.tga=01;35:*.xbm=01;35:*.xpm=01;35:*.tif=01;35:*.tiff=01;35:*.png=01;35:*.svg=01;35:*.svgz=01;35:*.mng=01;35:*.pcx=01;35:*.mov=01;35:*.mpg=01;35:*.mpeg=01;35:*.m2v=01;35:*.mkv=01;35:*.webm=01;35:*.webp=01;35:*.ogm=01;35:*.mp4=01;35:*.m4v=01;35:*.mp4v=01;35:*.vob=01;35:*.qt=01;35:*.nuv=01;35:*.wmv=01;35:*.asf=01;35:*.rm=01;35:*.rmvb=01;35:*.flc=01;35:*.avi=01;35:*.fli=01;35:*.flv=01;35:*.gl=01;35:*.dl=01;35:*.xcf=01;35:*.xwd=01;35:*.yuv=01;35:*.cgm=01;35:*.emf=01;35:*.ogv=01;35:*.ogx=01;35:*.aac=00;36:*.au=00;36:*.flac=00;36:*.m4a=00;36:*.mid=00;36:*.midi=00;36:*.mka=00;36:*.mp3=00;36:*.mpc=00;36:*.ogg=00;36:*.ra=00;36:*.wav=00;36:*.oga=00;36:*.opus=00;36:*.spx=00;36:*.xspf=00;36:'), ('GNOME_TERMINAL_SERVICE', ':1.112'), ('SSH_AGENT_LAUNCHER', 'gnome-keyring'), ('SSH_AUTH_SOCK', '/run/user/1000/keyring/ssh'), ('AMENT_PREFIX_PATH', '/home/elizabeth/MREN203_Trover/install/trover_bringup:/home/elizabeth/MREN203_Trover/install/trover_state_estimation:/home/elizabeth/MREN203_Trover/install/trover_slam:/home/elizabeth/MREN203_Trover/install/trover_navigation:/home/elizabeth/MREN203_Trover/install/trover_drivers:/home/elizabeth/MREN203_Trover/install/trover_description:/home/elizabeth/MREN203_Trover/install/trover_communication:/opt/ros/humble'), ('SHELL', '/bin/bash'), ('QT_ACCESSIBILITY', '1'), ('GDMSESSION', 'ubuntu'), ('LESSCLOSE', '/usr/bin/lesspipe %s %s'), ('QT_IM_MODULE', 'ibus'), ('PWD', '/home/elizabeth/MREN203_Trover/build/trover_drivers'), ('LC_ALL', 'en_US.UTF-8'), ('XDG_CONFIG_DIRS', '/etc/xdg/xdg-ubuntu:/etc/xdg'), ('DBUS_STARTER_ADDRESS', 'unix:path=/run/user/1000/bus,guid=2dbf2237aac09be4dbc99ef269b8521b'), ('XDG_DATA_DIRS', '/usr/share/ubuntu:/usr/local/share/:/usr/share/:/var/lib/snapd/desktop'), ('PYTHONPATH', '/home/elizabeth/MREN203_Trover/install/trover_state_estimation/lib/python3.10/site-packages:/home/elizabeth/MREN203_Trover/install/trover_slam/lib/python3.10/site-packages:/home/elizabeth/MREN203_Trover/install/trover_navigation/lib/python3.10/site-packages:/home/elizabeth/MREN203_Trover/install/trover_communication/lib/python3.10/site-packages:/opt/ros/humble/lib/python3.10/site-packages:/opt/ros/humble/local/lib/python3.10/dist-packages'), ('COLCON', '1'), ('VTE_VERSION', '6800'), ('CMAKE_PREFIX_PATH', '/home/elizabeth/MREN203_Trover/install/trover_bringup:/home/elizabeth/MREN203_Trover/install/trover_drivers:/home/elizabeth/MREN203_Trover/install/trover_description:/home/elizabeth/MREN203_Trover/install/trover_state_estimation:/home/elizabeth/MREN203_Trover/install/trover_slam:/home/elizabeth/MREN203_Trover/install/trover_navigation:/home/elizabeth/MREN203_Trover/install/trover_communication:/opt/ros/humble')]), 'shell': False}
[7.359138] (trover_communication) Command: {'cmd': ['/usr/bin/python3', '-W', 'ignore:setup.py install is deprecated', '-W', 'ignore:easy_install command is deprecated', 'setup.py', 'egg_info', '--egg-base', '../../build/trover_communication', 'build', '--build-base', '/home/elizabeth/MREN203_Trover/build/trover_communication/build', 'install', '--record', '/home/elizabeth/MREN203_Trover/build/trover_communication/install.log', '--single-version-externally-managed', 'install_data'], 'cwd': '/home/elizabeth/MREN203_Trover/src/trover_communication', 'env': {'LESSOPEN': '| /usr/bin/lesspipe %s', 'LANGUAGE': 'en_CA:en', 'USER': 'elizabeth', 'XDG_SESSION_TYPE': 'wayland', 'SHLVL': '1', 'LD_LIBRARY_PATH': '/usr/lib/x86_64-linux-gnu/gazebo-11/plugins:/opt/ros/humble/opt/rviz_ogre_vendor/lib:/opt/ros/humble/lib/x86_64-linux-gnu:/opt/ros/humble/lib', 'HOME': '/home/elizabeth', 'DESKTOP_SESSION': 'ubuntu', 'ROS_PYTHON_VERSION': '3', 'GNOME_SHELL_SESSION_MODE': 'ubuntu', 'GTK_MODULES': 'gail:atk-bridge', 'DBUS_STARTER_BUS_TYPE': 'session', 'SYSTEMD_EXEC_PID': '1257', 'DBUS_SESSION_BUS_ADDRESS': 'unix:path=/run/user/1000/bus,guid=2dbf2237aac09be4dbc99ef269b8521b', 'COLORTERM': 'truecolor', 'IM_CONFIG_PHASE': '1', 'WAYLAND_DISPLAY': 'wayland-0', 'COLCON_PREFIX_PATH': '/home/elizabeth/MREN203_Trover/install', 'ROS_DISTRO': 'humble', 'LOGNAME': 'elizabeth', '_': '/usr/bin/colcon', 'ROS_VERSION': '2', 'XDG_SESSION_CLASS': 'user', 'USERNAME': 'elizabeth', 'TERM': 'xterm-256color', 'GNOME_DESKTOP_SESSION_ID': 'this-is-deprecated', 'ROS_LOCALHOST_ONLY': '0', 'PATH': '/opt/ros/humble/bin:/usr/local/sbin:/usr/local/bin:/usr/sbin:/usr/bin:/sbin:/bin:/usr/games:/usr/local/games:/snap/bin:/snap/bin', 'SESSION_MANAGER': 'local/elizabeth-VirtualBox:@/tmp/.ICE-unix/1257,unix/elizabeth-VirtualBox:/tmp/.ICE-unix/1257', 'XDG_MENU_PREFIX': 'gnome-', 'GNOME_TERMINAL_SCREEN': '/org/gnome/Terminal/screen/96c42cd0_fe71_470b_8b03_ebc588a4676e', 'GNOME_SETUP_DISPLAY': ':1', 'XDG_RUNTIME_DIR': '/run/user/1000', 'DISPLAY': ':0', 'LANG': 'en_US.UTF-8', 'XDG_CURRENT_DESKTOP': 'ubuntu:GNOME', 'XMODIFIERS': '@im=ibus', 'XDG_SESSION_DESKTOP': 'ubuntu', 'XAUTHORITY': '/run/user/1000/.mutter-Xwaylandauth.UHXJM3', 'LS_COLORS': 'rs=0:di=01;34:ln=01;36:mh=00:pi=40;33:so=01;35:do=01;35:bd=40;33;01:cd=40;33;01:or=40;31;01:mi=00:su=37;41:sg=30;43:ca=30;41:tw=30;42:ow=34;42:st=37;44:ex=01;32:*.tar=01;31:*.tgz=01;31:*.arc=01;31:*.arj=01;31:*.taz=01;31:*.lha=01;31:*.lz4=01;31:*.lzh=01;31:*.lzma=01;31:*.tlz=01;31:*.txz=01;31:*.tzo=01;31:*.t7z=01;31:*.zip=01;31:*.z=01;31:*.dz=01;31:*.gz=01;31:*.lrz=01;31:*.lz=01;31:*.lzo=01;31:*.xz=01;31:*.zst=01;31:*.tzst=01;31:*.bz2=01;31:*.bz=01;31:*.tbz=01;31:*.tbz2=01;31:*.tz=01;31:*.deb=01;31:*.rpm=01;31:*.jar=01;31:*.war=01;31:*.ear=01;31:*.sar=01;31:*.rar=01;31:*.alz=01;31:*.ace=01;31:*.zoo=01;31:*.cpio=01;31:*.7z=01;31:*.rz=01;31:*.cab=01;31:*.wim=01;31:*.swm=01;31:*.dwm=01;31:*.esd=01;31:*.jpg=01;35:*.jpeg=01;35:*.mjpg=01;35:*.mjpeg=01;35:*.gif=01;35:*.bmp=01;35:*.pbm=01;35:*.pgm=01;35:*.ppm=01;35:*.tga=01;35:*.xbm=01;35:*.xpm=01;35:*.tif=01;35:*.tiff=01;35:*.png=01;35:*.svg=01;35:*.svgz=01;35:*.mng=01;35:*.pcx=01;35:*.mov=01;35:*.mpg=01;35:*.mpeg=01;35:*.m2v=01;35:*.mkv=01;35:*.webm=01;35:*.webp=01;35:*.ogm=01;35:*.mp4=01;35:*.m4v=01;35:*.mp4v=01;35:*.vob=01;35:*.qt=01;35:*.nuv=01;35:*.wmv=01;35:*.asf=01;35:*.rm=01;35:*.rmvb=01;35:*.flc=01;35:*.avi=01;35:*.fli=01;35:*.flv=01;35:*.gl=01;35:*.dl=01;35:*.xcf=01;35:*.xwd=01;35:*.yuv=01;35:*.cgm=01;35:*.emf=01;35:*.ogv=01;35:*.ogx=01;35:*.aac=00;36:*.au=00;36:*.flac=00;36:*.m4a=00;36:*.mid=00;36:*.midi=00;36:*.mka=00;36:*.mp3=00;36:*.mpc=00;36:*.ogg=00;36:*.ra=00;36:*.wav=00;36:*.oga=00;36:*.opus=00;36:*.spx=00;36:*.xspf=00;36:', 'GNOME_TERMINAL_SERVICE': ':1.112', 'SSH_AGENT_LAUNCHER': 'gnome-keyring', 'SSH_AUTH_SOCK': '/run/user/1000/keyring/ssh', 'AMENT_PREFIX_PATH': '/home/elizabeth/MREN203_Trover/install/trover_bringup:/home/elizabeth/MREN203_Trover/install/trover_state_estimation:/home/elizabeth/MREN203_Trover/install/trover_slam:/home/elizabeth/MREN203_Trover/install/trover_navigation:/home/elizabeth/MREN203_Trover/install/trover_drivers:/home/elizabeth/MREN203_Trover/install/trover_description:/home/elizabeth/MREN203_Trover/install/trover_communication:/opt/ros/humble', 'SHELL': '/bin/bash', 'QT_ACCESSIBILITY': '1', 'GDMSESSION': 'ubuntu', 'LESSCLOSE': '/usr/bin/lesspipe %s %s', 'QT_IM_MODULE': 'ibus', 'PWD': '/home/elizabeth/MREN203_Trover/build/trover_communication', 'LC_ALL': 'en_US.UTF-8', 'XDG_CONFIG_DIRS': '/etc/xdg/xdg-ubuntu:/etc/xdg', 'DBUS_STARTER_ADDRESS': 'unix:path=/run/user/1000/bus,guid=2dbf2237aac09be4dbc99ef269b8521b', 'XDG_DATA_DIRS': '/usr/share/ubuntu:/usr/local/share/:/usr/share/:/var/lib/snapd/desktop', 'PYTHONPATH': '/home/elizabeth/MREN203_Trover/build/trover_communication/prefix_override:/usr/lib/python3/dist-packages/colcon_core/task/python/colcon_distutils_commands:/home/elizabeth/MREN203_Trover/install/trover_communication/lib/python3.10/site-packages:/home/elizabeth/MREN203_Trover/install/trover_state_estimation/lib/python3.10/site-packages:/home/elizabeth/MREN203_Trover/install/trover_slam/lib/python3.10/site-packages:/home/elizabeth/MREN203_Trover/install/trover_navigation/lib/python3.10/site-packages:/home/elizabeth/MREN203_Trover/install/trover_communication/lib/python3.10/site-packages:/opt/ros/humble/lib/python3.10/site-packages:/opt/ros/humble/local/lib/python3.10/dist-packages', 'COLCON': '1', 'VTE_VERSION': '6800', 'CMAKE_PREFIX_PATH': '/home/elizabeth/MREN203_Trover/install/trover_bringup:/home/elizabeth/MREN203_Trover/install/trover_drivers:/home/elizabeth/MREN203_Trover/install/trover_description'}, 'shell': False}
[7.391181] (-) TimerEvent: {}
[7.492509] (-) TimerEvent: {}
[7.595699] (-) TimerEvent: {}
[7.614809] (trover_drivers) CommandEnded: {'returncode': 0}
[7.638300] (trover_drivers) JobProgress: {'identifier': 'trover_drivers', 'progress': 'install'}
[7.638530] (trover_drivers) Command: {'cmd': ['/usr/bin/cmake', '--install', '/home/elizabeth/MREN203_Trover/build/trover_drivers'], 'cwd': '/home/elizabeth/MREN203_Trover/build/trover_drivers', 'env': OrderedDict([('LESSOPEN', '| /usr/bin/lesspipe %s'), ('LANGUAGE', 'en_CA:en'), ('USER', 'elizabeth'), ('XDG_SESSION_TYPE', 'wayland'), ('SHLVL', '1'), ('LD_LIBRARY_PATH', '/usr/lib/x86_64-linux-gnu/gazebo-11/plugins:/opt/ros/humble/opt/rviz_ogre_vendor/lib:/opt/ros/humble/lib/x86_64-linux-gnu:/opt/ros/humble/lib'), ('HOME', '/home/elizabeth'), ('DESKTOP_SESSION', 'ubuntu'), ('ROS_PYTHON_VERSION', '3'), ('GNOME_SHELL_SESSION_MODE', 'ubuntu'), ('GTK_MODULES', 'gail:atk-bridge'), ('DBUS_STARTER_BUS_TYPE', 'session'), ('SYSTEMD_EXEC_PID', '1257'), ('DBUS_SESSION_BUS_ADDRESS', 'unix:path=/run/user/1000/bus,guid=2dbf2237aac09be4dbc99ef269b8521b'), ('COLORTERM', 'truecolor'), ('IM_CONFIG_PHASE', '1'), ('WAYLAND_DISPLAY', 'wayland-0'), ('COLCON_PREFIX_PATH', '/home/elizabeth/MREN203_Trover/install'), ('ROS_DISTRO', 'humble'), ('LOGNAME', 'elizabeth'), ('_', '/usr/bin/colcon'), ('ROS_VERSION', '2'), ('XDG_SESSION_CLASS', 'user'), ('USERNAME', 'elizabeth'), ('TERM', 'xterm-256color'), ('GNOME_DESKTOP_SESSION_ID', 'this-is-deprecated'), ('ROS_LOCALHOST_ONLY', '0'), ('PATH', '/opt/ros/humble/bin:/usr/local/sbin:/usr/local/bin:/usr/sbin:/usr/bin:/sbin:/bin:/usr/games:/usr/local/games:/snap/bin:/snap/bin'), ('SESSION_MANAGER', 'local/elizabeth-VirtualBox:@/tmp/.ICE-unix/1257,unix/elizabeth-VirtualBox:/tmp/.ICE-unix/1257'), ('XDG_MENU_PREFIX', 'gnome-'), ('GNOME_TERMINAL_SCREEN', '/org/gnome/Terminal/screen/96c42cd0_fe71_470b_8b03_ebc588a4676e'), ('GNOME_SETUP_DISPLAY', ':1'), ('XDG_RUNTIME_DIR', '/run/user/1000'), ('DISPLAY', ':0'), ('LANG', 'en_US.UTF-8'), ('XDG_CURRENT_DESKTOP', 'ubuntu:GNOME'), ('XMODIFIERS', '@im=ibus'), ('XDG_SESSION_DESKTOP', 'ubuntu'), ('XAUTHORITY', '/run/user/1000/.mutter-Xwaylandauth.UHXJM3'), ('LS_COLORS', 'rs=0:di=01;34:ln=01;36:mh=00:pi=40;33:so=01;35:do=01;35:bd=40;33;01:cd=40;33;01:or=40;31;01:mi=00:su=37;41:sg=30;43:ca=30;41:tw=30;42:ow=34;42:st=37;44:ex=01;32:*.tar=01;31:*.tgz=01;31:*.arc=01;31:*.arj=01;31:*.taz=01;31:*.lha=01;31:*.lz4=01;31:*.lzh=01;31:*.lzma=01;31:*.tlz=01;31:*.txz=01;31:*.tzo=01;31:*.t7z=01;31:*.zip=01;31:*.z=01;31:*.dz=01;31:*.gz=01;31:*.lrz=01;31:*.lz=01;31:*.lzo=01;31:*.xz=01;31:*.zst=01;31:*.tzst=01;31:*.bz2=01;31:*.bz=01;31:*.tbz=01;31:*.tbz2=01;31:*.tz=01;31:*.deb=01;31:*.rpm=01;31:*.jar=01;31:*.war=01;31:*.ear=01;31:*.sar=01;31:*.rar=01;31:*.alz=01;31:*.ace=01;31:*.zoo=01;31:*.cpio=01;31:*.7z=01;31:*.rz=01;31:*.cab=01;31:*.wim=01;31:*.swm=01;31:*.dwm=01;31:*.esd=01;31:*.jpg=01;35:*.jpeg=01;35:*.mjpg=01;35:*.mjpeg=01;35:*.gif=01;35:*.bmp=01;35:*.pbm=01;35:*.pgm=01;35:*.ppm=01;35:*.tga=01;35:*.xbm=01;35:*.xpm=01;35:*.tif=01;35:*.tiff=01;35:*.png=01;35:*.svg=01;35:*.svgz=01;35:*.mng=01;35:*.pcx=01;35:*.mov=01;35:*.mpg=01;35:*.mpeg=01;35:*.m2v=01;35:*.mkv=01;35:*.webm=01;35:*.webp=01;35:*.ogm=01;35:*.mp4=01;35:*.m4v=01;35:*.mp4v=01;35:*.vob=01;35:*.qt=01;35:*.nuv=01;35:*.wmv=01;35:*.asf=01;35:*.rm=01;35:*.rmvb=01;35:*.flc=01;35:*.avi=01;35:*.fli=01;35:*.flv=01;35:*.gl=01;35:*.dl=01;35:*.xcf=01;35:*.xwd=01;35:*.yuv=01;35:*.cgm=01;35:*.emf=01;35:*.ogv=01;35:*.ogx=01;35:*.aac=00;36:*.au=00;36:*.flac=00;36:*.m4a=00;36:*.mid=00;36:*.midi=00;36:*.mka=00;36:*.mp3=00;36:*.mpc=00;36:*.ogg=00;36:*.ra=00;36:*.wav=00;36:*.oga=00;36:*.opus=00;36:*.spx=00;36:*.xspf=00;36:'), ('GNOME_TERMINAL_SERVICE', ':1.112'), ('SSH_AGENT_LAUNCHER', 'gnome-keyring'), ('SSH_AUTH_SOCK', '/run/user/1000/keyring/ssh'), ('AMENT_PREFIX_PATH', '/home/elizabeth/MREN203_Trover/install/trover_bringup:/home/elizabeth/MREN203_Trover/install/trover_state_estimation:/home/elizabeth/MREN203_Trover/install/trover_slam:/home/elizabeth/MREN203_Trover/install/trover_navigation:/home/elizabeth/MREN203_Trover/install/trover_drivers:/home/elizabeth/MREN203_Trover/install/trover_description:/home/elizabeth/MREN203_Trover/install/trover_communication:/opt/ros/humble'), ('SHELL', '/bin/bash'), ('QT_ACCESSIBILITY', '1'), ('GDMSESSION', 'ubuntu'), ('LESSCLOSE', '/usr/bin/lesspipe %s %s'), ('QT_IM_MODULE', 'ibus'), ('PWD', '/home/elizabeth/MREN203_Trover/build/trover_drivers'), ('LC_ALL', 'en_US.UTF-8'), ('XDG_CONFIG_DIRS', '/etc/xdg/xdg-ubuntu:/etc/xdg'), ('DBUS_STARTER_ADDRESS', 'unix:path=/run/user/1000/bus,guid=2dbf2237aac09be4dbc99ef269b8521b'), ('XDG_DATA_DIRS', '/usr/share/ubuntu:/usr/local/share/:/usr/share/:/var/lib/snapd/desktop'), ('PYTHONPATH', '/home/elizabeth/MREN203_Trover/install/trover_state_estimation/lib/python3.10/site-packages:/home/elizabeth/MREN203_Trover/install/trover_slam/lib/python3.10/site-packages:/home/elizabeth/MREN203_Trover/install/trover_navigation/lib/python3.10/site-packages:/home/elizabeth/MREN203_Trover/install/trover_communication/lib/python3.10/site-packages:/opt/ros/humble/lib/python3.10/site-packages:/opt/ros/humble/local/lib/python3.10/dist-packages'), ('COLCON', '1'), ('VTE_VERSION', '6800'), ('CMAKE_PREFIX_PATH', '/home/elizabeth/MREN203_Trover/install/trover_bringup:/home/elizabeth/MREN203_Trover/install/trover_drivers:/home/elizabeth/MREN203_Trover/install/trover_description:/home/elizabeth/MREN203_Trover/install/trover_state_estimation:/home/elizabeth/MREN203_Trover/install/trover_slam:/home/elizabeth/MREN203_Trover/install/trover_navigation:/home/elizabeth/MREN203_Trover/install/trover_communication:/opt/ros/humble')]), 'shell': False}
[7.681946] (trover_drivers) StdoutLine: {'line': b'-- Install configuration: ""\n'}
[7.682520] (trover_drivers) StdoutLine: {'line': b'-- Up-to-date: /home/elizabeth/MREN203_Trover/install/trover_drivers/share/ament_index/resource_index/package_run_dependencies/trover_drivers\n'}
[7.682630] (trover_drivers) StdoutLine: {'line': b'-- Up-to-date: /home/elizabeth/MREN203_Trover/install/trover_drivers/share/ament_index/resource_index/parent_prefix_path/trover_drivers\n'}
[7.682712] (trover_drivers) StdoutLine: {'line': b'-- Up-to-date: /home/elizabeth/MREN203_Trover/install/trover_drivers/share/trover_drivers/environment/ament_prefix_path.sh\n'}
[7.682900] (trover_drivers) StdoutLine: {'line': b'-- Up-to-date: /home/elizabeth/MREN203_Trover/install/trover_drivers/share/trover_drivers/environment/ament_prefix_path.dsv\n'}
[7.683025] (trover_drivers) StdoutLine: {'line': b'-- Up-to-date: /home/elizabeth/MREN203_Trover/install/trover_drivers/share/trover_drivers/environment/path.sh\n'}
[7.683144] (trover_drivers) StdoutLine: {'line': b'-- Up-to-date: /home/elizabeth/MREN203_Trover/install/trover_drivers/share/trover_drivers/environment/path.dsv\n'}
[7.683244] (trover_drivers) StdoutLine: {'line': b'-- Up-to-date: /home/elizabeth/MREN203_Trover/install/trover_drivers/share/trover_drivers/local_setup.bash\n'}
[7.683321] (trover_drivers) StdoutLine: {'line': b'-- Up-to-date: /home/elizabeth/MREN203_Trover/install/trover_drivers/share/trover_drivers/local_setup.sh\n'}
[7.683396] (trover_drivers) StdoutLine: {'line': b'-- Up-to-date: /home/elizabeth/MREN203_Trover/install/trover_drivers/share/trover_drivers/local_setup.zsh\n'}
[7.683469] (trover_drivers) StdoutLine: {'line': b'-- Up-to-date: /home/elizabeth/MREN203_Trover/install/trover_drivers/share/trover_drivers/local_setup.dsv\n'}
[7.683542] (trover_drivers) StdoutLine: {'line': b'-- Installing: /home/elizabeth/MREN203_Trover/install/trover_drivers/share/trover_drivers/package.dsv\n'}
[7.726042] (-) TimerEvent: {}
[7.963508] (trover_drivers) StdoutLine: {'line': b'-- Up-to-date: /home/elizabeth/MREN203_Trover/install/trover_drivers/share/ament_index/resource_index/packages/trover_drivers\n'}
[7.963797] (-) TimerEvent: {}
[7.967762] (trover_drivers) StdoutLine: {'line': b'-- Up-to-date: /home/elizabeth/MREN203_Trover/install/trover_drivers/share/trover_drivers/cmake/trover_driversConfig.cmake\n'}
[7.968846] (trover_drivers) StdoutLine: {'line': b'-- Up-to-date: /home/elizabeth/MREN203_Trover/install/trover_drivers/share/trover_drivers/cmake/trover_driversConfig-version.cmake\n'}
[7.968982] (trover_drivers) StdoutLine: {'line': b'-- Up-to-date: /home/elizabeth/MREN203_Trover/install/trover_drivers/share/trover_drivers/package.xml\n'}
[8.023959] (trover_drivers) CommandEnded: {'returncode': 0}
[8.096126] (-) TimerEvent: {}
[8.127711] (trover_communication) StdoutLine: {'line': b'running egg_info\n'}
[8.140967] (trover_communication) StdoutLine: {'line': b'writing ../../build/trover_communication/trover_communication.egg-info/PKG-INFO\n'}
[8.153081] (trover_communication) StdoutLine: {'line': b'writing dependency_links to ../../build/trover_communication/trover_communication.egg-info/dependency_links.txt\n'}
[8.157166] (trover_communication) StdoutLine: {'line': b'writing entry points to ../../build/trover_communication/trover_communication.egg-info/entry_points.txt\n'}
[8.166600] (trover_communication) StdoutLine: {'line': b'writing requirements to ../../build/trover_communication/trover_communication.egg-info/requires.txt\n'}
[8.166923] (trover_communication) StdoutLine: {'line': b'writing top-level names to ../../build/trover_communication/trover_communication.egg-info/top_level.txt\n'}
[8.169153] (trover_communication) StdoutLine: {'line': b"reading manifest file '../../build/trover_communication/trover_communication.egg-info/SOURCES.txt'\n"}
[8.179858] (trover_communication) StdoutLine: {'line': b"writing manifest file '../../build/trover_communication/trover_communication.egg-info/SOURCES.txt'\n"}
[8.181753] (trover_communication) StdoutLine: {'line': b'running build\n'}
[8.182135] (trover_communication) StdoutLine: {'line': b'running build_py\n'}
[8.185120] (trover_communication) StdoutLine: {'line': b'running install\n'}
[8.185296] (trover_communication) StdoutLine: {'line': b'running install_lib\n'}
[8.198593] (-) TimerEvent: {}
[8.200499] (trover_communication) StdoutLine: {'line': b'running install_data\n'}
[8.201021] (trover_communication) StdoutLine: {'line': b'running install_egg_info\n'}
[8.206763] (trover_communication) StdoutLine: {'line': b"removing '/home/elizabeth/MREN203_Trover/install/trover_communication/lib/python3.10/site-packages/trover_communication-0.0.0-py3.10.egg-info' (and everything under it)\n"}
[8.213780] (trover_communication) StdoutLine: {'line': b'Copying ../../build/trover_communication/trover_communication.egg-info to /home/elizabeth/MREN203_Trover/install/trover_communication/lib/python3.10/site-packages/trover_communication-0.0.0-py3.10.egg-info\n'}
[8.218447] (trover_communication) StdoutLine: {'line': b'running install_scripts\n'}
[8.236143] (trover_drivers) JobEnded: {'identifier': 'trover_drivers', 'rc': 0}
[8.241006] (trover_bringup) JobStarted: {'identifier': 'trover_bringup'}
[8.304185] (-) TimerEvent: {}
[8.309078] (trover_communication) StdoutLine: {'line': b'Installing trover_serial_comm script to /home/elizabeth/MREN203_Trover/install/trover_communication/lib/trover_communication\n'}
[8.312978] (trover_communication) StdoutLine: {'line': b"writing list of installed files to '/home/elizabeth/MREN203_Trover/build/trover_communication/install.log'\n"}
[8.322753] (trover_bringup) JobProgress: {'identifier': 'trover_bringup', 'progress': 'cmake'}
[8.350082] (trover_bringup) JobProgress: {'identifier': 'trover_bringup', 'progress': 'build'}
[8.350286] (trover_bringup) Command: {'cmd': ['/usr/bin/cmake', '--build', '/home/elizabeth/MREN203_Trover/build/trover_bringup', '--', '-j2', '-l2'], 'cwd': '/home/elizabeth/MREN203_Trover/build/trover_bringup', 'env': OrderedDict([('LESSOPEN', '| /usr/bin/lesspipe %s'), ('LANGUAGE', 'en_CA:en'), ('USER', 'elizabeth'), ('XDG_SESSION_TYPE', 'wayland'), ('SHLVL', '1'), ('LD_LIBRARY_PATH', '/usr/lib/x86_64-linux-gnu/gazebo-11/plugins:/opt/ros/humble/opt/rviz_ogre_vendor/lib:/opt/ros/humble/lib/x86_64-linux-gnu:/opt/ros/humble/lib'), ('HOME', '/home/elizabeth'), ('DESKTOP_SESSION', 'ubuntu'), ('ROS_PYTHON_VERSION', '3'), ('GNOME_SHELL_SESSION_MODE', 'ubuntu'), ('GTK_MODULES', 'gail:atk-bridge'), ('DBUS_STARTER_BUS_TYPE', 'session'), ('SYSTEMD_EXEC_PID', '1257'), ('DBUS_SESSION_BUS_ADDRESS', 'unix:path=/run/user/1000/bus,guid=2dbf2237aac09be4dbc99ef269b8521b'), ('COLORTERM', 'truecolor'), ('IM_CONFIG_PHASE', '1'), ('WAYLAND_DISPLAY', 'wayland-0'), ('COLCON_PREFIX_PATH', '/home/elizabeth/MREN203_Trover/install'), ('ROS_DISTRO', 'humble'), ('LOGNAME', 'elizabeth'), ('_', '/usr/bin/colcon'), ('ROS_VERSION', '2'), ('XDG_SESSION_CLASS', 'user'), ('USERNAME', 'elizabeth'), ('TERM', 'xterm-256color'), ('GNOME_DESKTOP_SESSION_ID', 'this-is-deprecated'), ('ROS_LOCALHOST_ONLY', '0'), ('PATH', '/opt/ros/humble/bin:/usr/local/sbin:/usr/local/bin:/usr/sbin:/usr/bin:/sbin:/bin:/usr/games:/usr/local/games:/snap/bin:/snap/bin'), ('SESSION_MANAGER', 'local/elizabeth-VirtualBox:@/tmp/.ICE-unix/1257,unix/elizabeth-VirtualBox:/tmp/.ICE-unix/1257'), ('XDG_MENU_PREFIX', 'gnome-'), ('GNOME_TERMINAL_SCREEN', '/org/gnome/Terminal/screen/96c42cd0_fe71_470b_8b03_ebc588a4676e'), ('GNOME_SETUP_DISPLAY', ':1'), ('XDG_RUNTIME_DIR', '/run/user/1000'), ('DISPLAY', ':0'), ('LANG', 'en_US.UTF-8'), ('XDG_CURRENT_DESKTOP', 'ubuntu:GNOME'), ('XMODIFIERS', '@im=ibus'), ('XDG_SESSION_DESKTOP', 'ubuntu'), ('XAUTHORITY', '/run/user/1000/.mutter-Xwaylandauth.UHXJM3'), ('LS_COLORS', 'rs=0:di=01;34:ln=01;36:mh=00:pi=40;33:so=01;35:do=01;35:bd=40;33;01:cd=40;33;01:or=40;31;01:mi=00:su=37;41:sg=30;43:ca=30;41:tw=30;42:ow=34;42:st=37;44:ex=01;32:*.tar=01;31:*.tgz=01;31:*.arc=01;31:*.arj=01;31:*.taz=01;31:*.lha=01;31:*.lz4=01;31:*.lzh=01;31:*.lzma=01;31:*.tlz=01;31:*.txz=01;31:*.tzo=01;31:*.t7z=01;31:*.zip=01;31:*.z=01;31:*.dz=01;31:*.gz=01;31:*.lrz=01;31:*.lz=01;31:*.lzo=01;31:*.xz=01;31:*.zst=01;31:*.tzst=01;31:*.bz2=01;31:*.bz=01;31:*.tbz=01;31:*.tbz2=01;31:*.tz=01;31:*.deb=01;31:*.rpm=01;31:*.jar=01;31:*.war=01;31:*.ear=01;31:*.sar=01;31:*.rar=01;31:*.alz=01;31:*.ace=01;31:*.zoo=01;31:*.cpio=01;31:*.7z=01;31:*.rz=01;31:*.cab=01;31:*.wim=01;31:*.swm=01;31:*.dwm=01;31:*.esd=01;31:*.jpg=01;35:*.jpeg=01;35:*.mjpg=01;35:*.mjpeg=01;35:*.gif=01;35:*.bmp=01;35:*.pbm=01;35:*.pgm=01;35:*.ppm=01;35:*.tga=01;35:*.xbm=01;35:*.xpm=01;35:*.tif=01;35:*.tiff=01;35:*.png=01;35:*.svg=01;35:*.svgz=01;35:*.mng=01;35:*.pcx=01;35:*.mov=01;35:*.mpg=01;35:*.mpeg=01;35:*.m2v=01;35:*.mkv=01;35:*.webm=01;35:*.webp=01;35:*.ogm=01;35:*.mp4=01;35:*.m4v=01;35:*.mp4v=01;35:*.vob=01;35:*.qt=01;35:*.nuv=01;35:*.wmv=01;35:*.asf=01;35:*.rm=01;35:*.rmvb=01;35:*.flc=01;35:*.avi=01;35:*.fli=01;35:*.flv=01;35:*.gl=01;35:*.dl=01;35:*.xcf=01;35:*.xwd=01;35:*.yuv=01;35:*.cgm=01;35:*.emf=01;35:*.ogv=01;35:*.ogx=01;35:*.aac=00;36:*.au=00;36:*.flac=00;36:*.m4a=00;36:*.mid=00;36:*.midi=00;36:*.mka=00;36:*.mp3=00;36:*.mpc=00;36:*.ogg=00;36:*.ra=00;36:*.wav=00;36:*.oga=00;36:*.opus=00;36:*.spx=00;36:*.xspf=00;36:'), ('GNOME_TERMINAL_SERVICE', ':1.112'), ('SSH_AGENT_LAUNCHER', 'gnome-keyring'), ('SSH_AUTH_SOCK', '/run/user/1000/keyring/ssh'), ('AMENT_PREFIX_PATH', '/home/elizabeth/MREN203_Trover/install/trover_state_estimation:/home/elizabeth/MREN203_Trover/install/trover_slam:/home/elizabeth/MREN203_Trover/install/trover_navigation:/home/elizabeth/MREN203_Trover/install/trover_bringup:/home/elizabeth/MREN203_Trover/install/trover_drivers:/home/elizabeth/MREN203_Trover/install/trover_description:/home/elizabeth/MREN203_Trover/install/trover_communication:/opt/ros/humble'), ('SHELL', '/bin/bash'), ('QT_ACCESSIBILITY', '1'), ('GDMSESSION', 'ubuntu'), ('LESSCLOSE', '/usr/bin/lesspipe %s %s'), ('QT_IM_MODULE', 'ibus'), ('PWD', '/home/elizabeth/MREN203_Trover/build/trover_bringup'), ('LC_ALL', 'en_US.UTF-8'), ('XDG_CONFIG_DIRS', '/etc/xdg/xdg-ubuntu:/etc/xdg'), ('DBUS_STARTER_ADDRESS', 'unix:path=/run/user/1000/bus,guid=2dbf2237aac09be4dbc99ef269b8521b'), ('XDG_DATA_DIRS', '/usr/share/ubuntu:/usr/local/share/:/usr/share/:/var/lib/snapd/desktop'), ('PYTHONPATH', '/home/elizabeth/MREN203_Trover/install/trover_state_estimation/lib/python3.10/site-packages:/home/elizabeth/MREN203_Trover/install/trover_slam/lib/python3.10/site-packages:/home/elizabeth/MREN203_Trover/install/trover_navigation/lib/python3.10/site-packages:/home/elizabeth/MREN203_Trover/install/trover_communication/lib/python3.10/site-packages:/opt/ros/humble/lib/python3.10/site-packages:/opt/ros/humble/local/lib/python3.10/dist-packages'), ('COLCON', '1'), ('VTE_VERSION', '6800'), ('CMAKE_PREFIX_PATH', '/home/elizabeth/MREN203_Trover/install/trover_description:/home/elizabeth/MREN203_Trover/install/trover_bringup:/home/elizabeth/MREN203_Trover/install/trover_drivers:/home/elizabeth/MREN203_Trover/install/trover_state_estimation:/home/elizabeth/MREN203_Trover/install/trover_slam:/home/elizabeth/MREN203_Trover/install/trover_navigation:/home/elizabeth/MREN203_Trover/install/trover_communication:/opt/ros/humble')]), 'shell': False}
[8.414060] (-) TimerEvent: {}
[8.433283] (trover_communication) CommandEnded: {'returncode': 0}
[8.504816] (trover_communication) JobEnded: {'identifier': 'trover_communication', 'rc': 0}
[8.523083] (-) TimerEvent: {}
[8.590329] (trover_bringup) CommandEnded: {'returncode': 0}
[8.606403] (trover_bringup) JobProgress: {'identifier': 'trover_bringup', 'progress': 'install'}
[8.611413] (trover_bringup) Command: {'cmd': ['/usr/bin/cmake', '--install', '/home/elizabeth/MREN203_Trover/build/trover_bringup'], 'cwd': '/home/elizabeth/MREN203_Trover/build/trover_bringup', 'env': OrderedDict([('LESSOPEN', '| /usr/bin/lesspipe %s'), ('LANGUAGE', 'en_CA:en'), ('USER', 'elizabeth'), ('XDG_SESSION_TYPE', 'wayland'), ('SHLVL', '1'), ('LD_LIBRARY_PATH', '/usr/lib/x86_64-linux-gnu/gazebo-11/plugins:/opt/ros/humble/opt/rviz_ogre_vendor/lib:/opt/ros/humble/lib/x86_64-linux-gnu:/opt/ros/humble/lib'), ('HOME', '/home/elizabeth'), ('DESKTOP_SESSION', 'ubuntu'), ('ROS_PYTHON_VERSION', '3'), ('GNOME_SHELL_SESSION_MODE', 'ubuntu'), ('GTK_MODULES', 'gail:atk-bridge'), ('DBUS_STARTER_BUS_TYPE', 'session'), ('SYSTEMD_EXEC_PID', '1257'), ('DBUS_SESSION_BUS_ADDRESS', 'unix:path=/run/user/1000/bus,guid=2dbf2237aac09be4dbc99ef269b8521b'), ('COLORTERM', 'truecolor'), ('IM_CONFIG_PHASE', '1'), ('WAYLAND_DISPLAY', 'wayland-0'), ('COLCON_PREFIX_PATH', '/home/elizabeth/MREN203_Trover/install'), ('ROS_DISTRO', 'humble'), ('LOGNAME', 'elizabeth'), ('_', '/usr/bin/colcon'), ('ROS_VERSION', '2'), ('XDG_SESSION_CLASS', 'user'), ('USERNAME', 'elizabeth'), ('TERM', 'xterm-256color'), ('GNOME_DESKTOP_SESSION_ID', 'this-is-deprecated'), ('ROS_LOCALHOST_ONLY', '0'), ('PATH', '/opt/ros/humble/bin:/usr/local/sbin:/usr/local/bin:/usr/sbin:/usr/bin:/sbin:/bin:/usr/games:/usr/local/games:/snap/bin:/snap/bin'), ('SESSION_MANAGER', 'local/elizabeth-VirtualBox:@/tmp/.ICE-unix/1257,unix/elizabeth-VirtualBox:/tmp/.ICE-unix/1257'), ('XDG_MENU_PREFIX', 'gnome-'), ('GNOME_TERMINAL_SCREEN', '/org/gnome/Terminal/screen/96c42cd0_fe71_470b_8b03_ebc588a4676e'), ('GNOME_SETUP_DISPLAY', ':1'), ('XDG_RUNTIME_DIR', '/run/user/1000'), ('DISPLAY', ':0'), ('LANG', 'en_US.UTF-8'), ('XDG_CURRENT_DESKTOP', 'ubuntu:GNOME'), ('XMODIFIERS', '@im=ibus'), ('XDG_SESSION_DESKTOP', 'ubuntu'), ('XAUTHORITY', '/run/user/1000/.mutter-Xwaylandauth.UHXJM3'), ('LS_COLORS', 'rs=0:di=01;34:ln=01;36:mh=00:pi=40;33:so=01;35:do=01;35:bd=40;33;01:cd=40;33;01:or=40;31;01:mi=00:su=37;41:sg=30;43:ca=30;41:tw=30;42:ow=34;42:st=37;44:ex=01;32:*.tar=01;31:*.tgz=01;31:*.arc=01;31:*.arj=01;31:*.taz=01;31:*.lha=01;31:*.lz4=01;31:*.lzh=01;31:*.lzma=01;31:*.tlz=01;31:*.txz=01;31:*.tzo=01;31:*.t7z=01;31:*.zip=01;31:*.z=01;31:*.dz=01;31:*.gz=01;31:*.lrz=01;31:*.lz=01;31:*.lzo=01;31:*.xz=01;31:*.zst=01;31:*.tzst=01;31:*.bz2=01;31:*.bz=01;31:*.tbz=01;31:*.tbz2=01;31:*.tz=01;31:*.deb=01;31:*.rpm=01;31:*.jar=01;31:*.war=01;31:*.ear=01;31:*.sar=01;31:*.rar=01;31:*.alz=01;31:*.ace=01;31:*.zoo=01;31:*.cpio=01;31:*.7z=01;31:*.rz=01;31:*.cab=01;31:*.wim=01;31:*.swm=01;31:*.dwm=01;31:*.esd=01;31:*.jpg=01;35:*.jpeg=01;35:*.mjpg=01;35:*.mjpeg=01;35:*.gif=01;35:*.bmp=01;35:*.pbm=01;35:*.pgm=01;35:*.ppm=01;35:*.tga=01;35:*.xbm=01;35:*.xpm=01;35:*.tif=01;35:*.tiff=01;35:*.png=01;35:*.svg=01;35:*.svgz=01;35:*.mng=01;35:*.pcx=01;35:*.mov=01;35:*.mpg=01;35:*.mpeg=01;35:*.m2v=01;35:*.mkv=01;35:*.webm=01;35:*.webp=01;35:*.ogm=01;35:*.mp4=01;35:*.m4v=01;35:*.mp4v=01;35:*.vob=01;35:*.qt=01;35:*.nuv=01;35:*.wmv=01;35:*.asf=01;35:*.rm=01;35:*.rmvb=01;35:*.flc=01;35:*.avi=01;35:*.fli=01;35:*.flv=01;35:*.gl=01;35:*.dl=01;35:*.xcf=01;35:*.xwd=01;35:*.yuv=01;35:*.cgm=01;35:*.emf=01;35:*.ogv=01;35:*.ogx=01;35:*.aac=00;36:*.au=00;36:*.flac=00;36:*.m4a=00;36:*.mid=00;36:*.midi=00;36:*.mka=00;36:*.mp3=00;36:*.mpc=00;36:*.ogg=00;36:*.ra=00;36:*.wav=00;36:*.oga=00;36:*.opus=00;36:*.spx=00;36:*.xspf=00;36:'), ('GNOME_TERMINAL_SERVICE', ':1.112'), ('SSH_AGENT_LAUNCHER', 'gnome-keyring'), ('SSH_AUTH_SOCK', '/run/user/1000/keyring/ssh'), ('AMENT_PREFIX_PATH', '/home/elizabeth/MREN203_Trover/install/trover_state_estimation:/home/elizabeth/MREN203_Trover/install/trover_slam:/home/elizabeth/MREN203_Trover/install/trover_navigation:/home/elizabeth/MREN203_Trover/install/trover_bringup:/home/elizabeth/MREN203_Trover/install/trover_drivers:/home/elizabeth/MREN203_Trover/install/trover_description:/home/elizabeth/MREN203_Trover/install/trover_communication:/opt/ros/humble'), ('SHELL', '/bin/bash'), ('QT_ACCESSIBILITY', '1'), ('GDMSESSION', 'ubuntu'), ('LESSCLOSE', '/usr/bin/lesspipe %s %s'), ('QT_IM_MODULE', 'ibus'), ('PWD', '/home/elizabeth/MREN203_Trover/build/trover_bringup'), ('LC_ALL', 'en_US.UTF-8'), ('XDG_CONFIG_DIRS', '/etc/xdg/xdg-ubuntu:/etc/xdg'), ('DBUS_STARTER_ADDRESS', 'unix:path=/run/user/1000/bus,guid=2dbf2237aac09be4dbc99ef269b8521b'), ('XDG_DATA_DIRS', '/usr/share/ubuntu:/usr/local/share/:/usr/share/:/var/lib/snapd/desktop'), ('PYTHONPATH', '/home/elizabeth/MREN203_Trover/install/trover_state_estimation/lib/python3.10/site-packages:/home/elizabeth/MREN203_Trover/install/trover_slam/lib/python3.10/site-packages:/home/elizabeth/MREN203_Trover/install/trover_navigation/lib/python3.10/site-packages:/home/elizabeth/MREN203_Trover/install/trover_communication/lib/python3.10/site-packages:/opt/ros/humble/lib/python3.10/site-packages:/opt/ros/humble/local/lib/python3.10/dist-packages'), ('COLCON', '1'), ('VTE_VERSION', '6800'), ('CMAKE_PREFIX_PATH', '/home/elizabeth/MREN203_Trover/install/trover_description:/home/elizabeth/MREN203_Trover/install/trover_bringup:/home/elizabeth/MREN203_Trover/install/trover_drivers:/home/elizabeth/MREN203_Trover/install/trover_state_estimation:/home/elizabeth/MREN203_Trover/install/trover_slam:/home/elizabeth/MREN203_Trover/install/trover_navigation:/home/elizabeth/MREN203_Trover/install/trover_communication:/opt/ros/humble')]), 'shell': False}
[8.625580] (-) TimerEvent: {}
[8.639813] (trover_bringup) StdoutLine: {'line': b'-- Install configuration: ""\n'}
[8.640944] (trover_bringup) StdoutLine: {'line': b'-- Up-to-date: /home/elizabeth/MREN203_Trover/install/trover_bringup/share/trover_bringup//launch\n'}
[8.641914] (trover_bringup) StdoutLine: {'line': b'-- Up-to-date: /home/elizabeth/MREN203_Trover/install/trover_bringup/share/trover_bringup//launch/simulated_robot.launch.py\n'}
[8.643734] (trover_bringup) StdoutLine: {'line': b'-- Up-to-date: /home/elizabeth/MREN203_Trover/install/trover_bringup/share/trover_bringup//launch/no_gazebo.launch.py\n'}
[8.645091] (trover_bringup) StdoutLine: {'line': b'-- Up-to-date: /home/elizabeth/MREN203_Trover/install/trover_bringup/share/trover_bringup//launch/real_robot.launch.py\n'}
[8.645256] (trover_bringup) StdoutLine: {'line': b'-- Up-to-date: /home/elizabeth/MREN203_Trover/install/trover_bringup/share/ament_index/resource_index/package_run_dependencies/trover_bringup\n'}
[8.645351] (trover_bringup) StdoutLine: {'line': b'-- Up-to-date: /home/elizabeth/MREN203_Trover/install/trover_bringup/share/ament_index/resource_index/parent_prefix_path/trover_bringup\n'}
[8.645858] (trover_bringup) StdoutLine: {'line': b'-- Up-to-date: /home/elizabeth/MREN203_Trover/install/trover_bringup/share/trover_bringup/environment/ament_prefix_path.sh\n'}
[8.647820] (trover_bringup) StdoutLine: {'line': b'-- Up-to-date: /home/elizabeth/MREN203_Trover/install/trover_bringup/share/trover_bringup/environment/ament_prefix_path.dsv\n'}
[8.647963] (trover_bringup) StdoutLine: {'line': b'-- Up-to-date: /home/elizabeth/MREN203_Trover/install/trover_bringup/share/trover_bringup/environment/path.sh\n'}
[8.648044] (trover_bringup) StdoutLine: {'line': b'-- Up-to-date: /home/elizabeth/MREN203_Trover/install/trover_bringup/share/trover_bringup/environment/path.dsv\n'}
[8.648121] (trover_bringup) StdoutLine: {'line': b'-- Up-to-date: /home/elizabeth/MREN203_Trover/install/trover_bringup/share/trover_bringup/local_setup.bash\n'}
[8.648196] (trover_bringup) StdoutLine: {'line': b'-- Up-to-date: /home/elizabeth/MREN203_Trover/install/trover_bringup/share/trover_bringup/local_setup.sh\n'}
[8.648268] (trover_bringup) StdoutLine: {'line': b'-- Up-to-date: /home/elizabeth/MREN203_Trover/install/trover_bringup/share/trover_bringup/local_setup.zsh\n'}
[8.648341] (trover_bringup) StdoutLine: {'line': b'-- Up-to-date: /home/elizabeth/MREN203_Trover/install/trover_bringup/share/trover_bringup/local_setup.dsv\n'}
[8.648426] (trover_bringup) StdoutLine: {'line': b'-- Installing: /home/elizabeth/MREN203_Trover/install/trover_bringup/share/trover_bringup/package.dsv\n'}
[8.648698] (trover_bringup) StdoutLine: {'line': b'-- Up-to-date: /home/elizabeth/MREN203_Trover/install/trover_bringup/share/ament_index/resource_index/packages/trover_bringup\n'}
[8.648836] (trover_bringup) StdoutLine: {'line': b'-- Up-to-date: /home/elizabeth/MREN203_Trover/install/trover_bringup/share/trover_bringup/cmake/trover_bringupConfig.cmake\n'}
[8.650728] (trover_bringup) StdoutLine: {'line': b'-- Up-to-date: /home/elizabeth/MREN203_Trover/install/trover_bringup/share/trover_bringup/cmake/trover_bringupConfig-version.cmake\n'}
[8.650864] (trover_bringup) StdoutLine: {'line': b'-- Up-to-date: /home/elizabeth/MREN203_Trover/install/trover_bringup/share/trover_bringup/package.xml\n'}
[8.660644] (trover_bringup) CommandEnded: {'returncode': 0}
[8.728418] (-) TimerEvent: {}
[8.752550] (trover_bringup) JobEnded: {'identifier': 'trover_bringup', 'rc': 0}
[8.760015] (-) EventReactorShutdown: {}
