[0.084s] Invoking command in '/home/elizabeth/MREN203_Trover/build/trover_description': CMAKE_PREFIX_PATH=${CMAKE_PREFIX_PATH}:/home/elizabeth/MREN203_Trover/install/trover_state_estimation:/home/elizabeth/MREN203_Trover/install/trover_slam:/home/elizabeth/MREN203_Trover/install/trover_navigation:/home/elizabeth/MREN203_Trover/install/trover_communication:/opt/ros/humble /usr/bin/cmake --build /home/elizabeth/MREN203_Trover/build/trover_description -- -j2 -l2
[0.738s] Invoked command in '/home/elizabeth/MREN203_Trover/build/trover_description' returned '0': CMAKE_PREFIX_PATH=${CMAKE_PREFIX_PATH}:/home/elizabeth/MREN203_Trover/install/trover_state_estimation:/home/elizabeth/MREN203_Trover/install/trover_slam:/home/elizabeth/MREN203_Trover/install/trover_navigation:/home/elizabeth/MREN203_Trover/install/trover_communication:/opt/ros/humble /usr/bin/cmake --build /home/elizabeth/MREN203_Trover/build/trover_description -- -j2 -l2
[0.776s] Invoking command in '/home/elizabeth/MREN203_Trover/build/trover_description': CMAKE_PREFIX_PATH=${CMAKE_PREFIX_PATH}:/home/elizabeth/MREN203_Trover/install/trover_state_estimation:/home/elizabeth/MREN203_Trover/install/trover_slam:/home/elizabeth/MREN203_Trover/install/trover_navigation:/home/elizabeth/MREN203_Trover/install/trover_communication:/opt/ros/humble /usr/bin/cmake --install /home/elizabeth/MREN203_Trover/build/trover_description
[0.806s] -- Install configuration: ""
[0.807s] -- Up-to-date: /home/elizabeth/MREN203_Trover/install/trover_description/share/trover_description/urdf
[0.808s] -- Up-to-date: /home/elizabeth/MREN203_Trover/install/trover_description/share/trover_description/urdf/trover_description.urdf.xacro
[0.809s] -- Up-to-date: /home/elizabeth/MREN203_Trover/install/trover_description/share/trover_description/launch
[0.811s] -- Up-to-date: /home/elizabeth/MREN203_Trover/install/trover_description/share/trover_description/launch/test_sensors.launch.py
[0.812s] -- Up-to-date: /home/elizabeth/MREN203_Trover/install/trover_description/share/trover_description/launch/display.launch.py
[0.812s] -- Up-to-date: /home/elizabeth/MREN203_Trover/install/trover_description/share/trover_description/launch/gazebo.launch.py
[0.812s] -- Up-to-date: /home/elizabeth/MREN203_Trover/install/trover_description/share/trover_description/rviz
[0.814s] -- Up-to-date: /home/elizabeth/MREN203_Trover/install/trover_description/share/trover_description/rviz/default.rviz
[0.815s] -- Up-to-date: /home/elizabeth/MREN203_Trover/install/trover_description/share/trover_description/rviz/default_nav.rviz
[0.815s] -- Up-to-date: /home/elizabeth/MREN203_Trover/install/trover_description/share/trover_description/worlds
[0.817s] -- Up-to-date: /home/elizabeth/MREN203_Trover/install/trover_description/share/trover_description/worlds/launch
[0.819s] -- Up-to-date: /home/elizabeth/MREN203_Trover/install/trover_description/share/trover_description/worlds/launch/small_house.launch
[0.820s] -- Up-to-date: /home/elizabeth/MREN203_Trover/install/trover_description/share/trover_description/worlds/launch/view_small_house.launch
[0.820s] -- Up-to-date: /home/elizabeth/MREN203_Trover/install/trover_description/share/trover_description/worlds/worlds
[0.821s] -- Up-to-date: /home/elizabeth/MREN203_Trover/install/trover_description/share/trover_description/worlds/worlds/small_house.world
[0.822s] -- Up-to-date: /home/elizabeth/MREN203_Trover/install/trover_description/share/trover_description/worlds/maps
[0.824s] -- Up-to-date: /home/elizabeth/MREN203_Trover/install/trover_description/share/trover_description/worlds/maps/turtlebot3_waffle_pi
[0.826s] -- Up-to-date: /home/elizabeth/MREN203_Trover/install/trover_description/share/trover_description/worlds/maps/turtlebot3_waffle_pi/map.yaml
[0.826s] -- Up-to-date: /home/elizabeth/MREN203_Trover/install/trover_description/share/trover_description/worlds/maps/turtlebot3_waffle_pi/map.pgm
[0.827s] -- Up-to-date: /home/elizabeth/MREN203_Trover/install/trover_description/share/trover_description/worlds/photos
[0.829s] -- Up-to-date: /home/elizabeth/MREN203_Trover/install/trover_description/share/trover_description/worlds/photos/DeskPortraitD_03.jpg
[0.829s] -- Up-to-date: /home/elizabeth/MREN203_Trover/install/trover_description/share/trover_description/worlds/photos/DeskPortraitB_01.jpg
[0.829s] -- Up-to-date: /home/elizabeth/MREN203_Trover/install/trover_description/share/trover_description/worlds/photos/PortraitD_01.jpg
[0.830s] -- Up-to-date: /home/elizabeth/MREN203_Trover/install/trover_description/share/trover_description/worlds/photos/DeskPortraitC_01.jpg
[0.830s] -- Up-to-date: /home/elizabeth/MREN203_Trover/install/trover_description/share/trover_description/worlds/photos/PortraitD_02.jpg
[0.830s] -- Up-to-date: /home/elizabeth/MREN203_Trover/install/trover_description/share/trover_description/worlds/photos/PortraitA_01.jpg
[0.830s] -- Up-to-date: /home/elizabeth/MREN203_Trover/install/trover_description/share/trover_description/worlds/photos/DeskPortraitB_02.jpg
[0.830s] -- Up-to-date: /home/elizabeth/MREN203_Trover/install/trover_description/share/trover_description/worlds/photos/PortraitB_02.jpg
[0.831s] -- Up-to-date: /home/elizabeth/MREN203_Trover/install/trover_description/share/trover_description/worlds/photos/PortraitB_01.jpg
[0.831s] -- Up-to-date: /home/elizabeth/MREN203_Trover/install/trover_description/share/trover_description/worlds/photos/PortraitB_03.jpg
[0.831s] -- Up-to-date: /home/elizabeth/MREN203_Trover/install/trover_description/share/trover_description/worlds/photos/DeskPortraitA_02.jpg
[0.831s] -- Up-to-date: /home/elizabeth/MREN203_Trover/install/trover_description/share/trover_description/worlds/photos/DeskPortraitC_02.jpg
[0.831s] -- Up-to-date: /home/elizabeth/MREN203_Trover/install/trover_description/share/trover_description/worlds/photos/DeskPortraitD_04.jpg
[0.831s] -- Up-to-date: /home/elizabeth/MREN203_Trover/install/trover_description/share/trover_description/worlds/photos/PortraitE_01.jpg
[0.832s] -- Up-to-date: /home/elizabeth/MREN203_Trover/install/trover_description/share/trover_description/worlds/photos/DeskPortraitD_01.jpg
[0.832s] -- Up-to-date: /home/elizabeth/MREN203_Trover/install/trover_description/share/trover_description/worlds/photos/DeskPortraitD_02.jpg
[0.832s] -- Up-to-date: /home/elizabeth/MREN203_Trover/install/trover_description/share/trover_description/worlds/photos/PortraitC_01.jpg
[0.832s] -- Up-to-date: /home/elizabeth/MREN203_Trover/install/trover_description/share/trover_description/worlds/photos/DeskPortraitA_01.jpg
[0.832s] -- Up-to-date: /home/elizabeth/MREN203_Trover/install/trover_description/share/trover_description/worlds/photos/PortraitE_02.jpg
[0.832s] -- Up-to-date: /home/elizabeth/MREN203_Trover/install/trover_description/share/trover_description/worlds/photos/PortraitA_02.jpg
[0.833s] -- Up-to-date: /home/elizabeth/MREN203_Trover/install/trover_description/share/trover_description/worlds/CMakeLists.txt
[0.833s] -- Up-to-date: /home/elizabeth/MREN203_Trover/install/trover_description/share/trover_description/worlds/README.md
[0.833s] -- Up-to-date: /home/elizabeth/MREN203_Trover/install/trover_description/share/trover_description/worlds/CONTRIBUTING.md
[0.833s] -- Up-to-date: /home/elizabeth/MREN203_Trover/install/trover_description/share/trover_description/worlds/CODE_OF_CONDUCT.md
[0.834s] -- Up-to-date: /home/elizabeth/MREN203_Trover/install/trover_description/share/trover_description/worlds/models
[0.837s] -- Up-to-date: /home/elizabeth/MREN203_Trover/install/trover_description/share/trover_description/worlds/models/aws_robomaker_residential_RoomWall_01
[0.840s] -- Up-to-date: /home/elizabeth/MREN203_Trover/install/trover_description/share/trover_description/worlds/models/aws_robomaker_residential_RoomWall_01/model.sdf
[0.840s] -- Up-to-date: /home/elizabeth/MREN203_Trover/install/trover_description/share/trover_description/worlds/models/aws_robomaker_residential_RoomWall_01/materials
[0.840s] -- Up-to-date: /home/elizabeth/MREN203_Trover/install/trover_description/share/trover_description/worlds/models/aws_robomaker_residential_RoomWall_01/materials/textures
[0.843s] -- Up-to-date: /home/elizabeth/MREN203_Trover/install/trover_description/share/trover_description/worlds/models/aws_robomaker_residential_RoomWall_01/materials/textures/aws_RoomWall_01.png
[0.843s] -- Up-to-date: /home/elizabeth/MREN203_Trover/install/trover_description/share/trover_description/worlds/models/aws_robomaker_residential_RoomWall_01/model.config
[0.843s] -- Up-to-date: /home/elizabeth/MREN203_Trover/install/trover_description/share/trover_description/worlds/models/aws_robomaker_residential_RoomWall_01/meshes
[0.843s] -- Up-to-date: /home/elizabeth/MREN203_Trover/install/trover_description/share/trover_description/worlds/models/aws_robomaker_residential_RoomWall_01/meshes/aws_RoomWall_01_visual.DAE
[0.843s] -- Up-to-date: /home/elizabeth/MREN203_Trover/install/trover_description/share/trover_description/worlds/models/aws_robomaker_residential_RoomWall_01/meshes/aws_RoomWall_01_collision.DAE
[0.844s] -- Up-to-date: /home/elizabeth/MREN203_Trover/install/trover_description/share/trover_description/worlds/models/aws_robomaker_residential_TVCabinet_01
[0.849s] -- Up-to-date: /home/elizabeth/MREN203_Trover/install/trover_description/share/trover_description/worlds/models/aws_robomaker_residential_TVCabinet_01/model.sdf
[0.849s] -- Up-to-date: /home/elizabeth/MREN203_Trover/install/trover_description/share/trover_description/worlds/models/aws_robomaker_residential_TVCabinet_01/materials
[0.849s] -- Up-to-date: /home/elizabeth/MREN203_Trover/install/trover_description/share/trover_description/worlds/models/aws_robomaker_residential_TVCabinet_01/materials/textures
[0.849s] -- Up-to-date: /home/elizabeth/MREN203_Trover/install/trover_description/share/trover_description/worlds/models/aws_robomaker_residential_TVCabinet_01/materials/textures/aws_TVCabinet_01.png
[0.849s] -- Up-to-date: /home/elizabeth/MREN203_Trover/install/trover_description/share/trover_description/worlds/models/aws_robomaker_residential_TVCabinet_01/model.config
[0.853s] -- Up-to-date: /home/elizabeth/MREN203_Trover/install/trover_description/share/trover_description/worlds/models/aws_robomaker_residential_TVCabinet_01/meshes
[0.855s] -- Up-to-date: /home/elizabeth/MREN203_Trover/install/trover_description/share/trover_description/worlds/models/aws_robomaker_residential_TVCabinet_01/meshes/aws_TVCabinet_01_visual.DAE
[0.855s] -- Up-to-date: /home/elizabeth/MREN203_Trover/install/trover_description/share/trover_description/worlds/models/aws_robomaker_residential_TVCabinet_01/meshes/aws_TVCabinet_01_collision.DAE
[0.855s] -- Up-to-date: /home/elizabeth/MREN203_Trover/install/trover_description/share/trover_description/worlds/models/aws_robomaker_residential_PortraitD_01
[0.864s] -- Up-to-date: /home/elizabeth/MREN203_Trover/install/trover_description/share/trover_description/worlds/models/aws_robomaker_residential_PortraitD_01/model.sdf
[0.865s] -- Up-to-date: /home/elizabeth/MREN203_Trover/install/trover_description/share/trover_description/worlds/models/aws_robomaker_residential_PortraitD_01/materials
[0.865s] -- Up-to-date: /home/elizabeth/MREN203_Trover/install/trover_description/share/trover_description/worlds/models/aws_robomaker_residential_PortraitD_01/materials/textures
[0.865s] -- Up-to-date: /home/elizabeth/MREN203_Trover/install/trover_description/share/trover_description/worlds/models/aws_robomaker_residential_PortraitD_01/materials/textures/PortraitD_01.jpg
[0.865s] -- Up-to-date: /home/elizabeth/MREN203_Trover/install/trover_description/share/trover_description/worlds/models/aws_robomaker_residential_PortraitD_01/materials/textures/aws_PortraitD_02.png
[0.865s] -- Up-to-date: /home/elizabeth/MREN203_Trover/install/trover_description/share/trover_description/worlds/models/aws_robomaker_residential_PortraitD_01/materials/textures/aws_PortraitD_01.png
[0.865s] -- Up-to-date: /home/elizabeth/MREN203_Trover/install/trover_description/share/trover_description/worlds/models/aws_robomaker_residential_PortraitD_01/model.config
[0.865s] -- Up-to-date: /home/elizabeth/MREN203_Trover/install/trover_description/share/trover_description/worlds/models/aws_robomaker_residential_PortraitD_01/meshes
[0.867s] -- Up-to-date: /home/elizabeth/MREN203_Trover/install/trover_description/share/trover_description/worlds/models/aws_robomaker_residential_PortraitD_01/meshes/aws_PortraitD_01_collision.DAE
[0.867s] -- Up-to-date: /home/elizabeth/MREN203_Trover/install/trover_description/share/trover_description/worlds/models/aws_robomaker_residential_PortraitD_01/meshes/aws_PortraitD_01_visual.DAE
[0.867s] -- Up-to-date: /home/elizabeth/MREN203_Trover/install/trover_description/share/trover_description/worlds/models/aws_robomaker_residential_Chandelier_01
[0.869s] -- Up-to-date: /home/elizabeth/MREN203_Trover/install/trover_description/share/trover_description/worlds/models/aws_robomaker_residential_Chandelier_01/model.sdf
[0.869s] -- Up-to-date: /home/elizabeth/MREN203_Trover/install/trover_description/share/trover_description/worlds/models/aws_robomaker_residential_Chandelier_01/materials
[0.871s] -- Up-to-date: /home/elizabeth/MREN203_Trover/install/trover_description/share/trover_description/worlds/models/aws_robomaker_residential_Chandelier_01/materials/textures
[0.874s] -- Up-to-date: /home/elizabeth/MREN203_Trover/install/trover_description/share/trover_description/worlds/models/aws_robomaker_residential_Chandelier_01/materials/textures/aws_Chandelier_01.png
[0.875s] -- Up-to-date: /home/elizabeth/MREN203_Trover/install/trover_description/share/trover_description/worlds/models/aws_robomaker_residential_Chandelier_01/model.config
[0.875s] -- Up-to-date: /home/elizabeth/MREN203_Trover/install/trover_description/share/trover_description/worlds/models/aws_robomaker_residential_Chandelier_01/meshes
[0.877s] -- Up-to-date: /home/elizabeth/MREN203_Trover/install/trover_description/share/trover_description/worlds/models/aws_robomaker_residential_Chandelier_01/meshes/aws_Chandelier_01.DAE
[0.877s] -- Up-to-date: /home/elizabeth/MREN203_Trover/install/trover_description/share/trover_description/worlds/models/aws_robomaker_residential_Chandelier_01/meshes/aws_Chandelier_01_collision.DAE
[0.877s] -- Up-to-date: /home/elizabeth/MREN203_Trover/install/trover_description/share/trover_description/worlds/models/aws_robomaker_residential_Chandelier_01/meshes/aws_Chandelier_01_visual.DAE
[0.877s] -- Up-to-date: /home/elizabeth/MREN203_Trover/install/trover_description/share/trover_description/worlds/models/aws_robomaker_residential_AirconditionerB_01
[0.879s] -- Up-to-date: /home/elizabeth/MREN203_Trover/install/trover_description/share/trover_description/worlds/models/aws_robomaker_residential_AirconditionerB_01/model.sdf
[0.880s] -- Up-to-date: /home/elizabeth/MREN203_Trover/install/trover_description/share/trover_description/worlds/models/aws_robomaker_residential_AirconditionerB_01/materials
[0.882s] -- Up-to-date: /home/elizabeth/MREN203_Trover/install/trover_description/share/trover_description/worlds/models/aws_robomaker_residential_AirconditionerB_01/materials/textures
[0.887s] -- Up-to-date: /home/elizabeth/MREN203_Trover/install/trover_description/share/trover_description/worlds/models/aws_robomaker_residential_AirconditionerB_01/materials/textures/aws_AirconditionerB_01.png
[0.888s] -- Up-to-date: /home/elizabeth/MREN203_Trover/install/trover_description/share/trover_description/worlds/models/aws_robomaker_residential_AirconditionerB_01/model.config
[0.889s] -- Up-to-date: /home/elizabeth/MREN203_Trover/install/trover_description/share/trover_description/worlds/models/aws_robomaker_residential_AirconditionerB_01/meshes
[0.890s] -- Up-to-date: /home/elizabeth/MREN203_Trover/install/trover_description/share/trover_description/worlds/models/aws_robomaker_residential_AirconditionerB_01/meshes/aws_AirconditionerB_01_collision.DAE
[0.890s] -- Up-to-date: /home/elizabeth/MREN203_Trover/install/trover_description/share/trover_description/worlds/models/aws_robomaker_residential_AirconditionerB_01/meshes/aws_AirconditionerB_01_visual.DAE
[0.891s] -- Up-to-date: /home/elizabeth/MREN203_Trover/install/trover_description/share/trover_description/worlds/models/aws_robomaker_residential_SecurityCamera_01
[0.893s] -- Up-to-date: /home/elizabeth/MREN203_Trover/install/trover_description/share/trover_description/worlds/models/aws_robomaker_residential_SecurityCamera_01/model.sdf
[0.893s] -- Up-to-date: /home/elizabeth/MREN203_Trover/install/trover_description/share/trover_description/worlds/models/aws_robomaker_residential_SecurityCamera_01/materials
[0.896s] -- Up-to-date: /home/elizabeth/MREN203_Trover/install/trover_description/share/trover_description/worlds/models/aws_robomaker_residential_SecurityCamera_01/materials/textures
[0.900s] -- Up-to-date: /home/elizabeth/MREN203_Trover/install/trover_description/share/trover_description/worlds/models/aws_robomaker_residential_SecurityCamera_01/materials/textures/aws_SecurityCamera_01.png
[0.900s] -- Up-to-date: /home/elizabeth/MREN203_Trover/install/trover_description/share/trover_description/worlds/models/aws_robomaker_residential_SecurityCamera_01/model.config
[0.900s] -- Up-to-date: /home/elizabeth/MREN203_Trover/install/trover_description/share/trover_description/worlds/models/aws_robomaker_residential_SecurityCamera_01/meshes
[0.902s] -- Up-to-date: /home/elizabeth/MREN203_Trover/install/trover_description/share/trover_description/worlds/models/aws_robomaker_residential_SecurityCamera_01/meshes/aws_SecurityCamera_01_visual.DAE
[0.905s] -- Up-to-date: /home/elizabeth/MREN203_Trover/install/trover_description/share/trover_description/worlds/models/aws_robomaker_residential_SecurityCamera_01/meshes/aws_SecurityCamera_01_collision.DAE
[0.905s] -- Up-to-date: /home/elizabeth/MREN203_Trover/install/trover_description/share/trover_description/worlds/models/aws_robomaker_residential_RoomCeiling_01
[0.906s] -- Up-to-date: /home/elizabeth/MREN203_Trover/install/trover_description/share/trover_description/worlds/models/aws_robomaker_residential_RoomCeiling_01/model.sdf
[0.906s] -- Up-to-date: /home/elizabeth/MREN203_Trover/install/trover_description/share/trover_description/worlds/models/aws_robomaker_residential_RoomCeiling_01/materials
[0.919s] -- Up-to-date: /home/elizabeth/MREN203_Trover/install/trover_description/share/trover_description/worlds/models/aws_robomaker_residential_RoomCeiling_01/materials/textures
[0.921s] -- Up-to-date: /home/elizabeth/MREN203_Trover/install/trover_description/share/trover_description/worlds/models/aws_robomaker_residential_RoomCeiling_01/materials/textures/aws_RoomCeiling_01.png
[0.921s] -- Up-to-date: /home/elizabeth/MREN203_Trover/install/trover_description/share/trover_description/worlds/models/aws_robomaker_residential_RoomCeiling_01/model.config
[0.922s] -- Up-to-date: /home/elizabeth/MREN203_Trover/install/trover_description/share/trover_description/worlds/models/aws_robomaker_residential_RoomCeiling_01/meshes
[0.923s] -- Up-to-date: /home/elizabeth/MREN203_Trover/install/trover_description/share/trover_description/worlds/models/aws_robomaker_residential_RoomCeiling_01/meshes/aws_RoomCeiling_01_visual.DAE
[0.924s] -- Up-to-date: /home/elizabeth/MREN203_Trover/install/trover_description/share/trover_description/worlds/models/aws_robomaker_residential_RoomCeiling_01/meshes/aws_RoomCeiling_01_collision.DAE
[0.924s] -- Up-to-date: /home/elizabeth/MREN203_Trover/install/trover_description/share/trover_description/worlds/models/aws_robomaker_residential_DeskPortraitC_01
[0.925s] -- Up-to-date: /home/elizabeth/MREN203_Trover/install/trover_description/share/trover_description/worlds/models/aws_robomaker_residential_DeskPortraitC_01/model.sdf
[0.925s] -- Up-to-date: /home/elizabeth/MREN203_Trover/install/trover_description/share/trover_description/worlds/models/aws_robomaker_residential_DeskPortraitC_01/materials
[0.926s] -- Up-to-date: /home/elizabeth/MREN203_Trover/install/trover_description/share/trover_description/worlds/models/aws_robomaker_residential_DeskPortraitC_01/materials/textures
[0.996s] -- Up-to-date: /home/elizabeth/MREN203_Trover/install/trover_description/share/trover_description/worlds/models/aws_robomaker_residential_DeskPortraitC_01/materials/textures/DeskPortraitC_01.jpg
[1.000s] -- Up-to-date: /home/elizabeth/MREN203_Trover/install/trover_description/share/trover_description/worlds/models/aws_robomaker_residential_DeskPortraitC_01/materials/textures/aws_DeskPortraitC_01.png
[1.002s] -- Up-to-date: /home/elizabeth/MREN203_Trover/install/trover_description/share/trover_description/worlds/models/aws_robomaker_residential_DeskPortraitC_01/materials/textures/aws_DeskPortraitC_02.png
[1.005s] -- Up-to-date: /home/elizabeth/MREN203_Trover/install/trover_description/share/trover_description/worlds/models/aws_robomaker_residential_DeskPortraitC_01/model.config
[1.006s] -- Up-to-date: /home/elizabeth/MREN203_Trover/install/trover_description/share/trover_description/worlds/models/aws_robomaker_residential_DeskPortraitC_01/meshes
[1.007s] -- Up-to-date: /home/elizabeth/MREN203_Trover/install/trover_description/share/trover_description/worlds/models/aws_robomaker_residential_DeskPortraitC_01/meshes/aws_DeskPortraitC_01_collision.DAE
[1.009s] -- Up-to-date: /home/elizabeth/MREN203_Trover/install/trover_description/share/trover_description/worlds/models/aws_robomaker_residential_DeskPortraitC_01/meshes/aws_DeskPortraitC_01_visual.DAE
[1.009s] -- Up-to-date: /home/elizabeth/MREN203_Trover/install/trover_description/share/trover_description/worlds/models/aws_robomaker_residential_SofaC_01
[1.009s] -- Up-to-date: /home/elizabeth/MREN203_Trover/install/trover_description/share/trover_description/worlds/models/aws_robomaker_residential_SofaC_01/model.sdf
[1.009s] -- Up-to-date: /home/elizabeth/MREN203_Trover/install/trover_description/share/trover_description/worlds/models/aws_robomaker_residential_SofaC_01/materials
[1.009s] -- Up-to-date: /home/elizabeth/MREN203_Trover/install/trover_description/share/trover_description/worlds/models/aws_robomaker_residential_SofaC_01/materials/textures
[1.009s] -- Up-to-date: /home/elizabeth/MREN203_Trover/install/trover_description/share/trover_description/worlds/models/aws_robomaker_residential_SofaC_01/materials/textures/aws_SofaC_01.png
[1.009s] -- Up-to-date: /home/elizabeth/MREN203_Trover/install/trover_description/share/trover_description/worlds/models/aws_robomaker_residential_SofaC_01/model.config
[1.009s] -- Up-to-date: /home/elizabeth/MREN203_Trover/install/trover_description/share/trover_description/worlds/models/aws_robomaker_residential_SofaC_01/meshes
[1.013s] -- Up-to-date: /home/elizabeth/MREN203_Trover/install/trover_description/share/trover_description/worlds/models/aws_robomaker_residential_SofaC_01/meshes/aws_SofaC_01_visual.DAE
[1.013s] -- Up-to-date: /home/elizabeth/MREN203_Trover/install/trover_description/share/trover_description/worlds/models/aws_robomaker_residential_SofaC_01/meshes/aws_SofaC_01_collision.DAE
[1.013s] -- Up-to-date: /home/elizabeth/MREN203_Trover/install/trover_description/share/trover_description/worlds/models/aws_robomaker_residential_ChairD_01
[1.017s] -- Up-to-date: /home/elizabeth/MREN203_Trover/install/trover_description/share/trover_description/worlds/models/aws_robomaker_residential_ChairD_01/model.sdf
[1.017s] -- Up-to-date: /home/elizabeth/MREN203_Trover/install/trover_description/share/trover_description/worlds/models/aws_robomaker_residential_ChairD_01/materials
[1.020s] -- Up-to-date: /home/elizabeth/MREN203_Trover/install/trover_description/share/trover_description/worlds/models/aws_robomaker_residential_ChairD_01/materials/textures
[1.023s] -- Up-to-date: /home/elizabeth/MREN203_Trover/install/trover_description/share/trover_description/worlds/models/aws_robomaker_residential_ChairD_01/materials/textures/aws_ChairD_01.png
[1.028s] -- Up-to-date: /home/elizabeth/MREN203_Trover/install/trover_description/share/trover_description/worlds/models/aws_robomaker_residential_ChairD_01/model.config
[1.028s] -- Up-to-date: /home/elizabeth/MREN203_Trover/install/trover_description/share/trover_description/worlds/models/aws_robomaker_residential_ChairD_01/meshes
[1.029s] -- Up-to-date: /home/elizabeth/MREN203_Trover/install/trover_description/share/trover_description/worlds/models/aws_robomaker_residential_ChairD_01/meshes/aws_ChairD_01_visual.DAE
[1.029s] -- Up-to-date: /home/elizabeth/MREN203_Trover/install/trover_description/share/trover_description/worlds/models/aws_robomaker_residential_ChairD_01/meshes/aws_ChairD_01_collision.DAE
[1.031s] -- Up-to-date: /home/elizabeth/MREN203_Trover/install/trover_description/share/trover_description/worlds/models/aws_robomaker_residential_CookingBench_01
[1.037s] -- Up-to-date: /home/elizabeth/MREN203_Trover/install/trover_description/share/trover_description/worlds/models/aws_robomaker_residential_CookingBench_01/model.sdf
[1.038s] -- Up-to-date: /home/elizabeth/MREN203_Trover/install/trover_description/share/trover_description/worlds/models/aws_robomaker_residential_CookingBench_01/materials
[1.039s] -- Up-to-date: /home/elizabeth/MREN203_Trover/install/trover_description/share/trover_description/worlds/models/aws_robomaker_residential_CookingBench_01/materials/textures
[1.040s] -- Up-to-date: /home/elizabeth/MREN203_Trover/install/trover_description/share/trover_description/worlds/models/aws_robomaker_residential_CookingBench_01/materials/textures/aws_CookingBench_01.png
[1.041s] -- Up-to-date: /home/elizabeth/MREN203_Trover/install/trover_description/share/trover_description/worlds/models/aws_robomaker_residential_CookingBench_01/model.config
[1.041s] -- Up-to-date: /home/elizabeth/MREN203_Trover/install/trover_description/share/trover_description/worlds/models/aws_robomaker_residential_CookingBench_01/meshes
[1.043s] -- Up-to-date: /home/elizabeth/MREN203_Trover/install/trover_description/share/trover_description/worlds/models/aws_robomaker_residential_CookingBench_01/meshes/aws_CookingBench_01_collision.DAE
[1.043s] -- Up-to-date: /home/elizabeth/MREN203_Trover/install/trover_description/share/trover_description/worlds/models/aws_robomaker_residential_CookingBench_01/meshes/aws_CookingBench_01_visual.DAE
[1.043s] -- Up-to-date: /home/elizabeth/MREN203_Trover/install/trover_description/share/trover_description/worlds/models/aws_robomaker_residential_CookingBench_01/meshes/aws_CookingBench_01.DAE
[1.044s] -- Up-to-date: /home/elizabeth/MREN203_Trover/install/trover_description/share/trover_description/worlds/models/aws_robomaker_residential_DeskPortraitA_01
[1.046s] -- Up-to-date: /home/elizabeth/MREN203_Trover/install/trover_description/share/trover_description/worlds/models/aws_robomaker_residential_DeskPortraitA_01/model.sdf
[1.047s] -- Up-to-date: /home/elizabeth/MREN203_Trover/install/trover_description/share/trover_description/worlds/models/aws_robomaker_residential_DeskPortraitA_01/materials
[1.176s] -- Up-to-date: /home/elizabeth/MREN203_Trover/install/trover_description/share/trover_description/worlds/models/aws_robomaker_residential_DeskPortraitA_01/materials/textures
[1.180s] -- Up-to-date: /home/elizabeth/MREN203_Trover/install/trover_description/share/trover_description/worlds/models/aws_robomaker_residential_DeskPortraitA_01/materials/textures/aws_DeskPortraitA_02.png
[1.184s] -- Up-to-date: /home/elizabeth/MREN203_Trover/install/trover_description/share/trover_description/worlds/models/aws_robomaker_residential_DeskPortraitA_01/materials/textures/aws_DeskPortraitA_01.png
[1.184s] -- Up-to-date: /home/elizabeth/MREN203_Trover/install/trover_description/share/trover_description/worlds/models/aws_robomaker_residential_DeskPortraitA_01/materials/textures/DeskPortraitA_01.jpg
[1.184s] -- Up-to-date: /home/elizabeth/MREN203_Trover/install/trover_description/share/trover_description/worlds/models/aws_robomaker_residential_DeskPortraitA_01/model.config
[1.184s] -- Up-to-date: /home/elizabeth/MREN203_Trover/install/trover_description/share/trover_description/worlds/models/aws_robomaker_residential_DeskPortraitA_01/meshes
[1.185s] -- Up-to-date: /home/elizabeth/MREN203_Trover/install/trover_description/share/trover_description/worlds/models/aws_robomaker_residential_DeskPortraitA_01/meshes/aws_DeskPortraitA_01_visual.DAE
[1.185s] -- Up-to-date: /home/elizabeth/MREN203_Trover/install/trover_description/share/trover_description/worlds/models/aws_robomaker_residential_DeskPortraitA_01/meshes/aws_DeskPortraitA_01_collision.DAE
[1.185s] -- Up-to-date: /home/elizabeth/MREN203_Trover/install/trover_description/share/trover_description/worlds/models/aws_robomaker_residential_Handle_01
[1.185s] -- Up-to-date: /home/elizabeth/MREN203_Trover/install/trover_description/share/trover_description/worlds/models/aws_robomaker_residential_Handle_01/model.sdf
[1.186s] -- Up-to-date: /home/elizabeth/MREN203_Trover/install/trover_description/share/trover_description/worlds/models/aws_robomaker_residential_Handle_01/materials
[1.186s] -- Up-to-date: /home/elizabeth/MREN203_Trover/install/trover_description/share/trover_description/worlds/models/aws_robomaker_residential_Handle_01/materials/textures
[1.190s] -- Up-to-date: /home/elizabeth/MREN203_Trover/install/trover_description/share/trover_description/worlds/models/aws_robomaker_residential_Handle_01/materials/textures/aws_Handle_01.png
[1.190s] -- Up-to-date: /home/elizabeth/MREN203_Trover/install/trover_description/share/trover_description/worlds/models/aws_robomaker_residential_Handle_01/model.config
[1.191s] -- Up-to-date: /home/elizabeth/MREN203_Trover/install/trover_description/share/trover_description/worlds/models/aws_robomaker_residential_Handle_01/meshes
[1.191s] -- Up-to-date: /home/elizabeth/MREN203_Trover/install/trover_description/share/trover_description/worlds/models/aws_robomaker_residential_Handle_01/meshes/aws_Handle_01_collision.DAE
[1.192s] -- Up-to-date: /home/elizabeth/MREN203_Trover/install/trover_description/share/trover_description/worlds/models/aws_robomaker_residential_Handle_01/meshes/aws_Handle_01_visual.DAE
[1.192s] -- Up-to-date: /home/elizabeth/MREN203_Trover/install/trover_description/share/trover_description/worlds/models/.DS_Store
[1.192s] -- Up-to-date: /home/elizabeth/MREN203_Trover/install/trover_description/share/trover_description/worlds/models/aws_robomaker_residential_Board_01
[1.196s] -- Up-to-date: /home/elizabeth/MREN203_Trover/install/trover_description/share/trover_description/worlds/models/aws_robomaker_residential_Board_01/model.sdf
[1.196s] -- Up-to-date: /home/elizabeth/MREN203_Trover/install/trover_description/share/trover_description/worlds/models/aws_robomaker_residential_Board_01/materials
[1.200s] -- Up-to-date: /home/elizabeth/MREN203_Trover/install/trover_description/share/trover_description/worlds/models/aws_robomaker_residential_Board_01/materials/textures
[1.203s] -- Up-to-date: /home/elizabeth/MREN203_Trover/install/trover_description/share/trover_description/worlds/models/aws_robomaker_residential_Board_01/materials/textures/aws_Board_01.png
[1.204s] -- Up-to-date: /home/elizabeth/MREN203_Trover/install/trover_description/share/trover_description/worlds/models/aws_robomaker_residential_Board_01/model.config
[1.204s] -- Up-to-date: /home/elizabeth/MREN203_Trover/install/trover_description/share/trover_description/worlds/models/aws_robomaker_residential_Board_01/meshes
[1.208s] -- Up-to-date: /home/elizabeth/MREN203_Trover/install/trover_description/share/trover_description/worlds/models/aws_robomaker_residential_Board_01/meshes/aws_Board_01_collision.DAE
[1.208s] -- Up-to-date: /home/elizabeth/MREN203_Trover/install/trover_description/share/trover_description/worlds/models/aws_robomaker_residential_Board_01/meshes/aws_Board_01_visual.DAE
[1.209s] -- Up-to-date: /home/elizabeth/MREN203_Trover/install/trover_description/share/trover_description/worlds/models/aws_robomaker_residential_DeskPortraitB_02
[1.211s] -- Up-to-date: /home/elizabeth/MREN203_Trover/install/trover_description/share/trover_description/worlds/models/aws_robomaker_residential_DeskPortraitB_02/model.sdf
[1.212s] -- Up-to-date: /home/elizabeth/MREN203_Trover/install/trover_description/share/trover_description/worlds/models/aws_robomaker_residential_DeskPortraitB_02/materials
[1.213s] -- Up-to-date: /home/elizabeth/MREN203_Trover/install/trover_description/share/trover_description/worlds/models/aws_robomaker_residential_DeskPortraitB_02/materials/textures
[1.216s] -- Up-to-date: /home/elizabeth/MREN203_Trover/install/trover_description/share/trover_description/worlds/models/aws_robomaker_residential_DeskPortraitB_02/materials/textures/DeskPortraitB_02.jpg
[1.216s] -- Up-to-date: /home/elizabeth/MREN203_Trover/install/trover_description/share/trover_description/worlds/models/aws_robomaker_residential_DeskPortraitB_02/materials/textures/aws_DeskPortraitB_02.png
[1.216s] -- Up-to-date: /home/elizabeth/MREN203_Trover/install/trover_description/share/trover_description/worlds/models/aws_robomaker_residential_DeskPortraitB_02/materials/textures/aws_DeskPortraitB_01.png
[1.216s] -- Up-to-date: /home/elizabeth/MREN203_Trover/install/trover_description/share/trover_description/worlds/models/aws_robomaker_residential_DeskPortraitB_02/model.config
[1.216s] -- Up-to-date: /home/elizabeth/MREN203_Trover/install/trover_description/share/trover_description/worlds/models/aws_robomaker_residential_DeskPortraitB_02/meshes
[1.219s] -- Up-to-date: /home/elizabeth/MREN203_Trover/install/trover_description/share/trover_description/worlds/models/aws_robomaker_residential_DeskPortraitB_02/meshes/aws_DeskPortraitB_01_visual.DAE
[1.219s] -- Up-to-date: /home/elizabeth/MREN203_Trover/install/trover_description/share/trover_description/worlds/models/aws_robomaker_residential_DeskPortraitB_02/meshes/aws_DeskPortraitB_01_collision.DAE
[1.220s] -- Up-to-date: /home/elizabeth/MREN203_Trover/install/trover_description/share/trover_description/worlds/models/aws_robomaker_residential_DeskPortraitD_03
[1.222s] -- Up-to-date: /home/elizabeth/MREN203_Trover/install/trover_description/share/trover_description/worlds/models/aws_robomaker_residential_DeskPortraitD_03/model.sdf
[1.223s] -- Up-to-date: /home/elizabeth/MREN203_Trover/install/trover_description/share/trover_description/worlds/models/aws_robomaker_residential_DeskPortraitD_03/materials
[1.225s] -- Up-to-date: /home/elizabeth/MREN203_Trover/install/trover_description/share/trover_description/worlds/models/aws_robomaker_residential_DeskPortraitD_03/materials/textures
[1.228s] -- Up-to-date: /home/elizabeth/MREN203_Trover/install/trover_description/share/trover_description/worlds/models/aws_robomaker_residential_DeskPortraitD_03/materials/textures/DeskPortraitD_03.jpg
[1.228s] -- Up-to-date: /home/elizabeth/MREN203_Trover/install/trover_description/share/trover_description/worlds/models/aws_robomaker_residential_DeskPortraitD_03/materials/textures/aws_DeskPortraitD_02.png
[1.228s] -- Up-to-date: /home/elizabeth/MREN203_Trover/install/trover_description/share/trover_description/worlds/models/aws_robomaker_residential_DeskPortraitD_03/materials/textures/aws_DeskPortraitD_01.png
[1.228s] -- Up-to-date: /home/elizabeth/MREN203_Trover/install/trover_description/share/trover_description/worlds/models/aws_robomaker_residential_DeskPortraitD_03/model.config
[1.228s] -- Up-to-date: /home/elizabeth/MREN203_Trover/install/trover_description/share/trover_description/worlds/models/aws_robomaker_residential_DeskPortraitD_03/meshes
[1.230s] -- Up-to-date: /home/elizabeth/MREN203_Trover/install/trover_description/share/trover_description/worlds/models/aws_robomaker_residential_DeskPortraitD_03/meshes/aws_DeskPortraitD_01_collision.DAE
[1.231s] -- Up-to-date: /home/elizabeth/MREN203_Trover/install/trover_description/share/trover_description/worlds/models/aws_robomaker_residential_DeskPortraitD_03/meshes/aws_DeskPortraitD_01_visual.DAE
[1.231s] -- Up-to-date: /home/elizabeth/MREN203_Trover/install/trover_description/share/trover_description/worlds/models/aws_robomaker_residential_DeskPortraitD_01
[1.232s] -- Up-to-date: /home/elizabeth/MREN203_Trover/install/trover_description/share/trover_description/worlds/models/aws_robomaker_residential_DeskPortraitD_01/model.sdf
[1.233s] -- Up-to-date: /home/elizabeth/MREN203_Trover/install/trover_description/share/trover_description/worlds/models/aws_robomaker_residential_DeskPortraitD_01/materials
[1.237s] -- Up-to-date: /home/elizabeth/MREN203_Trover/install/trover_description/share/trover_description/worlds/models/aws_robomaker_residential_DeskPortraitD_01/materials/textures
[1.238s] -- Up-to-date: /home/elizabeth/MREN203_Trover/install/trover_description/share/trover_description/worlds/models/aws_robomaker_residential_DeskPortraitD_01/materials/textures/aws_DeskPortraitD_02.png
[1.239s] -- Up-to-date: /home/elizabeth/MREN203_Trover/install/trover_description/share/trover_description/worlds/models/aws_robomaker_residential_DeskPortraitD_01/materials/textures/DeskPortraitD_01.jpg
[1.239s] -- Up-to-date: /home/elizabeth/MREN203_Trover/install/trover_description/share/trover_description/worlds/models/aws_robomaker_residential_DeskPortraitD_01/materials/textures/aws_DeskPortraitD_01.png
[1.240s] -- Up-to-date: /home/elizabeth/MREN203_Trover/install/trover_description/share/trover_description/worlds/models/aws_robomaker_residential_DeskPortraitD_01/model.config
[1.240s] -- Up-to-date: /home/elizabeth/MREN203_Trover/install/trover_description/share/trover_description/worlds/models/aws_robomaker_residential_DeskPortraitD_01/meshes
[1.242s] -- Up-to-date: /home/elizabeth/MREN203_Trover/install/trover_description/share/trover_description/worlds/models/aws_robomaker_residential_DeskPortraitD_01/meshes/aws_DeskPortraitD_01_collision.DAE
[1.243s] -- Up-to-date: /home/elizabeth/MREN203_Trover/install/trover_description/share/trover_description/worlds/models/aws_robomaker_residential_DeskPortraitD_01/meshes/aws_DeskPortraitD_01_visual.DAE
[1.243s] -- Up-to-date: /home/elizabeth/MREN203_Trover/install/trover_description/share/trover_description/worlds/models/aws_robomaker_residential_KitchenUtensils_01
[1.243s] -- Up-to-date: /home/elizabeth/MREN203_Trover/install/trover_description/share/trover_description/worlds/models/aws_robomaker_residential_KitchenUtensils_01/model.sdf
[1.243s] -- Up-to-date: /home/elizabeth/MREN203_Trover/install/trover_description/share/trover_description/worlds/models/aws_robomaker_residential_KitchenUtensils_01/materials
[1.245s] -- Up-to-date: /home/elizabeth/MREN203_Trover/install/trover_description/share/trover_description/worlds/models/aws_robomaker_residential_KitchenUtensils_01/materials/textures
[1.249s] -- Up-to-date: /home/elizabeth/MREN203_Trover/install/trover_description/share/trover_description/worlds/models/aws_robomaker_residential_KitchenUtensils_01/materials/textures/aws_KitchenUtensils_01.png
[1.253s] -- Up-to-date: /home/elizabeth/MREN203_Trover/install/trover_description/share/trover_description/worlds/models/aws_robomaker_residential_KitchenUtensils_01/model.config
[1.254s] -- Up-to-date: /home/elizabeth/MREN203_Trover/install/trover_description/share/trover_description/worlds/models/aws_robomaker_residential_KitchenUtensils_01/meshes
[1.255s] -- Up-to-date: /home/elizabeth/MREN203_Trover/install/trover_description/share/trover_description/worlds/models/aws_robomaker_residential_KitchenUtensils_01/meshes/aws_KitchenUtensils_01_visual.DAE
[1.255s] -- Up-to-date: /home/elizabeth/MREN203_Trover/install/trover_description/share/trover_description/worlds/models/aws_robomaker_residential_KitchenUtensils_01/meshes/aws_KitchenUtensils_01_collision.DAE
[1.255s] -- Up-to-date: /home/elizabeth/MREN203_Trover/install/trover_description/share/trover_description/worlds/models/aws_robomaker_residential_HouseWallB_01
[1.255s] -- Up-to-date: /home/elizabeth/MREN203_Trover/install/trover_description/share/trover_description/worlds/models/aws_robomaker_residential_HouseWallB_01/model.sdf
[1.261s] -- Up-to-date: /home/elizabeth/MREN203_Trover/install/trover_description/share/trover_description/worlds/models/aws_robomaker_residential_HouseWallB_01/materials
[1.261s] -- Up-to-date: /home/elizabeth/MREN203_Trover/install/trover_description/share/trover_description/worlds/models/aws_robomaker_residential_HouseWallB_01/materials/textures
[1.262s] -- Up-to-date: /home/elizabeth/MREN203_Trover/install/trover_description/share/trover_description/worlds/models/aws_robomaker_residential_HouseWallB_01/materials/textures/aws_HouseWallB_01.png
[1.263s] -- Up-to-date: /home/elizabeth/MREN203_Trover/install/trover_description/share/trover_description/worlds/models/aws_robomaker_residential_HouseWallB_01/model.config
[1.263s] -- Up-to-date: /home/elizabeth/MREN203_Trover/install/trover_description/share/trover_description/worlds/models/aws_robomaker_residential_HouseWallB_01/meshes
[1.263s] -- Up-to-date: /home/elizabeth/MREN203_Trover/install/trover_description/share/trover_description/worlds/models/aws_robomaker_residential_HouseWallB_01/meshes/aws_HouseWallB_01_collision.DAE
[1.263s] -- Up-to-date: /home/elizabeth/MREN203_Trover/install/trover_description/share/trover_description/worlds/models/aws_robomaker_residential_HouseWallB_01/meshes/aws_HouseWallB_01_visual.DAE
[1.263s] -- Up-to-date: /home/elizabeth/MREN203_Trover/install/trover_description/share/trover_description/worlds/models/aws_robomaker_residential_Sofa_01
[1.267s] -- Up-to-date: /home/elizabeth/MREN203_Trover/install/trover_description/share/trover_description/worlds/models/aws_robomaker_residential_Sofa_01/model.sdf
[1.268s] -- Up-to-date: /home/elizabeth/MREN203_Trover/install/trover_description/share/trover_description/worlds/models/aws_robomaker_residential_Sofa_01/materials
[1.269s] -- Up-to-date: /home/elizabeth/MREN203_Trover/install/trover_description/share/trover_description/worlds/models/aws_robomaker_residential_Sofa_01/materials/textures
[1.269s] -- Up-to-date: /home/elizabeth/MREN203_Trover/install/trover_description/share/trover_description/worlds/models/aws_robomaker_residential_Sofa_01/materials/textures/aws_Sofa_01.png
[1.269s] -- Up-to-date: /home/elizabeth/MREN203_Trover/install/trover_description/share/trover_description/worlds/models/aws_robomaker_residential_Sofa_01/model.config
[1.269s] -- Up-to-date: /home/elizabeth/MREN203_Trover/install/trover_description/share/trover_description/worlds/models/aws_robomaker_residential_Sofa_01/meshes
[1.270s] -- Up-to-date: /home/elizabeth/MREN203_Trover/install/trover_description/share/trover_description/worlds/models/aws_robomaker_residential_Sofa_01/meshes/aws_Sofa_01_collision.DAE
[1.272s] -- Up-to-date: /home/elizabeth/MREN203_Trover/install/trover_description/share/trover_description/worlds/models/aws_robomaker_residential_Sofa_01/meshes/aws_Sofa_01.DAE
[1.272s] -- Up-to-date: /home/elizabeth/MREN203_Trover/install/trover_description/share/trover_description/worlds/models/aws_robomaker_residential_Sofa_01/meshes/aws_Sofa_01_visual.DAE
[1.272s] -- Up-to-date: /home/elizabeth/MREN203_Trover/install/trover_description/share/trover_description/worlds/models/aws_robomaker_residential_SofaB_01
[1.273s] -- Up-to-date: /home/elizabeth/MREN203_Trover/install/trover_description/share/trover_description/worlds/models/aws_robomaker_residential_SofaB_01/model.sdf
[1.273s] -- Up-to-date: /home/elizabeth/MREN203_Trover/install/trover_description/share/trover_description/worlds/models/aws_robomaker_residential_SofaB_01/materials
[1.275s] -- Up-to-date: /home/elizabeth/MREN203_Trover/install/trover_description/share/trover_description/worlds/models/aws_robomaker_residential_SofaB_01/materials/textures
[1.277s] -- Up-to-date: /home/elizabeth/MREN203_Trover/install/trover_description/share/trover_description/worlds/models/aws_robomaker_residential_SofaB_01/materials/textures/aws_SofaB_01.png
[1.278s] -- Up-to-date: /home/elizabeth/MREN203_Trover/install/trover_description/share/trover_description/worlds/models/aws_robomaker_residential_SofaB_01/model.config
[1.279s] -- Up-to-date: /home/elizabeth/MREN203_Trover/install/trover_description/share/trover_description/worlds/models/aws_robomaker_residential_SofaB_01/meshes
[1.281s] -- Up-to-date: /home/elizabeth/MREN203_Trover/install/trover_description/share/trover_description/worlds/models/aws_robomaker_residential_SofaB_01/meshes/aws_SofaB_01_visual.DAE
[1.281s] -- Up-to-date: /home/elizabeth/MREN203_Trover/install/trover_description/share/trover_description/worlds/models/aws_robomaker_residential_SofaB_01/meshes/aws_SofaB_01_collision.DAE
[1.281s] -- Up-to-date: /home/elizabeth/MREN203_Trover/install/trover_description/share/trover_description/worlds/models/aws_robomaker_residential_AirconditionerA_01
[1.283s] -- Up-to-date: /home/elizabeth/MREN203_Trover/install/trover_description/share/trover_description/worlds/models/aws_robomaker_residential_AirconditionerA_01/model.sdf
[1.283s] -- Up-to-date: /home/elizabeth/MREN203_Trover/install/trover_description/share/trover_description/worlds/models/aws_robomaker_residential_AirconditionerA_01/materials
[1.285s] -- Up-to-date: /home/elizabeth/MREN203_Trover/install/trover_description/share/trover_description/worlds/models/aws_robomaker_residential_AirconditionerA_01/materials/textures
[1.287s] -- Up-to-date: /home/elizabeth/MREN203_Trover/install/trover_description/share/trover_description/worlds/models/aws_robomaker_residential_AirconditionerA_01/materials/textures/aws_AirconditionerA_01.png
[1.287s] -- Up-to-date: /home/elizabeth/MREN203_Trover/install/trover_description/share/trover_description/worlds/models/aws_robomaker_residential_AirconditionerA_01/model.config
[1.287s] -- Up-to-date: /home/elizabeth/MREN203_Trover/install/trover_description/share/trover_description/worlds/models/aws_robomaker_residential_AirconditionerA_01/meshes
[1.288s] -- Up-to-date: /home/elizabeth/MREN203_Trover/install/trover_description/share/trover_description/worlds/models/aws_robomaker_residential_AirconditionerA_01/meshes/aws_AirconditionerA_01_visual.DAE
[1.288s] -- Up-to-date: /home/elizabeth/MREN203_Trover/install/trover_description/share/trover_description/worlds/models/aws_robomaker_residential_AirconditionerA_01/meshes/aws_AirconditionerA_01_collision.DAE
[1.288s] -- Up-to-date: /home/elizabeth/MREN203_Trover/install/trover_description/share/trover_description/worlds/models/aws_robomaker_residential_CoffeeTable_01
[1.290s] -- Up-to-date: /home/elizabeth/MREN203_Trover/install/trover_description/share/trover_description/worlds/models/aws_robomaker_residential_CoffeeTable_01/model.sdf
[1.291s] -- Up-to-date: /home/elizabeth/MREN203_Trover/install/trover_description/share/trover_description/worlds/models/aws_robomaker_residential_CoffeeTable_01/materials
[1.292s] -- Up-to-date: /home/elizabeth/MREN203_Trover/install/trover_description/share/trover_description/worlds/models/aws_robomaker_residential_CoffeeTable_01/materials/textures
[1.294s] -- Up-to-date: /home/elizabeth/MREN203_Trover/install/trover_description/share/trover_description/worlds/models/aws_robomaker_residential_CoffeeTable_01/materials/textures/aws_CoffeeTable_01.png
[1.297s] -- Up-to-date: /home/elizabeth/MREN203_Trover/install/trover_description/share/trover_description/worlds/models/aws_robomaker_residential_CoffeeTable_01/model.config
[1.297s] -- Up-to-date: /home/elizabeth/MREN203_Trover/install/trover_description/share/trover_description/worlds/models/aws_robomaker_residential_CoffeeTable_01/meshes
[1.297s] -- Up-to-date: /home/elizabeth/MREN203_Trover/install/trover_description/share/trover_description/worlds/models/aws_robomaker_residential_CoffeeTable_01/meshes/aws_CoffeeTable_01_collision.DAE
[1.301s] -- Up-to-date: /home/elizabeth/MREN203_Trover/install/trover_description/share/trover_description/worlds/models/aws_robomaker_residential_CoffeeTable_01/meshes/aws_CoffeeTable_01_visual.DAE
[1.302s] -- Up-to-date: /home/elizabeth/MREN203_Trover/install/trover_description/share/trover_description/worlds/models/aws_robomaker_residential_TV_01
[1.303s] -- Up-to-date: /home/elizabeth/MREN203_Trover/install/trover_description/share/trover_description/worlds/models/aws_robomaker_residential_TV_01/model.sdf
[1.304s] -- Up-to-date: /home/elizabeth/MREN203_Trover/install/trover_description/share/trover_description/worlds/models/aws_robomaker_residential_TV_01/materials
[1.309s] -- Up-to-date: /home/elizabeth/MREN203_Trover/install/trover_description/share/trover_description/worlds/models/aws_robomaker_residential_TV_01/materials/textures
[1.310s] -- Up-to-date: /home/elizabeth/MREN203_Trover/install/trover_description/share/trover_description/worlds/models/aws_robomaker_residential_TV_01/materials/textures/aws_TV_01.png
[1.311s] -- Up-to-date: /home/elizabeth/MREN203_Trover/install/trover_description/share/trover_description/worlds/models/aws_robomaker_residential_TV_01/model.config
[1.311s] -- Up-to-date: /home/elizabeth/MREN203_Trover/install/trover_description/share/trover_description/worlds/models/aws_robomaker_residential_TV_01/meshes
[1.311s] -- Up-to-date: /home/elizabeth/MREN203_Trover/install/trover_description/share/trover_description/worlds/models/aws_robomaker_residential_TV_01/meshes/aws_TV_01_collision.DAE
[1.311s] -- Up-to-date: /home/elizabeth/MREN203_Trover/install/trover_description/share/trover_description/worlds/models/aws_robomaker_residential_TV_01/meshes/aws_TV_01_visual.DAE
[1.311s] -- Up-to-date: /home/elizabeth/MREN203_Trover/install/trover_description/share/trover_description/worlds/models/aws_robomaker_residential_Refrigerator_01
[1.312s] -- Up-to-date: /home/elizabeth/MREN203_Trover/install/trover_description/share/trover_description/worlds/models/aws_robomaker_residential_Refrigerator_01/model.sdf
[1.312s] -- Up-to-date: /home/elizabeth/MREN203_Trover/install/trover_description/share/trover_description/worlds/models/aws_robomaker_residential_Refrigerator_01/materials
[1.314s] -- Up-to-date: /home/elizabeth/MREN203_Trover/install/trover_description/share/trover_description/worlds/models/aws_robomaker_residential_Refrigerator_01/materials/textures
[1.316s] -- Up-to-date: /home/elizabeth/MREN203_Trover/install/trover_description/share/trover_description/worlds/models/aws_robomaker_residential_Refrigerator_01/materials/textures/aws_Refrigerator_02.png
[1.316s] -- Up-to-date: /home/elizabeth/MREN203_Trover/install/trover_description/share/trover_description/worlds/models/aws_robomaker_residential_Refrigerator_01/materials/textures/aws_Refrigerator_01.png
[1.317s] -- Up-to-date: /home/elizabeth/MREN203_Trover/install/trover_description/share/trover_description/worlds/models/aws_robomaker_residential_Refrigerator_01/model.config
[1.317s] -- Up-to-date: /home/elizabeth/MREN203_Trover/install/trover_description/share/trover_description/worlds/models/aws_robomaker_residential_Refrigerator_01/meshes
[1.319s] -- Up-to-date: /home/elizabeth/MREN203_Trover/install/trover_description/share/trover_description/worlds/models/aws_robomaker_residential_Refrigerator_01/meshes/aws_Refrigerator_01.DAE
[1.319s] -- Up-to-date: /home/elizabeth/MREN203_Trover/install/trover_description/share/trover_description/worlds/models/aws_robomaker_residential_Refrigerator_01/meshes/aws_Refrigerator_01_visual.DAE
[1.320s] -- Up-to-date: /home/elizabeth/MREN203_Trover/install/trover_description/share/trover_description/worlds/models/aws_robomaker_residential_Refrigerator_01/meshes/aws_Refrigerator_01_collision.DAE
[1.320s] -- Up-to-date: /home/elizabeth/MREN203_Trover/install/trover_description/share/trover_description/worlds/models/aws_robomaker_residential_Door_01
[1.321s] -- Up-to-date: /home/elizabeth/MREN203_Trover/install/trover_description/share/trover_description/worlds/models/aws_robomaker_residential_Door_01/model.sdf
[1.321s] -- Up-to-date: /home/elizabeth/MREN203_Trover/install/trover_description/share/trover_description/worlds/models/aws_robomaker_residential_Door_01/materials
[1.323s] -- Up-to-date: /home/elizabeth/MREN203_Trover/install/trover_description/share/trover_description/worlds/models/aws_robomaker_residential_Door_01/materials/textures
[1.325s] -- Up-to-date: /home/elizabeth/MREN203_Trover/install/trover_description/share/trover_description/worlds/models/aws_robomaker_residential_Door_01/materials/textures/aws_Door_01.png
[1.325s] -- Up-to-date: /home/elizabeth/MREN203_Trover/install/trover_description/share/trover_description/worlds/models/aws_robomaker_residential_Door_01/model.config
[1.325s] -- Up-to-date: /home/elizabeth/MREN203_Trover/install/trover_description/share/trover_description/worlds/models/aws_robomaker_residential_Door_01/meshes
[1.331s] -- Up-to-date: /home/elizabeth/MREN203_Trover/install/trover_description/share/trover_description/worlds/models/aws_robomaker_residential_Door_01/meshes/aws_Door_01_visual.DAE
[1.332s] -- Up-to-date: /home/elizabeth/MREN203_Trover/install/trover_description/share/trover_description/worlds/models/aws_robomaker_residential_Door_01/meshes/aws_Door_01_collision.DAE
[1.332s] -- Up-to-date: /home/elizabeth/MREN203_Trover/install/trover_description/share/trover_description/worlds/models/aws_robomaker_residential_DeskPortraitC_02
[1.337s] -- Up-to-date: /home/elizabeth/MREN203_Trover/install/trover_description/share/trover_description/worlds/models/aws_robomaker_residential_DeskPortraitC_02/model.sdf
[1.337s] -- Up-to-date: /home/elizabeth/MREN203_Trover/install/trover_description/share/trover_description/worlds/models/aws_robomaker_residential_DeskPortraitC_02/materials
[1.345s] -- Up-to-date: /home/elizabeth/MREN203_Trover/install/trover_description/share/trover_description/worlds/models/aws_robomaker_residential_DeskPortraitC_02/materials/textures
[1.357s] -- Up-to-date: /home/elizabeth/MREN203_Trover/install/trover_description/share/trover_description/worlds/models/aws_robomaker_residential_DeskPortraitC_02/materials/textures/aws_DeskPortraitC_01.png
[1.357s] -- Up-to-date: /home/elizabeth/MREN203_Trover/install/trover_description/share/trover_description/worlds/models/aws_robomaker_residential_DeskPortraitC_02/materials/textures/DeskPortraitC_02.jpg
[1.357s] -- Up-to-date: /home/elizabeth/MREN203_Trover/install/trover_description/share/trover_description/worlds/models/aws_robomaker_residential_DeskPortraitC_02/materials/textures/aws_DeskPortraitC_02.png
[1.357s] -- Up-to-date: /home/elizabeth/MREN203_Trover/install/trover_description/share/trover_description/worlds/models/aws_robomaker_residential_DeskPortraitC_02/model.config
[1.357s] -- Up-to-date: /home/elizabeth/MREN203_Trover/install/trover_description/share/trover_description/worlds/models/aws_robomaker_residential_DeskPortraitC_02/meshes
[1.360s] -- Up-to-date: /home/elizabeth/MREN203_Trover/install/trover_description/share/trover_description/worlds/models/aws_robomaker_residential_DeskPortraitC_02/meshes/aws_DeskPortraitC_01_collision.DAE
[1.360s] -- Up-to-date: /home/elizabeth/MREN203_Trover/install/trover_description/share/trover_description/worlds/models/aws_robomaker_residential_DeskPortraitC_02/meshes/aws_DeskPortraitC_01_visual.DAE
[1.361s] -- Up-to-date: /home/elizabeth/MREN203_Trover/install/trover_description/share/trover_description/worlds/models/aws_robomaker_residential_PortraitE_01
[1.362s] -- Up-to-date: /home/elizabeth/MREN203_Trover/install/trover_description/share/trover_description/worlds/models/aws_robomaker_residential_PortraitE_01/model.sdf
[1.362s] -- Up-to-date: /home/elizabeth/MREN203_Trover/install/trover_description/share/trover_description/worlds/models/aws_robomaker_residential_PortraitE_01/materials
[1.363s] -- Up-to-date: /home/elizabeth/MREN203_Trover/install/trover_description/share/trover_description/worlds/models/aws_robomaker_residential_PortraitE_01/materials/textures
[1.366s] -- Up-to-date: /home/elizabeth/MREN203_Trover/install/trover_description/share/trover_description/worlds/models/aws_robomaker_residential_PortraitE_01/materials/textures/aws_PortraitE_02.png
[1.366s] -- Up-to-date: /home/elizabeth/MREN203_Trover/install/trover_description/share/trover_description/worlds/models/aws_robomaker_residential_PortraitE_01/materials/textures/aws_PortraitE_01.png
[1.366s] -- Up-to-date: /home/elizabeth/MREN203_Trover/install/trover_description/share/trover_description/worlds/models/aws_robomaker_residential_PortraitE_01/materials/textures/PortraitE_01.jpg
[1.366s] -- Up-to-date: /home/elizabeth/MREN203_Trover/install/trover_description/share/trover_description/worlds/models/aws_robomaker_residential_PortraitE_01/model.config
[1.366s] -- Up-to-date: /home/elizabeth/MREN203_Trover/install/trover_description/share/trover_description/worlds/models/aws_robomaker_residential_PortraitE_01/meshes
[1.381s] -- Up-to-date: /home/elizabeth/MREN203_Trover/install/trover_description/share/trover_description/worlds/models/aws_robomaker_residential_PortraitE_01/meshes/aws_PortraitE_01_visual.DAE
[1.381s] -- Up-to-date: /home/elizabeth/MREN203_Trover/install/trover_description/share/trover_description/worlds/models/aws_robomaker_residential_PortraitE_01/meshes/aws_PortraitE_01_collision.DAE
[1.381s] -- Up-to-date: /home/elizabeth/MREN203_Trover/install/trover_description/share/trover_description/worlds/models/aws_robomaker_residential_DeskPortraitD_04
[1.383s] -- Up-to-date: /home/elizabeth/MREN203_Trover/install/trover_description/share/trover_description/worlds/models/aws_robomaker_residential_DeskPortraitD_04/model.sdf
[1.383s] -- Up-to-date: /home/elizabeth/MREN203_Trover/install/trover_description/share/trover_description/worlds/models/aws_robomaker_residential_DeskPortraitD_04/materials
[1.386s] -- Up-to-date: /home/elizabeth/MREN203_Trover/install/trover_description/share/trover_description/worlds/models/aws_robomaker_residential_DeskPortraitD_04/materials/textures
[1.388s] -- Up-to-date: /home/elizabeth/MREN203_Trover/install/trover_description/share/trover_description/worlds/models/aws_robomaker_residential_DeskPortraitD_04/materials/textures/aws_DeskPortraitD_02.png
[1.388s] -- Up-to-date: /home/elizabeth/MREN203_Trover/install/trover_description/share/trover_description/worlds/models/aws_robomaker_residential_DeskPortraitD_04/materials/textures/DeskPortraitD_04.jpg
[1.388s] -- Up-to-date: /home/elizabeth/MREN203_Trover/install/trover_description/share/trover_description/worlds/models/aws_robomaker_residential_DeskPortraitD_04/materials/textures/aws_DeskPortraitD_01.png
[1.389s] -- Up-to-date: /home/elizabeth/MREN203_Trover/install/trover_description/share/trover_description/worlds/models/aws_robomaker_residential_DeskPortraitD_04/model.config
[1.389s] -- Up-to-date: /home/elizabeth/MREN203_Trover/install/trover_description/share/trover_description/worlds/models/aws_robomaker_residential_DeskPortraitD_04/meshes
[1.390s] -- Up-to-date: /home/elizabeth/MREN203_Trover/install/trover_description/share/trover_description/worlds/models/aws_robomaker_residential_DeskPortraitD_04/meshes/aws_DeskPortraitD_01_collision.DAE
[1.390s] -- Up-to-date: /home/elizabeth/MREN203_Trover/install/trover_description/share/trover_description/worlds/models/aws_robomaker_residential_DeskPortraitD_04/meshes/aws_DeskPortraitD_01_visual.DAE
[1.390s] -- Up-to-date: /home/elizabeth/MREN203_Trover/install/trover_description/share/trover_description/worlds/models/aws_robomaker_residential_Pillow_01
[1.394s] -- Up-to-date: /home/elizabeth/MREN203_Trover/install/trover_description/share/trover_description/worlds/models/aws_robomaker_residential_Pillow_01/model.sdf
[1.394s] -- Up-to-date: /home/elizabeth/MREN203_Trover/install/trover_description/share/trover_description/worlds/models/aws_robomaker_residential_Pillow_01/materials
[1.402s] -- Up-to-date: /home/elizabeth/MREN203_Trover/install/trover_description/share/trover_description/worlds/models/aws_robomaker_residential_Pillow_01/materials/textures
[1.408s] -- Up-to-date: /home/elizabeth/MREN203_Trover/install/trover_description/share/trover_description/worlds/models/aws_robomaker_residential_Pillow_01/materials/textures/aws_Pillow_01.png
[1.410s] -- Up-to-date: /home/elizabeth/MREN203_Trover/install/trover_description/share/trover_description/worlds/models/aws_robomaker_residential_Pillow_01/model.config
[1.412s] -- Up-to-date: /home/elizabeth/MREN203_Trover/install/trover_description/share/trover_description/worlds/models/aws_robomaker_residential_Pillow_01/meshes
[1.412s] -- Up-to-date: /home/elizabeth/MREN203_Trover/install/trover_description/share/trover_description/worlds/models/aws_robomaker_residential_Pillow_01/meshes/aws_Pillow_01_collision.DAE
[1.412s] -- Up-to-date: /home/elizabeth/MREN203_Trover/install/trover_description/share/trover_description/worlds/models/aws_robomaker_residential_Pillow_01/meshes/aws_Pillow_01_visual.DAE
[1.412s] -- Up-to-date: /home/elizabeth/MREN203_Trover/install/trover_description/share/trover_description/worlds/models/aws_robomaker_residential_Tablet_01
[1.414s] -- Up-to-date: /home/elizabeth/MREN203_Trover/install/trover_description/share/trover_description/worlds/models/aws_robomaker_residential_Tablet_01/.DS_Store
[1.415s] -- Up-to-date: /home/elizabeth/MREN203_Trover/install/trover_description/share/trover_description/worlds/models/aws_robomaker_residential_Tablet_01/model.sdf
[1.415s] -- Up-to-date: /home/elizabeth/MREN203_Trover/install/trover_description/share/trover_description/worlds/models/aws_robomaker_residential_Tablet_01/materials
[1.416s] -- Up-to-date: /home/elizabeth/MREN203_Trover/install/trover_description/share/trover_description/worlds/models/aws_robomaker_residential_Tablet_01/materials/.DS_Store
[1.417s] -- Up-to-date: /home/elizabeth/MREN203_Trover/install/trover_description/share/trover_description/worlds/models/aws_robomaker_residential_Tablet_01/materials/textures
[1.419s] -- Up-to-date: /home/elizabeth/MREN203_Trover/install/trover_description/share/trover_description/worlds/models/aws_robomaker_residential_Tablet_01/materials/textures/aws_Tablet_01_nologo.png
[1.419s] -- Up-to-date: /home/elizabeth/MREN203_Trover/install/trover_description/share/trover_description/worlds/models/aws_robomaker_residential_Tablet_01/model.config
[1.419s] -- Up-to-date: /home/elizabeth/MREN203_Trover/install/trover_description/share/trover_description/worlds/models/aws_robomaker_residential_Tablet_01/meshes
[1.421s] -- Up-to-date: /home/elizabeth/MREN203_Trover/install/trover_description/share/trover_description/worlds/models/aws_robomaker_residential_Tablet_01/meshes/aws_Tablet_01_visual.DAE
[1.421s] -- Up-to-date: /home/elizabeth/MREN203_Trover/install/trover_description/share/trover_description/worlds/models/aws_robomaker_residential_Tablet_01/meshes/aws_Tablet_01_collision.DAE
[1.421s] -- Up-to-date: /home/elizabeth/MREN203_Trover/install/trover_description/share/trover_description/worlds/models/aws_robomaker_residential_ReadingDesk_01
[1.422s] -- Up-to-date: /home/elizabeth/MREN203_Trover/install/trover_description/share/trover_description/worlds/models/aws_robomaker_residential_ReadingDesk_01/model.sdf
[1.423s] -- Up-to-date: /home/elizabeth/MREN203_Trover/install/trover_description/share/trover_description/worlds/models/aws_robomaker_residential_ReadingDesk_01/materials
[1.424s] -- Up-to-date: /home/elizabeth/MREN203_Trover/install/trover_description/share/trover_description/worlds/models/aws_robomaker_residential_ReadingDesk_01/materials/textures
[1.426s] -- Up-to-date: /home/elizabeth/MREN203_Trover/install/trover_description/share/trover_description/worlds/models/aws_robomaker_residential_ReadingDesk_01/materials/textures/aws_ReadingDesk_01.png
[1.426s] -- Up-to-date: /home/elizabeth/MREN203_Trover/install/trover_description/share/trover_description/worlds/models/aws_robomaker_residential_ReadingDesk_01/model.config
[1.427s] -- Up-to-date: /home/elizabeth/MREN203_Trover/install/trover_description/share/trover_description/worlds/models/aws_robomaker_residential_ReadingDesk_01/meshes
[1.428s] -- Up-to-date: /home/elizabeth/MREN203_Trover/install/trover_description/share/trover_description/worlds/models/aws_robomaker_residential_ReadingDesk_01/meshes/aws_ReadingDesk_01_collision.DAE
[1.428s] -- Up-to-date: /home/elizabeth/MREN203_Trover/install/trover_description/share/trover_description/worlds/models/aws_robomaker_residential_ReadingDesk_01/meshes/aws_ReadingDesk_01_visual.DAE
[1.428s] -- Up-to-date: /home/elizabeth/MREN203_Trover/install/trover_description/share/trover_description/worlds/models/aws_robomaker_residential_LightC_01
[1.430s] -- Up-to-date: /home/elizabeth/MREN203_Trover/install/trover_description/share/trover_description/worlds/models/aws_robomaker_residential_LightC_01/model.sdf
[1.431s] -- Up-to-date: /home/elizabeth/MREN203_Trover/install/trover_description/share/trover_description/worlds/models/aws_robomaker_residential_LightC_01/materials
[1.433s] -- Up-to-date: /home/elizabeth/MREN203_Trover/install/trover_description/share/trover_description/worlds/models/aws_robomaker_residential_LightC_01/materials/textures
[1.436s] -- Up-to-date: /home/elizabeth/MREN203_Trover/install/trover_description/share/trover_description/worlds/models/aws_robomaker_residential_LightC_01/materials/textures/aws_LightC_01.png
[1.436s] -- Up-to-date: /home/elizabeth/MREN203_Trover/install/trover_description/share/trover_description/worlds/models/aws_robomaker_residential_LightC_01/model.config
[1.436s] -- Up-to-date: /home/elizabeth/MREN203_Trover/install/trover_description/share/trover_description/worlds/models/aws_robomaker_residential_LightC_01/meshes
[1.437s] -- Up-to-date: /home/elizabeth/MREN203_Trover/install/trover_description/share/trover_description/worlds/models/aws_robomaker_residential_LightC_01/meshes/aws_LightC_01_visual.DAE
[1.438s] -- Up-to-date: /home/elizabeth/MREN203_Trover/install/trover_description/share/trover_description/worlds/models/aws_robomaker_residential_LightC_01/meshes/aws_LightC_01_collision.DAE
[1.438s] -- Up-to-date: /home/elizabeth/MREN203_Trover/install/trover_description/share/trover_description/worlds/models/aws_robomaker_residential_Curtain_01
[1.439s] -- Up-to-date: /home/elizabeth/MREN203_Trover/install/trover_description/share/trover_description/worlds/models/aws_robomaker_residential_Curtain_01/model.sdf
[1.440s] -- Up-to-date: /home/elizabeth/MREN203_Trover/install/trover_description/share/trover_description/worlds/models/aws_robomaker_residential_Curtain_01/materials
[1.443s] -- Up-to-date: /home/elizabeth/MREN203_Trover/install/trover_description/share/trover_description/worlds/models/aws_robomaker_residential_Curtain_01/materials/textures
[1.446s] -- Up-to-date: /home/elizabeth/MREN203_Trover/install/trover_description/share/trover_description/worlds/models/aws_robomaker_residential_Curtain_01/materials/textures/aws_Curtain_01.png
[1.447s] -- Up-to-date: /home/elizabeth/MREN203_Trover/install/trover_description/share/trover_description/worlds/models/aws_robomaker_residential_Curtain_01/model.config
[1.447s] -- Up-to-date: /home/elizabeth/MREN203_Trover/install/trover_description/share/trover_description/worlds/models/aws_robomaker_residential_Curtain_01/meshes
[1.450s] -- Up-to-date: /home/elizabeth/MREN203_Trover/install/trover_description/share/trover_description/worlds/models/aws_robomaker_residential_Curtain_01/meshes/aws_Curtain_01_visual.DAE
[1.451s] -- Up-to-date: /home/elizabeth/MREN203_Trover/install/trover_description/share/trover_description/worlds/models/aws_robomaker_residential_Curtain_01/meshes/aws_Curtain_01_collision.DAE
[1.451s] -- Up-to-date: /home/elizabeth/MREN203_Trover/install/trover_description/share/trover_description/worlds/models/aws_robomaker_residential_ChairA_01
[1.455s] -- Up-to-date: /home/elizabeth/MREN203_Trover/install/trover_description/share/trover_description/worlds/models/aws_robomaker_residential_ChairA_01/model.sdf
[1.458s] -- Up-to-date: /home/elizabeth/MREN203_Trover/install/trover_description/share/trover_description/worlds/models/aws_robomaker_residential_ChairA_01/materials
[1.458s] -- Up-to-date: /home/elizabeth/MREN203_Trover/install/trover_description/share/trover_description/worlds/models/aws_robomaker_residential_ChairA_01/materials/textures
[1.459s] -- Up-to-date: /home/elizabeth/MREN203_Trover/install/trover_description/share/trover_description/worlds/models/aws_robomaker_residential_ChairA_01/materials/textures/aws_ChairA_01.png
[1.459s] -- Up-to-date: /home/elizabeth/MREN203_Trover/install/trover_description/share/trover_description/worlds/models/aws_robomaker_residential_ChairA_01/model.config
[1.459s] -- Up-to-date: /home/elizabeth/MREN203_Trover/install/trover_description/share/trover_description/worlds/models/aws_robomaker_residential_ChairA_01/meshes
[1.459s] -- Up-to-date: /home/elizabeth/MREN203_Trover/install/trover_description/share/trover_description/worlds/models/aws_robomaker_residential_ChairA_01/meshes/aws_ChairA_01_visual.DAE
[1.459s] -- Up-to-date: /home/elizabeth/MREN203_Trover/install/trover_description/share/trover_description/worlds/models/aws_robomaker_residential_ChairA_01/meshes/aws_ChairA_01_collision.DAE
[1.459s] -- Up-to-date: /home/elizabeth/MREN203_Trover/install/trover_description/share/trover_description/worlds/models/aws_robomaker_residential_Ball_01
[1.462s] -- Up-to-date: /home/elizabeth/MREN203_Trover/install/trover_description/share/trover_description/worlds/models/aws_robomaker_residential_Ball_01/model.sdf
[1.462s] -- Up-to-date: /home/elizabeth/MREN203_Trover/install/trover_description/share/trover_description/worlds/models/aws_robomaker_residential_Ball_01/materials
[1.465s] -- Up-to-date: /home/elizabeth/MREN203_Trover/install/trover_description/share/trover_description/worlds/models/aws_robomaker_residential_Ball_01/materials/textures
[1.469s] -- Up-to-date: /home/elizabeth/MREN203_Trover/install/trover_description/share/trover_description/worlds/models/aws_robomaker_residential_Ball_01/materials/textures/aws_Ball_01.png
[1.470s] -- Up-to-date: /home/elizabeth/MREN203_Trover/install/trover_description/share/trover_description/worlds/models/aws_robomaker_residential_Ball_01/model.config
[1.470s] -- Up-to-date: /home/elizabeth/MREN203_Trover/install/trover_description/share/trover_description/worlds/models/aws_robomaker_residential_Ball_01/meshes
[1.470s] -- Up-to-date: /home/elizabeth/MREN203_Trover/install/trover_description/share/trover_description/worlds/models/aws_robomaker_residential_Ball_01/meshes/aws_Ball_01_collision.DAE
[1.470s] -- Up-to-date: /home/elizabeth/MREN203_Trover/install/trover_description/share/trover_description/worlds/models/aws_robomaker_residential_Ball_01/meshes/aws_Ball_01_visual.DAE
[1.471s] -- Up-to-date: /home/elizabeth/MREN203_Trover/install/trover_description/share/trover_description/worlds/models/aws_robomaker_residential_Trash_01
[1.471s] -- Up-to-date: /home/elizabeth/MREN203_Trover/install/trover_description/share/trover_description/worlds/models/aws_robomaker_residential_Trash_01/model.sdf
[1.471s] -- Up-to-date: /home/elizabeth/MREN203_Trover/install/trover_description/share/trover_description/worlds/models/aws_robomaker_residential_Trash_01/materials
[1.472s] -- Up-to-date: /home/elizabeth/MREN203_Trover/install/trover_description/share/trover_description/worlds/models/aws_robomaker_residential_Trash_01/materials/textures
[1.474s] -- Up-to-date: /home/elizabeth/MREN203_Trover/install/trover_description/share/trover_description/worlds/models/aws_robomaker_residential_Trash_01/materials/textures/aws_Trash_01.png
[1.474s] -- Up-to-date: /home/elizabeth/MREN203_Trover/install/trover_description/share/trover_description/worlds/models/aws_robomaker_residential_Trash_01/model.config
[1.475s] -- Up-to-date: /home/elizabeth/MREN203_Trover/install/trover_description/share/trover_description/worlds/models/aws_robomaker_residential_Trash_01/meshes
[1.476s] -- Up-to-date: /home/elizabeth/MREN203_Trover/install/trover_description/share/trover_description/worlds/models/aws_robomaker_residential_Trash_01/meshes/aws_Trash_01_collision.DAE
[1.477s] -- Up-to-date: /home/elizabeth/MREN203_Trover/install/trover_description/share/trover_description/worlds/models/aws_robomaker_residential_Trash_01/meshes/aws_Trash_01_visual.DAE
[1.477s] -- Up-to-date: /home/elizabeth/MREN203_Trover/install/trover_description/share/trover_description/worlds/models/aws_robomaker_residential_PortraitA_02
[1.479s] -- Up-to-date: /home/elizabeth/MREN203_Trover/install/trover_description/share/trover_description/worlds/models/aws_robomaker_residential_PortraitA_02/model.sdf
[1.479s] -- Up-to-date: /home/elizabeth/MREN203_Trover/install/trover_description/share/trover_description/worlds/models/aws_robomaker_residential_PortraitA_02/materials
[1.480s] -- Up-to-date: /home/elizabeth/MREN203_Trover/install/trover_description/share/trover_description/worlds/models/aws_robomaker_residential_PortraitA_02/materials/textures
[1.485s] -- Up-to-date: /home/elizabeth/MREN203_Trover/install/trover_description/share/trover_description/worlds/models/aws_robomaker_residential_PortraitA_02/materials/textures/aws_PortraitA_02.png
[1.485s] -- Up-to-date: /home/elizabeth/MREN203_Trover/install/trover_description/share/trover_description/worlds/models/aws_robomaker_residential_PortraitA_02/materials/textures/aws_PortraitA_01.png
[1.485s] -- Up-to-date: /home/elizabeth/MREN203_Trover/install/trover_description/share/trover_description/worlds/models/aws_robomaker_residential_PortraitA_02/materials/textures/PortraitA_02.jpg
[1.485s] -- Up-to-date: /home/elizabeth/MREN203_Trover/install/trover_description/share/trover_description/worlds/models/aws_robomaker_residential_PortraitA_02/model.config
[1.486s] -- Up-to-date: /home/elizabeth/MREN203_Trover/install/trover_description/share/trover_description/worlds/models/aws_robomaker_residential_PortraitA_02/meshes
[1.487s] -- Up-to-date: /home/elizabeth/MREN203_Trover/install/trover_description/share/trover_description/worlds/models/aws_robomaker_residential_PortraitA_02/meshes/aws_PortraitA_01_collision.DAE
[1.488s] -- Up-to-date: /home/elizabeth/MREN203_Trover/install/trover_description/share/trover_description/worlds/models/aws_robomaker_residential_PortraitA_02/meshes/aws_PortraitA_01_visual.DAE
[1.488s] -- Up-to-date: /home/elizabeth/MREN203_Trover/install/trover_description/share/trover_description/worlds/models/aws_robomaker_residential_DeskPortraitA_02
[1.489s] -- Up-to-date: /home/elizabeth/MREN203_Trover/install/trover_description/share/trover_description/worlds/models/aws_robomaker_residential_DeskPortraitA_02/model.sdf
[1.489s] -- Up-to-date: /home/elizabeth/MREN203_Trover/install/trover_description/share/trover_description/worlds/models/aws_robomaker_residential_DeskPortraitA_02/materials
[1.491s] -- Up-to-date: /home/elizabeth/MREN203_Trover/install/trover_description/share/trover_description/worlds/models/aws_robomaker_residential_DeskPortraitA_02/materials/textures
[1.492s] -- Up-to-date: /home/elizabeth/MREN203_Trover/install/trover_description/share/trover_description/worlds/models/aws_robomaker_residential_DeskPortraitA_02/materials/textures/DeskPortraitA_02.jpg
[1.492s] -- Up-to-date: /home/elizabeth/MREN203_Trover/install/trover_description/share/trover_description/worlds/models/aws_robomaker_residential_DeskPortraitA_02/materials/textures/aws_DeskPortraitA_02.png
[1.493s] -- Up-to-date: /home/elizabeth/MREN203_Trover/install/trover_description/share/trover_description/worlds/models/aws_robomaker_residential_DeskPortraitA_02/materials/textures/aws_DeskPortraitA_01.png
[1.493s] -- Up-to-date: /home/elizabeth/MREN203_Trover/install/trover_description/share/trover_description/worlds/models/aws_robomaker_residential_DeskPortraitA_02/model.config
[1.493s] -- Up-to-date: /home/elizabeth/MREN203_Trover/install/trover_description/share/trover_description/worlds/models/aws_robomaker_residential_DeskPortraitA_02/meshes
[1.494s] -- Up-to-date: /home/elizabeth/MREN203_Trover/install/trover_description/share/trover_description/worlds/models/aws_robomaker_residential_DeskPortraitA_02/meshes/aws_DeskPortraitA_01_visual.DAE
[1.495s] -- Up-to-date: /home/elizabeth/MREN203_Trover/install/trover_description/share/trover_description/worlds/models/aws_robomaker_residential_DeskPortraitA_02/meshes/aws_DeskPortraitA_01_collision.DAE
[1.496s] -- Up-to-date: /home/elizabeth/MREN203_Trover/install/trover_description/share/trover_description/worlds/models/aws_robomaker_residential_KitchenTable_01
[1.502s] -- Up-to-date: /home/elizabeth/MREN203_Trover/install/trover_description/share/trover_description/worlds/models/aws_robomaker_residential_KitchenTable_01/model.sdf
[1.503s] -- Up-to-date: /home/elizabeth/MREN203_Trover/install/trover_description/share/trover_description/worlds/models/aws_robomaker_residential_KitchenTable_01/materials
[1.504s] -- Up-to-date: /home/elizabeth/MREN203_Trover/install/trover_description/share/trover_description/worlds/models/aws_robomaker_residential_KitchenTable_01/materials/textures
[1.504s] -- Up-to-date: /home/elizabeth/MREN203_Trover/install/trover_description/share/trover_description/worlds/models/aws_robomaker_residential_KitchenTable_01/materials/textures/aws_KitchenTable_01.png
[1.504s] -- Up-to-date: /home/elizabeth/MREN203_Trover/install/trover_description/share/trover_description/worlds/models/aws_robomaker_residential_KitchenTable_01/model.config
[1.509s] -- Up-to-date: /home/elizabeth/MREN203_Trover/install/trover_description/share/trover_description/worlds/models/aws_robomaker_residential_KitchenTable_01/meshes
[1.510s] -- Up-to-date: /home/elizabeth/MREN203_Trover/install/trover_description/share/trover_description/worlds/models/aws_robomaker_residential_KitchenTable_01/meshes/aws_KitchenTable_01_collision.DAE
[1.510s] -- Up-to-date: /home/elizabeth/MREN203_Trover/install/trover_description/share/trover_description/worlds/models/aws_robomaker_residential_KitchenTable_01/meshes/aws_KitchenTable_01_visual.DAE
[1.511s] -- Up-to-date: /home/elizabeth/MREN203_Trover/install/trover_description/share/trover_description/worlds/models/aws_robomaker_residential_FoldingDoor_01
[1.511s] -- Up-to-date: /home/elizabeth/MREN203_Trover/install/trover_description/share/trover_description/worlds/models/aws_robomaker_residential_FoldingDoor_01/model.sdf
[1.511s] -- Up-to-date: /home/elizabeth/MREN203_Trover/install/trover_description/share/trover_description/worlds/models/aws_robomaker_residential_FoldingDoor_01/materials
[1.511s] -- Up-to-date: /home/elizabeth/MREN203_Trover/install/trover_description/share/trover_description/worlds/models/aws_robomaker_residential_FoldingDoor_01/materials/textures
[1.512s] -- Up-to-date: /home/elizabeth/MREN203_Trover/install/trover_description/share/trover_description/worlds/models/aws_robomaker_residential_FoldingDoor_01/materials/textures/aws_FoldingDoor_01.png
[1.512s] -- Up-to-date: /home/elizabeth/MREN203_Trover/install/trover_description/share/trover_description/worlds/models/aws_robomaker_residential_FoldingDoor_01/model.config
[1.513s] -- Up-to-date: /home/elizabeth/MREN203_Trover/install/trover_description/share/trover_description/worlds/models/aws_robomaker_residential_FoldingDoor_01/meshes
[1.514s] -- Up-to-date: /home/elizabeth/MREN203_Trover/install/trover_description/share/trover_description/worlds/models/aws_robomaker_residential_FoldingDoor_01/meshes/aws_FoldingDoor_01_collision.DAE
[1.515s] -- Up-to-date: /home/elizabeth/MREN203_Trover/install/trover_description/share/trover_description/worlds/models/aws_robomaker_residential_FoldingDoor_01/meshes/aws_FoldingDoor_01_visual.DAE
[1.515s] -- Up-to-date: /home/elizabeth/MREN203_Trover/install/trover_description/share/trover_description/worlds/models/aws_robomaker_residential_Vase_01
[1.516s] -- Up-to-date: /home/elizabeth/MREN203_Trover/install/trover_description/share/trover_description/worlds/models/aws_robomaker_residential_Vase_01/model.sdf
[1.516s] -- Up-to-date: /home/elizabeth/MREN203_Trover/install/trover_description/share/trover_description/worlds/models/aws_robomaker_residential_Vase_01/materials
[1.522s] -- Up-to-date: /home/elizabeth/MREN203_Trover/install/trover_description/share/trover_description/worlds/models/aws_robomaker_residential_Vase_01/materials/textures
[1.525s] -- Up-to-date: /home/elizabeth/MREN203_Trover/install/trover_description/share/trover_description/worlds/models/aws_robomaker_residential_Vase_01/materials/textures/aws_Vase_01.png
[1.528s] -- Up-to-date: /home/elizabeth/MREN203_Trover/install/trover_description/share/trover_description/worlds/models/aws_robomaker_residential_Vase_01/model.config
[1.529s] -- Up-to-date: /home/elizabeth/MREN203_Trover/install/trover_description/share/trover_description/worlds/models/aws_robomaker_residential_Vase_01/meshes
[1.529s] -- Up-to-date: /home/elizabeth/MREN203_Trover/install/trover_description/share/trover_description/worlds/models/aws_robomaker_residential_Vase_01/meshes/aws_Vase_01_collision.DAE
[1.530s] -- Up-to-date: /home/elizabeth/MREN203_Trover/install/trover_description/share/trover_description/worlds/models/aws_robomaker_residential_Vase_01/meshes/aws_Vase_01_visual.DAE
[1.530s] -- Up-to-date: /home/elizabeth/MREN203_Trover/install/trover_description/share/trover_description/worlds/models/aws_robomaker_residential_ShoeRack_01
[1.530s] -- Up-to-date: /home/elizabeth/MREN203_Trover/install/trover_description/share/trover_description/worlds/models/aws_robomaker_residential_ShoeRack_01/model.sdf
[1.531s] -- Up-to-date: /home/elizabeth/MREN203_Trover/install/trover_description/share/trover_description/worlds/models/aws_robomaker_residential_ShoeRack_01/materials
[1.532s] -- Up-to-date: /home/elizabeth/MREN203_Trover/install/trover_description/share/trover_description/worlds/models/aws_robomaker_residential_ShoeRack_01/materials/textures
[1.535s] -- Up-to-date: /home/elizabeth/MREN203_Trover/install/trover_description/share/trover_description/worlds/models/aws_robomaker_residential_ShoeRack_01/materials/textures/aws_ShoeRack_01.png
[1.535s] -- Up-to-date: /home/elizabeth/MREN203_Trover/install/trover_description/share/trover_description/worlds/models/aws_robomaker_residential_ShoeRack_01/model.config
[1.535s] -- Up-to-date: /home/elizabeth/MREN203_Trover/install/trover_description/share/trover_description/worlds/models/aws_robomaker_residential_ShoeRack_01/meshes
[1.537s] -- Up-to-date: /home/elizabeth/MREN203_Trover/install/trover_description/share/trover_description/worlds/models/aws_robomaker_residential_ShoeRack_01/meshes/aws_ShoeRack_01_visual.DAE
[1.538s] -- Up-to-date: /home/elizabeth/MREN203_Trover/install/trover_description/share/trover_description/worlds/models/aws_robomaker_residential_ShoeRack_01/meshes/aws_ShoeRack_01_collision.DAE
[1.540s] -- Up-to-date: /home/elizabeth/MREN203_Trover/install/trover_description/share/trover_description/worlds/models/aws_robomaker_residential_Quilt_01
[1.540s] -- Up-to-date: /home/elizabeth/MREN203_Trover/install/trover_description/share/trover_description/worlds/models/aws_robomaker_residential_Quilt_01/model.sdf
[1.540s] -- Up-to-date: /home/elizabeth/MREN203_Trover/install/trover_description/share/trover_description/worlds/models/aws_robomaker_residential_Quilt_01/materials
[1.542s] -- Up-to-date: /home/elizabeth/MREN203_Trover/install/trover_description/share/trover_description/worlds/models/aws_robomaker_residential_Quilt_01/materials/textures
[1.544s] -- Up-to-date: /home/elizabeth/MREN203_Trover/install/trover_description/share/trover_description/worlds/models/aws_robomaker_residential_Quilt_01/materials/textures/aws_Quilt_01.png
[1.544s] -- Up-to-date: /home/elizabeth/MREN203_Trover/install/trover_description/share/trover_description/worlds/models/aws_robomaker_residential_Quilt_01/model.config
[1.544s] -- Up-to-date: /home/elizabeth/MREN203_Trover/install/trover_description/share/trover_description/worlds/models/aws_robomaker_residential_Quilt_01/meshes
[1.546s] -- Up-to-date: /home/elizabeth/MREN203_Trover/install/trover_description/share/trover_description/worlds/models/aws_robomaker_residential_Quilt_01/meshes/aws_Quilt_01_visual.DAE
[1.547s] -- Up-to-date: /home/elizabeth/MREN203_Trover/install/trover_description/share/trover_description/worlds/models/aws_robomaker_residential_Quilt_01/meshes/aws_Quilt_01_collision.DAE
[1.547s] -- Up-to-date: /home/elizabeth/MREN203_Trover/install/trover_description/share/trover_description/worlds/models/aws_robomaker_residential_PortraitE_02
[1.549s] -- Up-to-date: /home/elizabeth/MREN203_Trover/install/trover_description/share/trover_description/worlds/models/aws_robomaker_residential_PortraitE_02/model.sdf
[1.549s] -- Up-to-date: /home/elizabeth/MREN203_Trover/install/trover_description/share/trover_description/worlds/models/aws_robomaker_residential_PortraitE_02/materials
[1.551s] -- Up-to-date: /home/elizabeth/MREN203_Trover/install/trover_description/share/trover_description/worlds/models/aws_robomaker_residential_PortraitE_02/materials/textures
[1.553s] -- Up-to-date: /home/elizabeth/MREN203_Trover/install/trover_description/share/trover_description/worlds/models/aws_robomaker_residential_PortraitE_02/materials/textures/aws_PortraitE_02.png
[1.558s] -- Up-to-date: /home/elizabeth/MREN203_Trover/install/trover_description/share/trover_description/worlds/models/aws_robomaker_residential_PortraitE_02/materials/textures/aws_PortraitE_01.png
[1.558s] -- Up-to-date: /home/elizabeth/MREN203_Trover/install/trover_description/share/trover_description/worlds/models/aws_robomaker_residential_PortraitE_02/materials/textures/PortraitE_02.jpg
[1.558s] -- Up-to-date: /home/elizabeth/MREN203_Trover/install/trover_description/share/trover_description/worlds/models/aws_robomaker_residential_PortraitE_02/model.config
[1.558s] -- Up-to-date: /home/elizabeth/MREN203_Trover/install/trover_description/share/trover_description/worlds/models/aws_robomaker_residential_PortraitE_02/meshes
[1.559s] -- Up-to-date: /home/elizabeth/MREN203_Trover/install/trover_description/share/trover_description/worlds/models/aws_robomaker_residential_PortraitE_02/meshes/aws_PortraitE_01_visual.DAE
[1.559s] -- Up-to-date: /home/elizabeth/MREN203_Trover/install/trover_description/share/trover_description/worlds/models/aws_robomaker_residential_PortraitE_02/meshes/aws_PortraitE_01_collision.DAE
[1.559s] -- Up-to-date: /home/elizabeth/MREN203_Trover/install/trover_description/share/trover_description/worlds/models/aws_robomaker_residential_Carpet_01
[1.561s] -- Up-to-date: /home/elizabeth/MREN203_Trover/install/trover_description/share/trover_description/worlds/models/aws_robomaker_residential_Carpet_01/model.sdf
[1.564s] -- Up-to-date: /home/elizabeth/MREN203_Trover/install/trover_description/share/trover_description/worlds/models/aws_robomaker_residential_Carpet_01/materials
[1.564s] -- Up-to-date: /home/elizabeth/MREN203_Trover/install/trover_description/share/trover_description/worlds/models/aws_robomaker_residential_Carpet_01/materials/textures
[1.564s] -- Up-to-date: /home/elizabeth/MREN203_Trover/install/trover_description/share/trover_description/worlds/models/aws_robomaker_residential_Carpet_01/materials/textures/aws_Carpet_01.png
[1.564s] -- Up-to-date: /home/elizabeth/MREN203_Trover/install/trover_description/share/trover_description/worlds/models/aws_robomaker_residential_Carpet_01/model.config
[1.564s] -- Up-to-date: /home/elizabeth/MREN203_Trover/install/trover_description/share/trover_description/worlds/models/aws_robomaker_residential_Carpet_01/meshes
[1.566s] -- Up-to-date: /home/elizabeth/MREN203_Trover/install/trover_description/share/trover_description/worlds/models/aws_robomaker_residential_Carpet_01/meshes/aws_Carpet_01_collision.DAE
[1.566s] -- Up-to-date: /home/elizabeth/MREN203_Trover/install/trover_description/share/trover_description/worlds/models/aws_robomaker_residential_Carpet_01/meshes/aws_Carpet_01_visual.DAE
[1.566s] -- Up-to-date: /home/elizabeth/MREN203_Trover/install/trover_description/share/trover_description/worlds/models/aws_robomaker_residential_DeskPortraitD_02
[1.568s] -- Up-to-date: /home/elizabeth/MREN203_Trover/install/trover_description/share/trover_description/worlds/models/aws_robomaker_residential_DeskPortraitD_02/model.sdf
[1.568s] -- Up-to-date: /home/elizabeth/MREN203_Trover/install/trover_description/share/trover_description/worlds/models/aws_robomaker_residential_DeskPortraitD_02/materials
[1.569s] -- Up-to-date: /home/elizabeth/MREN203_Trover/install/trover_description/share/trover_description/worlds/models/aws_robomaker_residential_DeskPortraitD_02/materials/textures
[1.571s] -- Up-to-date: /home/elizabeth/MREN203_Trover/install/trover_description/share/trover_description/worlds/models/aws_robomaker_residential_DeskPortraitD_02/materials/textures/aws_DeskPortraitD_02.png
[1.571s] -- Up-to-date: /home/elizabeth/MREN203_Trover/install/trover_description/share/trover_description/worlds/models/aws_robomaker_residential_DeskPortraitD_02/materials/textures/DeskPortraitD_02.jpg
[1.572s] -- Up-to-date: /home/elizabeth/MREN203_Trover/install/trover_description/share/trover_description/worlds/models/aws_robomaker_residential_DeskPortraitD_02/materials/textures/aws_DeskPortraitD_01.png
[1.572s] -- Up-to-date: /home/elizabeth/MREN203_Trover/install/trover_description/share/trover_description/worlds/models/aws_robomaker_residential_DeskPortraitD_02/model.config
[1.572s] -- Up-to-date: /home/elizabeth/MREN203_Trover/install/trover_description/share/trover_description/worlds/models/aws_robomaker_residential_DeskPortraitD_02/meshes
[1.572s] -- Up-to-date: /home/elizabeth/MREN203_Trover/install/trover_description/share/trover_description/worlds/models/aws_robomaker_residential_DeskPortraitD_02/meshes/aws_DeskPortraitD_01_collision.DAE
[1.573s] -- Up-to-date: /home/elizabeth/MREN203_Trover/install/trover_description/share/trover_description/worlds/models/aws_robomaker_residential_DeskPortraitD_02/meshes/aws_DeskPortraitD_01_visual.DAE
[1.574s] -- Up-to-date: /home/elizabeth/MREN203_Trover/install/trover_description/share/trover_description/worlds/models/aws_robomaker_residential_FloorB_01
[1.576s] -- Up-to-date: /home/elizabeth/MREN203_Trover/install/trover_description/share/trover_description/worlds/models/aws_robomaker_residential_FloorB_01/model.sdf
[1.576s] -- Up-to-date: /home/elizabeth/MREN203_Trover/install/trover_description/share/trover_description/worlds/models/aws_robomaker_residential_FloorB_01/materials
[1.577s] -- Up-to-date: /home/elizabeth/MREN203_Trover/install/trover_description/share/trover_description/worlds/models/aws_robomaker_residential_FloorB_01/materials/textures
[1.579s] -- Up-to-date: /home/elizabeth/MREN203_Trover/install/trover_description/share/trover_description/worlds/models/aws_robomaker_residential_FloorB_01/materials/textures/aws_FloorB_01.png
[1.579s] -- Up-to-date: /home/elizabeth/MREN203_Trover/install/trover_description/share/trover_description/worlds/models/aws_robomaker_residential_FloorB_01/model.config
[1.579s] -- Up-to-date: /home/elizabeth/MREN203_Trover/install/trover_description/share/trover_description/worlds/models/aws_robomaker_residential_FloorB_01/meshes
[1.580s] -- Up-to-date: /home/elizabeth/MREN203_Trover/install/trover_description/share/trover_description/worlds/models/aws_robomaker_residential_FloorB_01/meshes/aws_FloorB_01_collision.DAE
[1.581s] -- Up-to-date: /home/elizabeth/MREN203_Trover/install/trover_description/share/trover_description/worlds/models/aws_robomaker_residential_FloorB_01/meshes/aws_FloorB_01_visual.DAE
[1.582s] -- Up-to-date: /home/elizabeth/MREN203_Trover/install/trover_description/share/trover_description/worlds/models/aws_robomaker_residential_RoomWindow_01
[1.584s] -- Up-to-date: /home/elizabeth/MREN203_Trover/install/trover_description/share/trover_description/worlds/models/aws_robomaker_residential_RoomWindow_01/model.sdf
[1.585s] -- Up-to-date: /home/elizabeth/MREN203_Trover/install/trover_description/share/trover_description/worlds/models/aws_robomaker_residential_RoomWindow_01/materials
[1.587s] -- Up-to-date: /home/elizabeth/MREN203_Trover/install/trover_description/share/trover_description/worlds/models/aws_robomaker_residential_RoomWindow_01/materials/textures
[1.590s] -- Up-to-date: /home/elizabeth/MREN203_Trover/install/trover_description/share/trover_description/worlds/models/aws_robomaker_residential_RoomWindow_01/materials/textures/aws_RoomWindow_01.png
[1.590s] -- Up-to-date: /home/elizabeth/MREN203_Trover/install/trover_description/share/trover_description/worlds/models/aws_robomaker_residential_RoomWindow_01/model.config
[1.591s] -- Up-to-date: /home/elizabeth/MREN203_Trover/install/trover_description/share/trover_description/worlds/models/aws_robomaker_residential_RoomWindow_01/meshes
[1.593s] -- Up-to-date: /home/elizabeth/MREN203_Trover/install/trover_description/share/trover_description/worlds/models/aws_robomaker_residential_RoomWindow_01/meshes/aws_RoomWindow_01_visual.DAE
[1.594s] -- Up-to-date: /home/elizabeth/MREN203_Trover/install/trover_description/share/trover_description/worlds/models/aws_robomaker_residential_RoomWindow_01/meshes/aws_RoomWindow_01_collision.DAE
[1.594s] -- Up-to-date: /home/elizabeth/MREN203_Trover/install/trover_description/share/trover_description/worlds/models/aws_robomaker_residential_SeasoningBox_01
[1.596s] -- Up-to-date: /home/elizabeth/MREN203_Trover/install/trover_description/share/trover_description/worlds/models/aws_robomaker_residential_SeasoningBox_01/model.sdf
[1.598s] -- Up-to-date: /home/elizabeth/MREN203_Trover/install/trover_description/share/trover_description/worlds/models/aws_robomaker_residential_SeasoningBox_01/materials
[1.609s] -- Up-to-date: /home/elizabeth/MREN203_Trover/install/trover_description/share/trover_description/worlds/models/aws_robomaker_residential_SeasoningBox_01/materials/textures
[1.609s] -- Up-to-date: /home/elizabeth/MREN203_Trover/install/trover_description/share/trover_description/worlds/models/aws_robomaker_residential_SeasoningBox_01/materials/textures/aws_SeasoningBox_01.png
[1.609s] -- Up-to-date: /home/elizabeth/MREN203_Trover/install/trover_description/share/trover_description/worlds/models/aws_robomaker_residential_SeasoningBox_01/model.config
[1.609s] -- Up-to-date: /home/elizabeth/MREN203_Trover/install/trover_description/share/trover_description/worlds/models/aws_robomaker_residential_SeasoningBox_01/meshes
[1.610s] -- Up-to-date: /home/elizabeth/MREN203_Trover/install/trover_description/share/trover_description/worlds/models/aws_robomaker_residential_SeasoningBox_01/meshes/aws_SeasoningBox_01_collision.DAE
[1.610s] -- Up-to-date: /home/elizabeth/MREN203_Trover/install/trover_description/share/trover_description/worlds/models/aws_robomaker_residential_SeasoningBox_01/meshes/aws_SeasoningBox_01_visual.DAE
[1.610s] -- Up-to-date: /home/elizabeth/MREN203_Trover/install/trover_description/share/trover_description/worlds/models/aws_robomaker_residential_BalconyTable_01
[1.610s] -- Up-to-date: /home/elizabeth/MREN203_Trover/install/trover_description/share/trover_description/worlds/models/aws_robomaker_residential_BalconyTable_01/model.sdf
[1.610s] -- Up-to-date: /home/elizabeth/MREN203_Trover/install/trover_description/share/trover_description/worlds/models/aws_robomaker_residential_BalconyTable_01/materials
[1.612s] -- Up-to-date: /home/elizabeth/MREN203_Trover/install/trover_description/share/trover_description/worlds/models/aws_robomaker_residential_BalconyTable_01/materials/textures
[1.614s] -- Up-to-date: /home/elizabeth/MREN203_Trover/install/trover_description/share/trover_description/worlds/models/aws_robomaker_residential_BalconyTable_01/materials/textures/aws_BalconyTable_01.png
[1.615s] -- Up-to-date: /home/elizabeth/MREN203_Trover/install/trover_description/share/trover_description/worlds/models/aws_robomaker_residential_BalconyTable_01/model.config
[1.615s] -- Up-to-date: /home/elizabeth/MREN203_Trover/install/trover_description/share/trover_description/worlds/models/aws_robomaker_residential_BalconyTable_01/meshes
[1.617s] -- Up-to-date: /home/elizabeth/MREN203_Trover/install/trover_description/share/trover_description/worlds/models/aws_robomaker_residential_BalconyTable_01/meshes/aws_BalconyTable_01_visual.DAE
[1.617s] -- Up-to-date: /home/elizabeth/MREN203_Trover/install/trover_description/share/trover_description/worlds/models/aws_robomaker_residential_BalconyTable_01/meshes/aws_BalconyTable_01_collision.DAE
[1.617s] -- Up-to-date: /home/elizabeth/MREN203_Trover/install/trover_description/share/trover_description/worlds/models/aws_robomaker_residential_Rangehood_01
[1.619s] -- Up-to-date: /home/elizabeth/MREN203_Trover/install/trover_description/share/trover_description/worlds/models/aws_robomaker_residential_Rangehood_01/model.sdf
[1.619s] -- Up-to-date: /home/elizabeth/MREN203_Trover/install/trover_description/share/trover_description/worlds/models/aws_robomaker_residential_Rangehood_01/materials
[1.621s] -- Up-to-date: /home/elizabeth/MREN203_Trover/install/trover_description/share/trover_description/worlds/models/aws_robomaker_residential_Rangehood_01/materials/textures
[1.623s] -- Up-to-date: /home/elizabeth/MREN203_Trover/install/trover_description/share/trover_description/worlds/models/aws_robomaker_residential_Rangehood_01/materials/textures/aws_Rangehood_01.png
[1.623s] -- Up-to-date: /home/elizabeth/MREN203_Trover/install/trover_description/share/trover_description/worlds/models/aws_robomaker_residential_Rangehood_01/model.config
[1.623s] -- Up-to-date: /home/elizabeth/MREN203_Trover/install/trover_description/share/trover_description/worlds/models/aws_robomaker_residential_Rangehood_01/meshes
[1.626s] -- Up-to-date: /home/elizabeth/MREN203_Trover/install/trover_description/share/trover_description/worlds/models/aws_robomaker_residential_Rangehood_01/meshes/aws_Rangehood_01_collision.DAE
[1.626s] -- Up-to-date: /home/elizabeth/MREN203_Trover/install/trover_description/share/trover_description/worlds/models/aws_robomaker_residential_Rangehood_01/meshes/aws_Rangehood_01_visual.DAE
[1.627s] -- Up-to-date: /home/elizabeth/MREN203_Trover/install/trover_description/share/trover_description/worlds/models/aws_robomaker_residential_PortraitD_02
[1.628s] -- Up-to-date: /home/elizabeth/MREN203_Trover/install/trover_description/share/trover_description/worlds/models/aws_robomaker_residential_PortraitD_02/model.sdf
[1.629s] -- Up-to-date: /home/elizabeth/MREN203_Trover/install/trover_description/share/trover_description/worlds/models/aws_robomaker_residential_PortraitD_02/materials
[1.631s] -- Up-to-date: /home/elizabeth/MREN203_Trover/install/trover_description/share/trover_description/worlds/models/aws_robomaker_residential_PortraitD_02/materials/textures
[1.633s] -- Up-to-date: /home/elizabeth/MREN203_Trover/install/trover_description/share/trover_description/worlds/models/aws_robomaker_residential_PortraitD_02/materials/textures/PortraitD_02.jpg
[1.634s] -- Up-to-date: /home/elizabeth/MREN203_Trover/install/trover_description/share/trover_description/worlds/models/aws_robomaker_residential_PortraitD_02/materials/textures/aws_PortraitD_02.png
[1.634s] -- Up-to-date: /home/elizabeth/MREN203_Trover/install/trover_description/share/trover_description/worlds/models/aws_robomaker_residential_PortraitD_02/materials/textures/aws_PortraitD_01.png
[1.635s] -- Up-to-date: /home/elizabeth/MREN203_Trover/install/trover_description/share/trover_description/worlds/models/aws_robomaker_residential_PortraitD_02/model.config
[1.635s] -- Up-to-date: /home/elizabeth/MREN203_Trover/install/trover_description/share/trover_description/worlds/models/aws_robomaker_residential_PortraitD_02/meshes
[1.637s] -- Up-to-date: /home/elizabeth/MREN203_Trover/install/trover_description/share/trover_description/worlds/models/aws_robomaker_residential_PortraitD_02/meshes/aws_PortraitD_01_collision.DAE
[1.639s] -- Up-to-date: /home/elizabeth/MREN203_Trover/install/trover_description/share/trover_description/worlds/models/aws_robomaker_residential_PortraitD_02/meshes/aws_PortraitD_01_visual.DAE
[1.639s] -- Up-to-date: /home/elizabeth/MREN203_Trover/install/trover_description/share/trover_description/worlds/models/aws_robomaker_residential_Bed_01
[1.641s] -- Up-to-date: /home/elizabeth/MREN203_Trover/install/trover_description/share/trover_description/worlds/models/aws_robomaker_residential_Bed_01/model.sdf
[1.641s] -- Up-to-date: /home/elizabeth/MREN203_Trover/install/trover_description/share/trover_description/worlds/models/aws_robomaker_residential_Bed_01/materials
[1.643s] -- Up-to-date: /home/elizabeth/MREN203_Trover/install/trover_description/share/trover_description/worlds/models/aws_robomaker_residential_Bed_01/materials/textures
[1.647s] -- Up-to-date: /home/elizabeth/MREN203_Trover/install/trover_description/share/trover_description/worlds/models/aws_robomaker_residential_Bed_01/materials/textures/aws_Bed_01.png
[1.647s] -- Up-to-date: /home/elizabeth/MREN203_Trover/install/trover_description/share/trover_description/worlds/models/aws_robomaker_residential_Bed_01/materials/textures/aws_BedC_01.png
[1.648s] -- Up-to-date: /home/elizabeth/MREN203_Trover/install/trover_description/share/trover_description/worlds/models/aws_robomaker_residential_Bed_01/materials/textures/aws_BedB_01.png
[1.648s] -- Up-to-date: /home/elizabeth/MREN203_Trover/install/trover_description/share/trover_description/worlds/models/aws_robomaker_residential_Bed_01/materials/textures/aws_BedA_01.png
[1.648s] -- Up-to-date: /home/elizabeth/MREN203_Trover/install/trover_description/share/trover_description/worlds/models/aws_robomaker_residential_Bed_01/model.config
[1.649s] -- Up-to-date: /home/elizabeth/MREN203_Trover/install/trover_description/share/trover_description/worlds/models/aws_robomaker_residential_Bed_01/meshes
[1.651s] -- Up-to-date: /home/elizabeth/MREN203_Trover/install/trover_description/share/trover_description/worlds/models/aws_robomaker_residential_Bed_01/meshes/aws_Bed_01_visual.DAE
[1.651s] -- Up-to-date: /home/elizabeth/MREN203_Trover/install/trover_description/share/trover_description/worlds/models/aws_robomaker_residential_Bed_01/meshes/aws_Bed_01_collision.DAE
[1.652s] -- Up-to-date: /home/elizabeth/MREN203_Trover/install/trover_description/share/trover_description/worlds/models/aws_robomaker_residential_FitnessEquipment_01
[1.656s] -- Up-to-date: /home/elizabeth/MREN203_Trover/install/trover_description/share/trover_description/worlds/models/aws_robomaker_residential_FitnessEquipment_01/model.sdf
[1.656s] -- Up-to-date: /home/elizabeth/MREN203_Trover/install/trover_description/share/trover_description/worlds/models/aws_robomaker_residential_FitnessEquipment_01/materials
[1.657s] -- Up-to-date: /home/elizabeth/MREN203_Trover/install/trover_description/share/trover_description/worlds/models/aws_robomaker_residential_FitnessEquipment_01/materials/textures
[1.659s] -- Up-to-date: /home/elizabeth/MREN203_Trover/install/trover_description/share/trover_description/worlds/models/aws_robomaker_residential_FitnessEquipment_01/materials/textures/aws_FitnessEquipment_01.png
[1.659s] -- Up-to-date: /home/elizabeth/MREN203_Trover/install/trover_description/share/trover_description/worlds/models/aws_robomaker_residential_FitnessEquipment_01/model.config
[1.660s] -- Up-to-date: /home/elizabeth/MREN203_Trover/install/trover_description/share/trover_description/worlds/models/aws_robomaker_residential_FitnessEquipment_01/meshes
[1.661s] -- Up-to-date: /home/elizabeth/MREN203_Trover/install/trover_description/share/trover_description/worlds/models/aws_robomaker_residential_FitnessEquipment_01/meshes/aws_FitnessEquipment_01_visual.DAE
[1.661s] -- Up-to-date: /home/elizabeth/MREN203_Trover/install/trover_description/share/trover_description/worlds/models/aws_robomaker_residential_FitnessEquipment_01/meshes/aws_FitnessEquipment_01_collision.DAE
[1.661s] -- Up-to-date: /home/elizabeth/MREN203_Trover/install/trover_description/share/trover_description/worlds/models/aws_robomaker_residential_KitchenCabinet_01
[1.663s] -- Up-to-date: /home/elizabeth/MREN203_Trover/install/trover_description/share/trover_description/worlds/models/aws_robomaker_residential_KitchenCabinet_01/model.sdf
[1.664s] -- Up-to-date: /home/elizabeth/MREN203_Trover/install/trover_description/share/trover_description/worlds/models/aws_robomaker_residential_KitchenCabinet_01/materials
[1.665s] -- Up-to-date: /home/elizabeth/MREN203_Trover/install/trover_description/share/trover_description/worlds/models/aws_robomaker_residential_KitchenCabinet_01/materials/textures
[1.667s] -- Up-to-date: /home/elizabeth/MREN203_Trover/install/trover_description/share/trover_description/worlds/models/aws_robomaker_residential_KitchenCabinet_01/materials/textures/aws_KitchenCabinet_01.png
[1.668s] -- Up-to-date: /home/elizabeth/MREN203_Trover/install/trover_description/share/trover_description/worlds/models/aws_robomaker_residential_KitchenCabinet_01/model.config
[1.668s] -- Up-to-date: /home/elizabeth/MREN203_Trover/install/trover_description/share/trover_description/worlds/models/aws_robomaker_residential_KitchenCabinet_01/meshes
[1.671s] -- Up-to-date: /home/elizabeth/MREN203_Trover/install/trover_description/share/trover_description/worlds/models/aws_robomaker_residential_KitchenCabinet_01/meshes/aws_KitchenCabinet_01_visual.DAE
[1.672s] -- Up-to-date: /home/elizabeth/MREN203_Trover/install/trover_description/share/trover_description/worlds/models/aws_robomaker_residential_KitchenCabinet_01/meshes/aws_KitchenCabinet_01_collision.DAE
[1.673s] -- Up-to-date: /home/elizabeth/MREN203_Trover/install/trover_description/share/trover_description/worlds/models/aws_robomaker_residential_NightStand_01
[1.673s] -- Up-to-date: /home/elizabeth/MREN203_Trover/install/trover_description/share/trover_description/worlds/models/aws_robomaker_residential_NightStand_01/model.sdf
[1.673s] -- Up-to-date: /home/elizabeth/MREN203_Trover/install/trover_description/share/trover_description/worlds/models/aws_robomaker_residential_NightStand_01/materials
[1.674s] -- Up-to-date: /home/elizabeth/MREN203_Trover/install/trover_description/share/trover_description/worlds/models/aws_robomaker_residential_NightStand_01/materials/textures
[1.677s] -- Up-to-date: /home/elizabeth/MREN203_Trover/install/trover_description/share/trover_description/worlds/models/aws_robomaker_residential_NightStand_01/materials/textures/aws_NightStand_01.png
[1.677s] -- Up-to-date: /home/elizabeth/MREN203_Trover/install/trover_description/share/trover_description/worlds/models/aws_robomaker_residential_NightStand_01/model.config
[1.677s] -- Up-to-date: /home/elizabeth/MREN203_Trover/install/trover_description/share/trover_description/worlds/models/aws_robomaker_residential_NightStand_01/meshes
[1.679s] -- Up-to-date: /home/elizabeth/MREN203_Trover/install/trover_description/share/trover_description/worlds/models/aws_robomaker_residential_NightStand_01/meshes/aws_NightStand_01_visual.DAE
[1.679s] -- Up-to-date: /home/elizabeth/MREN203_Trover/install/trover_description/share/trover_description/worlds/models/aws_robomaker_residential_NightStand_01/meshes/aws_NightStand_01_collision.DAE
[1.679s] -- Up-to-date: /home/elizabeth/MREN203_Trover/install/trover_description/share/trover_description/worlds/models/aws_robomaker_residential_PortraitC_01
[1.686s] -- Up-to-date: /home/elizabeth/MREN203_Trover/install/trover_description/share/trover_description/worlds/models/aws_robomaker_residential_PortraitC_01/model.sdf
[1.686s] -- Up-to-date: /home/elizabeth/MREN203_Trover/install/trover_description/share/trover_description/worlds/models/aws_robomaker_residential_PortraitC_01/materials
[1.687s] -- Up-to-date: /home/elizabeth/MREN203_Trover/install/trover_description/share/trover_description/worlds/models/aws_robomaker_residential_PortraitC_01/materials/textures
[1.687s] -- Up-to-date: /home/elizabeth/MREN203_Trover/install/trover_description/share/trover_description/worlds/models/aws_robomaker_residential_PortraitC_01/materials/textures/aws_PortraitC_02.png
[1.687s] -- Up-to-date: /home/elizabeth/MREN203_Trover/install/trover_description/share/trover_description/worlds/models/aws_robomaker_residential_PortraitC_01/materials/textures/aws_PortraitC_01.png
[1.687s] -- Up-to-date: /home/elizabeth/MREN203_Trover/install/trover_description/share/trover_description/worlds/models/aws_robomaker_residential_PortraitC_01/materials/textures/PortraitC_01.jpg
[1.687s] -- Up-to-date: /home/elizabeth/MREN203_Trover/install/trover_description/share/trover_description/worlds/models/aws_robomaker_residential_PortraitC_01/model.config
[1.687s] -- Up-to-date: /home/elizabeth/MREN203_Trover/install/trover_description/share/trover_description/worlds/models/aws_robomaker_residential_PortraitC_01/meshes
[1.688s] -- Up-to-date: /home/elizabeth/MREN203_Trover/install/trover_description/share/trover_description/worlds/models/aws_robomaker_residential_PortraitC_01/meshes/aws_PortraitC_01_collision.DAE
[1.688s] -- Up-to-date: /home/elizabeth/MREN203_Trover/install/trover_description/share/trover_description/worlds/models/aws_robomaker_residential_PortraitC_01/meshes/aws_PortraitC_01_visual.DAE
[1.688s] -- Up-to-date: /home/elizabeth/MREN203_Trover/install/trover_description/share/trover_description/worlds/models/aws_robomaker_residential_PortraitA_01
[1.691s] -- Up-to-date: /home/elizabeth/MREN203_Trover/install/trover_description/share/trover_description/worlds/models/aws_robomaker_residential_PortraitA_01/model.sdf
[1.692s] -- Up-to-date: /home/elizabeth/MREN203_Trover/install/trover_description/share/trover_description/worlds/models/aws_robomaker_residential_PortraitA_01/materials
[1.693s] -- Up-to-date: /home/elizabeth/MREN203_Trover/install/trover_description/share/trover_description/worlds/models/aws_robomaker_residential_PortraitA_01/materials/textures
[1.694s] -- Up-to-date: /home/elizabeth/MREN203_Trover/install/trover_description/share/trover_description/worlds/models/aws_robomaker_residential_PortraitA_01/materials/textures/PortraitA_01.jpg
[1.695s] -- Up-to-date: /home/elizabeth/MREN203_Trover/install/trover_description/share/trover_description/worlds/models/aws_robomaker_residential_PortraitA_01/materials/textures/aws_PortraitA_02.png
[1.695s] -- Up-to-date: /home/elizabeth/MREN203_Trover/install/trover_description/share/trover_description/worlds/models/aws_robomaker_residential_PortraitA_01/materials/textures/aws_PortraitA_01.png
[1.695s] -- Up-to-date: /home/elizabeth/MREN203_Trover/install/trover_description/share/trover_description/worlds/models/aws_robomaker_residential_PortraitA_01/model.config
[1.695s] -- Up-to-date: /home/elizabeth/MREN203_Trover/install/trover_description/share/trover_description/worlds/models/aws_robomaker_residential_PortraitA_01/meshes
[1.696s] -- Up-to-date: /home/elizabeth/MREN203_Trover/install/trover_description/share/trover_description/worlds/models/aws_robomaker_residential_PortraitA_01/meshes/aws_PortraitA_01_collision.DAE
[1.697s] -- Up-to-date: /home/elizabeth/MREN203_Trover/install/trover_description/share/trover_description/worlds/models/aws_robomaker_residential_PortraitA_01/meshes/aws_PortraitA_01_visual.DAE
[1.697s] -- Up-to-date: /home/elizabeth/MREN203_Trover/install/trover_description/share/trover_description/worlds/models/aws_robomaker_residential_TV_02
[1.701s] -- Up-to-date: /home/elizabeth/MREN203_Trover/install/trover_description/share/trover_description/worlds/models/aws_robomaker_residential_TV_02/model.sdf
[1.701s] -- Up-to-date: /home/elizabeth/MREN203_Trover/install/trover_description/share/trover_description/worlds/models/aws_robomaker_residential_TV_02/materials
[1.708s] -- Up-to-date: /home/elizabeth/MREN203_Trover/install/trover_description/share/trover_description/worlds/models/aws_robomaker_residential_TV_02/materials/textures
[1.713s] -- Up-to-date: /home/elizabeth/MREN203_Trover/install/trover_description/share/trover_description/worlds/models/aws_robomaker_residential_TV_02/materials/textures/aws_TV_01.png
[1.716s] -- Up-to-date: /home/elizabeth/MREN203_Trover/install/trover_description/share/trover_description/worlds/models/aws_robomaker_residential_TV_02/model.config
[1.716s] -- Up-to-date: /home/elizabeth/MREN203_Trover/install/trover_description/share/trover_description/worlds/models/aws_robomaker_residential_TV_02/meshes
[1.720s] -- Up-to-date: /home/elizabeth/MREN203_Trover/install/trover_description/share/trover_description/worlds/models/aws_robomaker_residential_TV_02/meshes/aws_TV_01_collision.DAE
[1.721s] -- Up-to-date: /home/elizabeth/MREN203_Trover/install/trover_description/share/trover_description/worlds/models/aws_robomaker_residential_TV_02/meshes/aws_TV_01_visual.DAE
[1.722s] -- Up-to-date: /home/elizabeth/MREN203_Trover/install/trover_description/share/trover_description/worlds/models/aws_robomaker_residential_Wardrobe_01
[1.722s] -- Up-to-date: /home/elizabeth/MREN203_Trover/install/trover_description/share/trover_description/worlds/models/aws_robomaker_residential_Wardrobe_01/model.sdf
[1.722s] -- Up-to-date: /home/elizabeth/MREN203_Trover/install/trover_description/share/trover_description/worlds/models/aws_robomaker_residential_Wardrobe_01/materials
[1.723s] -- Up-to-date: /home/elizabeth/MREN203_Trover/install/trover_description/share/trover_description/worlds/models/aws_robomaker_residential_Wardrobe_01/materials/textures
[1.725s] -- Up-to-date: /home/elizabeth/MREN203_Trover/install/trover_description/share/trover_description/worlds/models/aws_robomaker_residential_Wardrobe_01/materials/textures/aws_Wardrobe_01.png
[1.726s] -- Up-to-date: /home/elizabeth/MREN203_Trover/install/trover_description/share/trover_description/worlds/models/aws_robomaker_residential_Wardrobe_01/model.config
[1.727s] -- Up-to-date: /home/elizabeth/MREN203_Trover/install/trover_description/share/trover_description/worlds/models/aws_robomaker_residential_Wardrobe_01/meshes
[1.727s] -- Up-to-date: /home/elizabeth/MREN203_Trover/install/trover_description/share/trover_description/worlds/models/aws_robomaker_residential_Wardrobe_01/meshes/aws_Wardrobe_01_visual.DAE
[1.727s] -- Up-to-date: /home/elizabeth/MREN203_Trover/install/trover_description/share/trover_description/worlds/models/aws_robomaker_residential_Wardrobe_01/meshes/aws_Wardrobe_01_collision.DAE
[1.727s] -- Up-to-date: /home/elizabeth/MREN203_Trover/install/trover_description/share/trover_description/worlds/models/aws_robomaker_residential_PortraitB_03
[1.727s] -- Up-to-date: /home/elizabeth/MREN203_Trover/install/trover_description/share/trover_description/worlds/models/aws_robomaker_residential_PortraitB_03/model.sdf
[1.728s] -- Up-to-date: /home/elizabeth/MREN203_Trover/install/trover_description/share/trover_description/worlds/models/aws_robomaker_residential_PortraitB_03/materials
[1.730s] -- Up-to-date: /home/elizabeth/MREN203_Trover/install/trover_description/share/trover_description/worlds/models/aws_robomaker_residential_PortraitB_03/materials/textures
[1.732s] -- Up-to-date: /home/elizabeth/MREN203_Trover/install/trover_description/share/trover_description/worlds/models/aws_robomaker_residential_PortraitB_03/materials/textures/aws_PortraitB_01.png
[1.733s] -- Up-to-date: /home/elizabeth/MREN203_Trover/install/trover_description/share/trover_description/worlds/models/aws_robomaker_residential_PortraitB_03/materials/textures/PortraitB_03.jpg
[1.733s] -- Up-to-date: /home/elizabeth/MREN203_Trover/install/trover_description/share/trover_description/worlds/models/aws_robomaker_residential_PortraitB_03/materials/textures/aws_PortraitB_02.png
[1.733s] -- Up-to-date: /home/elizabeth/MREN203_Trover/install/trover_description/share/trover_description/worlds/models/aws_robomaker_residential_PortraitB_03/model.config
[1.733s] -- Up-to-date: /home/elizabeth/MREN203_Trover/install/trover_description/share/trover_description/worlds/models/aws_robomaker_residential_PortraitB_03/meshes
[1.733s] -- Up-to-date: /home/elizabeth/MREN203_Trover/install/trover_description/share/trover_description/worlds/models/aws_robomaker_residential_PortraitB_03/meshes/aws_PortraitB_01_collision.DAE
[1.734s] -- Up-to-date: /home/elizabeth/MREN203_Trover/install/trover_description/share/trover_description/worlds/models/aws_robomaker_residential_PortraitB_03/meshes/aws_PortraitB_01_visual.DAE
[1.734s] -- Up-to-date: /home/elizabeth/MREN203_Trover/install/trover_description/share/trover_description/worlds/models/aws_robomaker_residential_FoldingDoor_02
[1.737s] -- Up-to-date: /home/elizabeth/MREN203_Trover/install/trover_description/share/trover_description/worlds/models/aws_robomaker_residential_FoldingDoor_02/model.sdf
[1.737s] -- Up-to-date: /home/elizabeth/MREN203_Trover/install/trover_description/share/trover_description/worlds/models/aws_robomaker_residential_FoldingDoor_02/materials
[1.739s] -- Up-to-date: /home/elizabeth/MREN203_Trover/install/trover_description/share/trover_description/worlds/models/aws_robomaker_residential_FoldingDoor_02/materials/textures
[1.743s] -- Up-to-date: /home/elizabeth/MREN203_Trover/install/trover_description/share/trover_description/worlds/models/aws_robomaker_residential_FoldingDoor_02/materials/textures/aws_FoldingDoor_02.png
[1.743s] -- Up-to-date: /home/elizabeth/MREN203_Trover/install/trover_description/share/trover_description/worlds/models/aws_robomaker_residential_FoldingDoor_02/model.config
[1.743s] -- Up-to-date: /home/elizabeth/MREN203_Trover/install/trover_description/share/trover_description/worlds/models/aws_robomaker_residential_FoldingDoor_02/meshes
[1.748s] -- Up-to-date: /home/elizabeth/MREN203_Trover/install/trover_description/share/trover_description/worlds/models/aws_robomaker_residential_FoldingDoor_02/meshes/aws_FoldingDoor_02_collision.DAE
[1.748s] -- Up-to-date: /home/elizabeth/MREN203_Trover/install/trover_description/share/trover_description/worlds/models/aws_robomaker_residential_FoldingDoor_02/meshes/aws_FoldingDoor_02_visual.DAE
[1.750s] -- Up-to-date: /home/elizabeth/MREN203_Trover/install/trover_description/share/trover_description/worlds/models/aws_robomaker_residential_PortraitB_01
[1.751s] -- Up-to-date: /home/elizabeth/MREN203_Trover/install/trover_description/share/trover_description/worlds/models/aws_robomaker_residential_PortraitB_01/model.sdf
[1.751s] -- Up-to-date: /home/elizabeth/MREN203_Trover/install/trover_description/share/trover_description/worlds/models/aws_robomaker_residential_PortraitB_01/materials
[1.752s] -- Up-to-date: /home/elizabeth/MREN203_Trover/install/trover_description/share/trover_description/worlds/models/aws_robomaker_residential_PortraitB_01/materials/textures
[1.752s] -- Up-to-date: /home/elizabeth/MREN203_Trover/install/trover_description/share/trover_description/worlds/models/aws_robomaker_residential_PortraitB_01/materials/textures/aws_PortraitB_01.png
[1.752s] -- Up-to-date: /home/elizabeth/MREN203_Trover/install/trover_description/share/trover_description/worlds/models/aws_robomaker_residential_PortraitB_01/materials/textures/PortraitB_01.jpg
[1.752s] -- Up-to-date: /home/elizabeth/MREN203_Trover/install/trover_description/share/trover_description/worlds/models/aws_robomaker_residential_PortraitB_01/materials/textures/aws_PortraitB_02.png
[1.752s] -- Up-to-date: /home/elizabeth/MREN203_Trover/install/trover_description/share/trover_description/worlds/models/aws_robomaker_residential_PortraitB_01/model.config
[1.752s] -- Up-to-date: /home/elizabeth/MREN203_Trover/install/trover_description/share/trover_description/worlds/models/aws_robomaker_residential_PortraitB_01/meshes
[1.754s] -- Up-to-date: /home/elizabeth/MREN203_Trover/install/trover_description/share/trover_description/worlds/models/aws_robomaker_residential_PortraitB_01/meshes/aws_PortraitB_01_collision.DAE
[1.754s] -- Up-to-date: /home/elizabeth/MREN203_Trover/install/trover_description/share/trover_description/worlds/models/aws_robomaker_residential_PortraitB_01/meshes/aws_PortraitB_01_visual.DAE
[1.755s] -- Up-to-date: /home/elizabeth/MREN203_Trover/install/trover_description/share/trover_description/worlds/models/aws_robomaker_residential_Tableware_01
[1.756s] -- Up-to-date: /home/elizabeth/MREN203_Trover/install/trover_description/share/trover_description/worlds/models/aws_robomaker_residential_Tableware_01/model.sdf
[1.756s] -- Up-to-date: /home/elizabeth/MREN203_Trover/install/trover_description/share/trover_description/worlds/models/aws_robomaker_residential_Tableware_01/materials
[1.758s] -- Up-to-date: /home/elizabeth/MREN203_Trover/install/trover_description/share/trover_description/worlds/models/aws_robomaker_residential_Tableware_01/materials/textures
[1.761s] -- Up-to-date: /home/elizabeth/MREN203_Trover/install/trover_description/share/trover_description/worlds/models/aws_robomaker_residential_Tableware_01/materials/textures/aws_Tableware_01.png
[1.762s] -- Up-to-date: /home/elizabeth/MREN203_Trover/install/trover_description/share/trover_description/worlds/models/aws_robomaker_residential_Tableware_01/model.config
[1.762s] -- Up-to-date: /home/elizabeth/MREN203_Trover/install/trover_description/share/trover_description/worlds/models/aws_robomaker_residential_Tableware_01/meshes
[1.763s] -- Up-to-date: /home/elizabeth/MREN203_Trover/install/trover_description/share/trover_description/worlds/models/aws_robomaker_residential_Tableware_01/meshes/aws_Tableware_01_visual.DAE
[1.763s] -- Up-to-date: /home/elizabeth/MREN203_Trover/install/trover_description/share/trover_description/worlds/models/aws_robomaker_residential_Tableware_01/meshes/aws_Tableware_01_collision.DAE
[1.763s] -- Up-to-date: /home/elizabeth/MREN203_Trover/install/trover_description/share/trover_description/worlds/models/aws_robomaker_residential_PortraitB_02
[1.765s] -- Up-to-date: /home/elizabeth/MREN203_Trover/install/trover_description/share/trover_description/worlds/models/aws_robomaker_residential_PortraitB_02/model.sdf
[1.765s] -- Up-to-date: /home/elizabeth/MREN203_Trover/install/trover_description/share/trover_description/worlds/models/aws_robomaker_residential_PortraitB_02/materials
[1.766s] -- Up-to-date: /home/elizabeth/MREN203_Trover/install/trover_description/share/trover_description/worlds/models/aws_robomaker_residential_PortraitB_02/materials/textures
[1.772s] -- Up-to-date: /home/elizabeth/MREN203_Trover/install/trover_description/share/trover_description/worlds/models/aws_robomaker_residential_PortraitB_02/materials/textures/aws_PortraitB_01.png
[1.774s] -- Up-to-date: /home/elizabeth/MREN203_Trover/install/trover_description/share/trover_description/worlds/models/aws_robomaker_residential_PortraitB_02/materials/textures/PortraitB_02.jpg
[1.774s] -- Up-to-date: /home/elizabeth/MREN203_Trover/install/trover_description/share/trover_description/worlds/models/aws_robomaker_residential_PortraitB_02/materials/textures/aws_PortraitB_02.png
[1.776s] -- Up-to-date: /home/elizabeth/MREN203_Trover/install/trover_description/share/trover_description/worlds/models/aws_robomaker_residential_PortraitB_02/model.config
[1.776s] -- Up-to-date: /home/elizabeth/MREN203_Trover/install/trover_description/share/trover_description/worlds/models/aws_robomaker_residential_PortraitB_02/meshes
[1.776s] -- Up-to-date: /home/elizabeth/MREN203_Trover/install/trover_description/share/trover_description/worlds/models/aws_robomaker_residential_PortraitB_02/meshes/aws_PortraitB_01_collision.DAE
[1.776s] -- Up-to-date: /home/elizabeth/MREN203_Trover/install/trover_description/share/trover_description/worlds/models/aws_robomaker_residential_PortraitB_02/meshes/aws_PortraitB_01_visual.DAE
[1.776s] -- Up-to-date: /home/elizabeth/MREN203_Trover/install/trover_description/share/trover_description/worlds/models/aws_robomaker_residential_Dumbbell_01
[1.776s] -- Up-to-date: /home/elizabeth/MREN203_Trover/install/trover_description/share/trover_description/worlds/models/aws_robomaker_residential_Dumbbell_01/model.sdf
[1.776s] -- Up-to-date: /home/elizabeth/MREN203_Trover/install/trover_description/share/trover_description/worlds/models/aws_robomaker_residential_Dumbbell_01/materials
[1.779s] -- Up-to-date: /home/elizabeth/MREN203_Trover/install/trover_description/share/trover_description/worlds/models/aws_robomaker_residential_Dumbbell_01/materials/textures
[1.781s] -- Up-to-date: /home/elizabeth/MREN203_Trover/install/trover_description/share/trover_description/worlds/models/aws_robomaker_residential_Dumbbell_01/materials/textures/aws_Dumbbell_01.png
[1.781s] -- Up-to-date: /home/elizabeth/MREN203_Trover/install/trover_description/share/trover_description/worlds/models/aws_robomaker_residential_Dumbbell_01/model.config
[1.781s] -- Up-to-date: /home/elizabeth/MREN203_Trover/install/trover_description/share/trover_description/worlds/models/aws_robomaker_residential_Dumbbell_01/meshes
[1.781s] -- Up-to-date: /home/elizabeth/MREN203_Trover/install/trover_description/share/trover_description/worlds/models/aws_robomaker_residential_Dumbbell_01/meshes/aws_Dumbbell_01_collision.DAE
[1.781s] -- Up-to-date: /home/elizabeth/MREN203_Trover/install/trover_description/share/trover_description/worlds/models/aws_robomaker_residential_Dumbbell_01/meshes/aws_Dumbbell_01_visual.DAE
[1.781s] -- Up-to-date: /home/elizabeth/MREN203_Trover/install/trover_description/share/trover_description/worlds/models/aws_robomaker_residential_DeskPortraitB_01
[1.785s] -- Up-to-date: /home/elizabeth/MREN203_Trover/install/trover_description/share/trover_description/worlds/models/aws_robomaker_residential_DeskPortraitB_01/model.sdf
[1.785s] -- Up-to-date: /home/elizabeth/MREN203_Trover/install/trover_description/share/trover_description/worlds/models/aws_robomaker_residential_DeskPortraitB_01/materials
[1.787s] -- Up-to-date: /home/elizabeth/MREN203_Trover/install/trover_description/share/trover_description/worlds/models/aws_robomaker_residential_DeskPortraitB_01/materials/textures
[1.789s] -- Up-to-date: /home/elizabeth/MREN203_Trover/install/trover_description/share/trover_description/worlds/models/aws_robomaker_residential_DeskPortraitB_01/materials/textures/DeskPortraitB_01.jpg
[1.789s] -- Up-to-date: /home/elizabeth/MREN203_Trover/install/trover_description/share/trover_description/worlds/models/aws_robomaker_residential_DeskPortraitB_01/materials/textures/aws_DeskPortraitB_02.png
[1.789s] -- Up-to-date: /home/elizabeth/MREN203_Trover/install/trover_description/share/trover_description/worlds/models/aws_robomaker_residential_DeskPortraitB_01/materials/textures/aws_DeskPortraitB_01.png
[1.789s] -- Up-to-date: /home/elizabeth/MREN203_Trover/install/trover_description/share/trover_description/worlds/models/aws_robomaker_residential_DeskPortraitB_01/model.config
[1.789s] -- Up-to-date: /home/elizabeth/MREN203_Trover/install/trover_description/share/trover_description/worlds/models/aws_robomaker_residential_DeskPortraitB_01/meshes
[1.789s] -- Up-to-date: /home/elizabeth/MREN203_Trover/install/trover_description/share/trover_description/worlds/models/aws_robomaker_residential_DeskPortraitB_01/meshes/aws_DeskPortraitB_01_visual.DAE
[1.789s] -- Up-to-date: /home/elizabeth/MREN203_Trover/install/trover_description/share/trover_description/worlds/models/aws_robomaker_residential_DeskPortraitB_01/meshes/aws_DeskPortraitB_01_collision.DAE
[1.789s] -- Up-to-date: /home/elizabeth/MREN203_Trover/install/trover_description/share/trover_description/worlds/docs
[1.792s] -- Up-to-date: /home/elizabeth/MREN203_Trover/install/trover_description/share/trover_description/worlds/docs/images
[1.794s] -- Up-to-date: /home/elizabeth/MREN203_Trover/install/trover_description/share/trover_description/worlds/docs/images/nav_path_rviz_gazebo.png
[1.795s] -- Up-to-date: /home/elizabeth/MREN203_Trover/install/trover_description/share/trover_description/worlds/docs/images/gazebo_01.png
[1.796s] -- Up-to-date: /home/elizabeth/MREN203_Trover/install/trover_description/share/trover_description/worlds/docs/images/gzweb_aws_house.png
[1.796s] -- Up-to-date: /home/elizabeth/MREN203_Trover/install/trover_description/share/trover_description/worlds/package.xml
[1.796s] -- Up-to-date: /home/elizabeth/MREN203_Trover/install/trover_description/share/trover_description/worlds/LICENSE
[1.796s] -- Up-to-date: /home/elizabeth/MREN203_Trover/install/trover_description/share/trover_description/worlds/routes
[1.800s] -- Up-to-date: /home/elizabeth/MREN203_Trover/install/trover_description/share/trover_description/worlds/routes/route.yaml
[1.800s] -- Up-to-date: /home/elizabeth/MREN203_Trover/install/trover_description/share/ament_index/resource_index/package_run_dependencies/trover_description
[1.800s] -- Up-to-date: /home/elizabeth/MREN203_Trover/install/trover_description/share/ament_index/resource_index/parent_prefix_path/trover_description
[1.800s] -- Up-to-date: /home/elizabeth/MREN203_Trover/install/trover_description/share/trover_description/environment/ament_prefix_path.sh
[1.800s] -- Up-to-date: /home/elizabeth/MREN203_Trover/install/trover_description/share/trover_description/environment/ament_prefix_path.dsv
[1.800s] -- Up-to-date: /home/elizabeth/MREN203_Trover/install/trover_description/share/trover_description/environment/path.sh
[1.800s] -- Up-to-date: /home/elizabeth/MREN203_Trover/install/trover_description/share/trover_description/environment/path.dsv
[1.800s] -- Up-to-date: /home/elizabeth/MREN203_Trover/install/trover_description/share/trover_description/local_setup.bash
[1.803s] -- Up-to-date: /home/elizabeth/MREN203_Trover/install/trover_description/share/trover_description/local_setup.sh
[1.803s] -- Up-to-date: /home/elizabeth/MREN203_Trover/install/trover_description/share/trover_description/local_setup.zsh
[1.803s] -- Up-to-date: /home/elizabeth/MREN203_Trover/install/trover_description/share/trover_description/local_setup.dsv
[1.803s] -- Installing: /home/elizabeth/MREN203_Trover/install/trover_description/share/trover_description/package.dsv
[1.823s] -- Up-to-date: /home/elizabeth/MREN203_Trover/install/trover_description/share/ament_index/resource_index/packages/trover_description
[1.823s] -- Up-to-date: /home/elizabeth/MREN203_Trover/install/trover_description/share/trover_description/cmake/trover_descriptionConfig.cmake
[1.824s] -- Up-to-date: /home/elizabeth/MREN203_Trover/install/trover_description/share/trover_description/cmake/trover_descriptionConfig-version.cmake
[1.824s] -- Up-to-date: /home/elizabeth/MREN203_Trover/install/trover_description/share/trover_description/package.xml
[1.826s] Invoked command in '/home/elizabeth/MREN203_Trover/build/trover_description' returned '0': CMAKE_PREFIX_PATH=${CMAKE_PREFIX_PATH}:/home/elizabeth/MREN203_Trover/install/trover_state_estimation:/home/elizabeth/MREN203_Trover/install/trover_slam:/home/elizabeth/MREN203_Trover/install/trover_navigation:/home/elizabeth/MREN203_Trover/install/trover_communication:/opt/ros/humble /usr/bin/cmake --install /home/elizabeth/MREN203_Trover/build/trover_description
